name,description,difficulty,type,image_url,muscles_stretched,muscles_strengthened,muscle_action,prerequisites,tags,url
90-90 Side Foot Lifts,"Flexibility Focus: Hip Internal Rotation This active variation of the 90-90 stretch works on strengthening our hip internal rotators while our leg is in an abducted (open out to the side) position. Even while we rarely use this amount of internal rotation in most stretches/poses, working on our hip rotation is important to help strengthen the stabilizing muscles in our hips, to allow us to stretch deeper in other hip positions. Start in a 90-90 stretch: sitting on the floor (or 1-2 yoga blocks), splay your legs out like a pinwheel. Bring your left knee in front of your left hip, rotating your thigh outwards and splaying your foot across your body (this leg will be externally rotated ). Bring your right knee out to the side of your right hip, with your thigh rotated forwards, foot kicked back behind you (this leg will be internally rotated ). Both knees should be bent 90 degrees. If this feels uncomfortable on your knees or pinch-y in your hips, sit on a yoga block or two (it’s fine if the front knee isn’t touching the ground. We’re going to work on the right leg (the internally rotated leg). Keeping the right knee on the floor, making sure it’s still anchored directly out to the side of your hip, try to lift your foot/ankle off the ground (rotating your right thigh towards the floor), then bring the foot back down. If it only lifts an inch or two, that’s great - we want this exercise to be challenging! If you can’t lift the foot at all, lean your torso off to the left (away from the working leg) until you can lift the foot. Repeat for 8-12 reps. Sit on 1-2 yoga blocks. Lean away from the working leg. Sit as upright as possible. Start with a block under the working foot (increasing the amount of internal rotation we’re starting with) and work to lift the foot off the block instead of the floor.",All Levels,Active Dynamic,http://static1.squarespace.com/static/5ea57caad08f387b2e9827bd/61c7ae9bf497521cde72e756/6390af68d203294aab5e7866/1671329142912/90-90+Side+Foot+Lift+-+thumb.png?format=1500w,,Hip Internal Rotators,Hip flexion; Hip extension; Hip rotation,none,Active Hip Internal Rotation,https://www.daniwinksflexibility.com/flexopedia/90-90-stetch-side-foot-lifts
Active Lunge Rocks with a Band,"This is a “mean” (I say “mean” because hoooo boy is it a challenge!) active deep lunge exercise that works on strengthening our quads while they’re in a deeply stretched position. I like to pair this drill with lunge rocks with a block as a compliment to hit the muscles on the other side of the joint as well. Start kneeling, and loop a miniband around one leg between the ankle and the top of your thigh (if you don’t have a miniband, you can tie a regular resistance band into a smaller loop). Step back into a kneeling lunge with your lassoed leg in back (knee on the floor) and free leg in front (knee stacked on top of the ankle). Lift your chest so your torso is upright. Engage your quads in the back leg by lightly kicking your ankle into the band. Keep that tension in the band (keeping kicking into it) as you slowly rock your hips forwards and backwards. You should be feeling a stretch in the back leg quads (front of the thigh) and hip flexors (front of the hip), as well as a strong squeeze through the quads. Continue to keep the back ankle pressing into the strap as your rock your hips for 10-30 seconds. Use a less stiff resistance band . This will let you kick the back foot farther away, lessening the intensity of the quad stretch (if the band starts to slip down the back thigh, you can hold it in place with your hands). Use a narrower band , or knot your current band to make it narrower. The closer we keep the heel to the butt, the deeper the quad stretch (and the more challenging it is to contract our quads).",Intermediate,Active Dynamic,http://static1.squarespace.com/static/5ea57caad08f387b2e9827bd/61c7ae9bf497521cde72e756/638ffe81f843f2256ff24ccb/1670816385294/lunge+rocks+with+a+band+-+thumb.png?format=1500w,"Quads, Hip Flexors",n/a,Knee extension; Hip flexion,Can pull your foot close to your butt in a lunge with no knee discomfort,"Active Quad Stretch - Quads, Active Hip Flexor Stretch - Quads",https://www.daniwinksflexibility.com/flexopedia/active-lunge-rocks-with-a-band
Active Lunge Rocks with a Block,"This is very much a “feel the burn” (in a productive / good way!) type drill. By adding a block squeeze, we encourage our hamstrings to engage and hip flexors and quads to relax while we rock our hips forwards and backwards in our lunge. I like to pair this drill with lunge rocks with a band as a compliment to hit the muscles on the other side of the joint as well. Start in a kneeling lunge with your hips square , and torso lifted. Kick your back foot toward your butt and squeeze a yoga block (the long way) between your heel/ankle and butt. (If that placement feels awkward you can try squeezing the block between your lower calf and upper thigh - really we just want to be able to consistently kick the back leg into the block to keep it smooshed into our upper leg). This should feel like a solid contraction in our hamstrings (muscles in the back of the thigh). Keeping your torso lifted, keeping the back leg squishing the block into your butt, rock your hips forwards and backwards. You should be feeling a stretch in both your hip flexors (front of the back leg hip) and quads (front of the back leg thigh). Continue rocking your hips for 10-30 seconds. Lose the block . Just actively squeeze your heel towards your butt the whole time as much as you can (but no using your hands!) Rotate the block to a narrower width . This will keep your heel closer to your butt, increasing the quad stretch.",Intermediate,Active Dynamic,http://static1.squarespace.com/static/5ea57caad08f387b2e9827bd/61c7ae9bf497521cde72e756/638ffd2246ca3a6e8f7a28a2/1671144593061/lunge+rocks+with+a+block+-+thumb.png?format=1500w,"Quads, Hip Flexors",n/a,Knee extension; Hip flexion,Can pull your foot close to your butt in a lunge with no knee discomfort,"Active Quad Stretch - Hamstrings, Active Hip Flexor Stretch - Glutes",https://www.daniwinksflexibility.com/flexopedia/active-lunge-rocks-with-a-block
Active Side Bend,"Ranges of Motion Trained: Spinal Lateral Flexion (Sidebending) This is one of my favorite drills to include in my upper back warm up because it helps the upper back start to get a gentle stretch in a range of motion that it’s good at moving in (sidebending) before I ask it to do more “challenging” ranges of motion (like backbending). From sitting or standing, raise both arms up overhead with arms straight and palms facing in. Keeping your waist vertical, slowly lean over to one side, thinking about reaching up and away with the arms, not folding in half at the waist (unless you want to turn this into a side bend more for your mid and lower back). Come back to center, and slowly lean over to the other side. Repeat, leaning side to side for 15-30 seconds. Cross your arms in front of your chest instead of reaching them overhead. Add some shoulder engagement by holding onto a yoga block and pushing it up towards the ceiling as you tilt to each side (shrugging shoulders up towards the ears, and gently pressing hands in on the block to not drop it). Make sure your arms stay straight!",All Levels,Active Dynamic,http://static1.squarespace.com/static/5ea57caad08f387b2e9827bd/61c7ae9bf497521cde72e756/6436b52e4a1f5250eb352702/1681569046704/Active+Side+Bend.png?format=1500w,Back,n/a,Spinal extension; Shoulder retraction,none,Active Back Stretch - Spinal Lateral Flexion,https://www.daniwinksflexibility.com/flexopedia/active-side-bend
Active Straddle Hover,"This is a great active strengthener for our hamstrings (especially for students interested in strengthening their straddle pancake). It’s also great conditioning for aerialists looking to build the strength to hold a straddle in the air with silks supporting the ankles. I originally learned this butt-kicked from Micah Walters (who is a great resource for active flexibility knowledge if that’s your jam!) Start sitting in a straddle with your legs open out to the side. Bend your knees and slide yoga blocks under your thighs. Where you place the blocks will impact the difficulty of this drill (closer to your hips = easier, closer to your feet = harder). I suggest starting with the blocks very close to your hips, and adjusting them farther away if you need more of a challenge. With the blocks supporting your thighs, engage your quads to straighten your legs. Keeping your legs straight, and back flat, lean forwards as you press the underside of your legs down into the blocks (this will contract your hamstrings) trying to lift your butt off the ground for a moment, then drop your butt back down to the floor with control. If it’s feeling pretty easy to lift your butt, slide the blocks farther down your thighs, closer to your knees (or past your knees) until it feels challenging. Aim for 5-10 butt lifts, and if you’d like a special challenge, end with a 10-20 second hold. Start with the blocks as close to your hips/butt as possible (that means your knees will need to bend a lot to slide the blocks in place). Push your hands into the floor to help lift your hips, then take your hands off and try to slowly lower down with control. Move the blocks farther away from your hips. Eventually once you build the strength/flexibility, you can do this drill with blocks under your heels.",Intermediate,Active Static / Active Dynamic,http://static1.squarespace.com/static/5ea57caad08f387b2e9827bd/61c7ae9bf497521cde72e756/6390b3eb9400ff0989ebc1c2/1676850338969/Active+Straddle+Hover+-+thumb.png?format=1500w,"Hamstrings, Adductors",n/a,Hip extension; Knee flexion; Hip adduction,Can comfortably sit in a straddle on the floor with leg straigh and a flat back and do a small forward fold.,"Active Hamstring Stretch - Hamstrings, Active Adductor Stretch - Glutes",https://www.daniwinksflexibility.com/flexopedia/active-straddle-hover
Alligator Arms Hug,"Range of Motion Stretched: Shoulder Protraction This is a great variation to Eagle Arms for students with tighter shoulders who can’t quite pretzel their arms around in that fancy bind. It’s a lovely stretch for the muscles between your shoulder blades. Cross both arms in front of your chest, like you’re giving yourself a hug, stacking both elbows on top of each other in front of your shoulders, resting your palms on the sides of your shoulder blades. Your elbows should be pointing forwards (kind of like you’ve just made a big alligator mouth with your arms) Keeping your elbows stacked on top of each other, press your elbows forwards, reaching them away from your chest. This will protract (slide apart and forwards) your shoulder blades, sliding them forwards around the sides of your ribs, stretching the muscles between your shoulder blades. Hold for 20-30 seconds. Don’t worry about pushing the elbows forwards , just work on getting the elbow-on-top-of-elbow hug position first Lift the elbows a bit higher , up to chin height",All Levels,Passive Static,http://static1.squarespace.com/static/5ea57caad08f387b2e9827bd/61c7ae9bf497521cde72e756/6436b41390532f7e65738a9f/1681319205396/Alligator+Arms+Hug.png?format=1500w,Shoulder,n/a,Shoulder internal rotation; Shoulder external rotation; Shoulder flexion,none,Shoulder Stretch - Miscellaneous,https://www.daniwinksflexibility.com/flexopedia/alligator-arms-hug
Angry Toddler's Pose,"Range of Motion Stretched: Spinal Flexion (Rounding) I’m not sure if this pose has an actual “official” name, but I’ve always called it “Angry Toddler’s Pose” because it’s kind of like Child’s Pose , but your hands are closer to your knees and you’re angrily pushing them into the floor like a cranky toddler throwing a tantrum. This is a great pose to gently stretch out the muscles in your back! Start in a child’s pose : kneeling with your butt sitting backwards (resting on your heels, floating/reaching towards your heels, or resting on a yoga block or two), arms reaching forwards. Slide your hands back closer to your knees, tuck your chin towards your chest, and press your hands firmly into the floor to round your back. Hold for 10-30 seconds. Experiment with knee position - try taking knees closer together, or farther apart, to see which is more comfortable Sit on a yoga block (or two, or three) to support the weight of your hips Add an arm lift (for reps) . In your Angry Toddler’s Pose, make a thumbs up sign with one hand, thumb pointing towards the ceiling. Keep pressing the other hand into the floor as you try to lift your thumbs up off the ground, and lower it down. Repeat for 10 reps on one arm, then switch arms.",All Levels,Passive Static,http://static1.squarespace.com/static/5ea57caad08f387b2e9827bd/61c7ae9bf497521cde72e756/6436b9449b5bbc065a0dc22d/1698418791471/Angry+Toddler%27s+Pose.png?format=1500w,Back,n/a,Spinal extension; Shoulder retraction,none,Active Back Stretch - Spinal Flexion,https://www.daniwinksflexibility.com/flexopedia/angry-toddlers-pose
Arched Back Pike Leg Lifts,"This variation of pike leg lifts is especially challenging because it isolates the hip compression strength from the core compression (which we sometimes also use to lift our legs). By maintaining an arch with our back, we keep the pelvis tilted forwards, making it even harder to lift our legs. This is a great end-range strengthener for the quads and hip flexors (strengthening them while they’re in a shortened position). Start sitting in a pike with your back against a wall. Raise your arms overhead and arch your back, pulling your belly forwards, making space between your low back and the wall. Keep your arms reaching back overhead, fingertips touching the wall. Keep this arched-back position for the duration of this exercise. Maintaining your back arch and arms reaching overhead, lift one leg off of the ground as high as you can while keeping that leg straight, then drop it back to the floor. Repeat for 8-12 leg lifts on one leg, then switch legs. Sit on a yoga block (elevate your hips). Place a physical support , like a foam roller, yoga block, or rolled up towel, between your mid back and the wall to help keep your back arched. Add a deeper backbend , leaning forwards farther with your belly.",Intermediate,Active Dynamic,http://static1.squarespace.com/static/5ea57caad08f387b2e9827bd/61c7ae9bf497521cde72e756/63bb5c8fd3aca05cbb7a3055/1673290116016/Arched+Back+Pike+Leg+Lifts.png?format=1500w,Hamstrings,n/a,Hip extension; Knee flexion,Can comfortably touch toes in a flat back pike stretch,Active Hamstring Stretch - Hip Flexors,https://www.daniwinksflexibility.com/flexopedia/arched-back-pike-leg-lifts
Arched Back Supine Leg Lifts,"Similar to Supine Leg Lifts with Hips on Block(s) , this back-lying leg lift variation is made more challenging by adding a back arch, encouraging the pelvis to tilt forwards, making it harder to lift the leg toward the chest. By working in a slightly deeper (but supported) backbend, we strengthen our quads and hip flexors to more deeply flex our hips in backbends like bridges (helping kick one leg up in the air) and contortion handstands (helping kick the legs into a flatter split in the air). Start lying on your back on the floor. Place a low physical support, like a foam roller or a yoga block under your lower mid back so you can arch your back while still keeping the back of your hips and head on the floor. Straighten both legs and point your toes. If this is uncomfortable on your back - try a lower support, or find another exercise . Keeping your left leg flat on the floor (don’t let it start to float up), lift your right leg with control as high as you can (with control, don’t use momemntum), kicking it towards the ceiling / towards your chest - this should feel like a strong squeeze in your quads in the front of your thigh and hip flexors in the front of your hip. Then slowly lower the left leg back to the floor. Repeat for 8-12 leg lifts on the right leg, then switch to the left leg. Make your back support smaller , like using a rolled up towel instead of a yoga block. Increase the arch in your back by making the back support taller (so long as that feels OK on your back!) Flexopedia Arched Back Pike Leg Lifts",Intermediate,Active Dynamic,http://static1.squarespace.com/static/5ea57caad08f387b2e9827bd/61c7ae9bf497521cde72e756/63bb5e799eb5c344a3a186a5/1673290126729/Arched+Back+Supine+Leg+Lifts.png?format=1500w,Hamstrings,n/a,Hip extension; Knee flexion,Can lift a straight leg well past 90 degrees when doing supine leg lifts with the other leg flat on the ground & can bridge comfortably,Active Hamstring Stretch - Hip Flexors,https://www.daniwinksflexibility.com/flexopedia/arched-back-supine-leg-lifts
Arched Back Supine Leg Straightens,"I like this as a companion exercise to Arched Back Supine Leg Lifts because it challenges our quads in a slightly different way. We still focus on contracting the hip flexors to keep our hip flexed, but we alternate bending and straightening the knee to increase and decrease the hamstring stretch component. This can be a great quad strengthener if you tend to microbend your knee in bridge leg lifts or aerial splits. Start lying on your back with a yoga block (on the low height setting) under your mid back, helping support an arch in your back. Make sure the block is far enough away from your hips that the back of your hips can rest on the floor and you can straighten your legs. If this is an uncomfortable amount of arch for your low back, try a smaller support, or try a different exercise. Never push through pain! Keeping your left leg flat on the floor, bend your right knee and kick it in towards your chest as much as you can without your hips lifting off the floor. Don’t use your hands to pull the leg in, only kick it in as much as you can using your hip muscles. Keeping the right thigh squeezing towards your belly, and knee squeezing towards your chest, kick the right leg all the way straight. Keep squeezing the straight leg in toward your chest for a moment, then bend the knee. Alternate straightening and bending the knee 8-12 times, all the while keeping the leg squeezing towards your chest - try not to let it drift away! Use a lower height support object like a rolled up towel. Use a taller backbend support object , like a foam roller or two yoga blocks (only if that feels comfortable on your back!)",Intermediate,Active Dynamic,http://static1.squarespace.com/static/5ea57caad08f387b2e9827bd/61c7ae9bf497521cde72e756/63bb6524fcfa9f723e3c7693/1673290146873/Arched+Back+Supine+Leg+Straightens.png?format=1500w,Hamstrings,n/a,Hip extension; Knee flexion,Can lift a straight leg well past 90 degrees when doing supine leg lifts with the other leg flat on the ground & can hold a comfortable bridge.,"Active Hamstring Stretch - Hip Flexors, Active Hamstring Stretch - Quads",https://www.daniwinksflexibility.com/flexopedia/arched-back-supine-leg-straightens
Arm Across the Chest Stretch,"This stretch will always remind me of P.E. class, definitely one of the old-school classics that everyone would randomly do when they didn’t know what to stretch XD. The actual purpose of this stretch is to stretch out your posterior delts and some of the other muscles on the backside of your shoulder. Keeping your shoulder low (avoid letting the shoulder shrug up towards your ears), hug your arm in toward your upper body until you feel a stretch on the outside/back of your shoulder. You can keep the arm straight, or bend the elbow if you prefer. I like to keep the arm straight and do some wrist circles in that free hand at the same time (multitasking!) Hold this stretch for 20-30 seconds.",All Levels,Passive Static,http://static1.squarespace.com/static/5ea57caad08f387b2e9827bd/61c7ae9bf497521cde72e756/63f5555b4b631a7cf5aea0fa/1677251368937/Arm+Across+The+Chest+Stretch.png?format=1500w,Shoulder,n/a,Shoulder internal rotation; Shoulder external rotation; Shoulder flexion,none,Shoulder Stretch - Miscellaneous,https://www.daniwinksflexibility.com/flexopedia/arm-across-the-chest-stretch
Arm Circles,"I actually felt a little silly making a whole entry for this exercise because almost everyone knows how to do it intuitively - but I still wanted to list it! So I’ll include some variations I like to “spice it up” and make it a bit more challenging/interesting than just regular ol’ arm circles. Standing or kneeling, extend your arms out to the sides and start to trace big circles. These can be relaxed/floppy circles, making them as big (or as small) as feels comfortable. Don’t worry if you hear/feel some popping or clicking in your shoulders (as long as it doesn’t hurt!). Do 5-10 relaxed circles in one direction, then switch directions Small-to-big - Start with your arms straight out to the side at shoulder height, making the tiniest circles you can. Slowly start making your arm circles bigger, until you’re doing them as big as you can, then switch directions and shrink them back down to tiny circles Go-go gadget arms - Slow down your big arm circles, actively reaching your arms as long as you can (imagining you are doing “go go gadget arms”), trying to trace the biggest circle with your fingertips humanly possible. You should be able to feel your upper arms and shoulders engage as you reach in each direction. Hand reach/touch challenge - This is another variation best done slowly. Keeping your arms straight, try to keep your hands as close to each other as you can as you circle your arms. When your arms are in front of your body, that’s easy! So when arms are in front, touch your fingertips together. As you’re circling your arms backwards, keep those fingertips reaching towards each other as much as you can even when they are pulled apart. As soon as you can bring those hands together again, bring the fingertips back to touch (this might be behind your hips or in front).",All Levels,Active Dynamic,http://static1.squarespace.com/static/5ea57caad08f387b2e9827bd/61c7ae9bf497521cde72e756/63ebaf12f192803a50353193/1676847301079/Arm+Circles.png?format=1500w,Shoulder,n/a,Shoulder internal rotation; Shoulder external rotation; Shoulder flexion,none,Shoulder Stretch - Circumduction,https://www.daniwinksflexibility.com/flexopedia/arm-circles
Arm Swings,"This is part of my regular shoulder mobility warm-up (along with a whole slew of variations of arm circles and other drills). Holding your arms out at shoulder height , palms facing up, criss-cross your arms in front of your body, then pull them open reaching your thumbs behind you. Continue to criss-cross then open for a couple of swings (ideally alternating which arm you’re criss-cross-ing on top in the front). Keep the criss-cross-and-open motion going, but take your arms off at a diagonal : swinging one arm a little higher than shoulder height, the other a little lower than shoulder height. Repeat for a couple of swings, then do the same at the other diagonal. End with swinging your arms forwards-and-backwards vertically, one arm reaching up-and-back, the other reaching-down-and-back, then switch. Repeat for a couple of swings.",All Levels,Active Dynamic,http://static1.squarespace.com/static/5ea57caad08f387b2e9827bd/61c7ae9bf497521cde72e756/63f5568bf65e202dab52f4cf/1681306447811/Arm+Swings.png?format=1500w,"Chest, Shoulder",n/a,Shoulder horizontal adduction; Shoulder internal rotation; Shoulder external rotation; Shoulder flexion,none,"Chest Stretch, Shoulder Stretch - Miscellaneous",https://www.daniwinksflexibility.com/flexopedia/arm-swings
Awkward Sun Tan,"This is one of my go-tos for a passive shoulder extension stretch that stretches the front of the shoulder and chest. Start sitting on the on the floor. Plant your hands behind you, about shoulder-width apart (wider is OK if that feels better) with palms down, fingers facing away. Crawl your hands backwards or scoot your butt forwards until you start to feel a stretch in the front of your shoulders. If you feel any discomfort on your elbows, slide your hands closer to your butt and bend your elbows, trying to point them straight back. Hold this stretch for 15-20 seconds. Keep the hands closer to your butt. Spread the arms a bit wider than shoulder-width apart. Let your head drop back (only if this feels OK on your neck!) to add a bit of gentle pressure from the weight of your head.",All Levels,Active Static,http://static1.squarespace.com/static/5ea57caad08f387b2e9827bd/61c7ae9bf497521cde72e756/6431666e17bde318eee02829/1680960646505/Awkward+Sun+Tan.png?format=1500w,"Chest, Shoulder",n/a,Shoulder horizontal adduction; Shoulder internal rotation; Shoulder external rotation; Shoulder flexion,none,"Chest Stretch, Active Shoulder Stretch - Extension",https://www.daniwinksflexibility.com/flexopedia/awkward-sun-tan
Back Extensions,"Range of Motion Strengthened: Back extension Anyone who's taken a back flexibility class from me knows I’m obsessed with back extensions - these really are the bread-and-butter of active back flexibility training. I typically use several variations within a given training session (to focus on different back/shoulder engagement or stretches), but this is the “default” variation I usually start with. Unlike back extensions done on a machine at the gym, I strongly encourage students to do these lying on the floor and not allow the legs to help with the lift. Keeping the legs flat on the floor ensures the majority of the strengthening from this exercise is targeted to our back, and not our glutes and hamstrings. Start lying face-down on the floor, legs about hip-width apart (a little wider is fine), arms relaxed by your sides. Engage your transverse abdominis by sucking your belly button in towards your spine (technically this isn’t “necessary” to protect your low back unless you’re going into quite a deep arch, BUT I like to encourage students to get in the habit of trying this ab engagement in small backbends like their backbend) - keep this engagement throughout the exercise. Keeping your legs on the floor (don’t let them float up like in a Superman), lift your chest off the ground as high as you can - you should feel a strong squeeze in your erector spinae , the muscles running up and down each side of your spine, as well as a small squeeze in your glutes. Then slowly lower back down to the ground with control. Repeat for 8-12 chest lifts total. Keep ‘em small! No need to lift your chest super high off the ground, even just a tiny chest lift will engage those erector spinae muscles in your back. Anchor your feet under a couch , other heavy furniture, or use a back extension machine at the gym - this allows you to use your hamstrings, glutes, and lower back to help with the backbend. Try a different arm variation , like resting your palms at your low back, taking you",All Levels,Active Dynamic,http://static1.squarespace.com/static/5ea57caad08f387b2e9827bd/61c7ae9bf497521cde72e756/63ebfe125039c97cbd799884/1676848926722/Back+Extensions.png?format=1500w,Back,n/a,Spinal extension; Shoulder retraction,none,Active Back Stretch - Spinal Extension,https://www.daniwinksflexibility.com/flexopedia/back-extensions
Back Extensions with Block Lift,"Range of Motion Strengthened: Back extension, shoulder flexion Unlike back extensions with elbow squeezes , this variation of back extensions uses shoulder engagement to make the drill more challenging. But on the plus side, this is a great two-for-one that works on our active back and shoulder flexibility at the same time! Start lying face-down on the ground, legs spread about hip-width apart. Holding a yoga block on the “wide” setting between your hands, reach your arms forwards as far as you can, as if you were pushing the block as far away from your face as possible (you should feel your shoulders shrug up towards your ears if you are really reaching actively!) Keeping your legs on the floor, and keep pushing the block forwards, lift your chest off the ground (it’s OK if the arms lift too). Once you’ve lifted your chest as high as you can, raise your arms to reach the block towards the ceiling just for a moment. Make sure you are pushing the block forwards-and-up, and not letting the elbows bend. Slowly lower your chest and arms back to the floor. That’s one rep. Repeat for 8-12 reps. Lose the block and the arm lift. Just work on your “regular” back extensions with your arms reaching forwards. Bend your elbows 90 degrees and keep them squeezing towards each other the whole time (if your arms are long enough, you can even put a second block between your elbows in addition to the one between your hands).",All Levels,Active Dynamic,http://static1.squarespace.com/static/5ea57caad08f387b2e9827bd/61c7ae9bf497521cde72e756/63f3a3ed1d57e52b10a460da/1681342474670/Back+Extensions+with+Block+Lift.png?format=1500w,"Back, Shoulder",n/a,Spinal extension; Shoulder retraction; Shoulder internal rotation; Shoulder external rotation; Shoulder flexion,none,"Active Back Stretch - Spinal Extension, Active Shoulder Stretch - Flexion",https://www.daniwinksflexibility.com/flexopedia/back-extensions-with-block-lift
Back Extensions with Elbow Squeeze,"Range of Motion Strengthened: Back extension I love this variation on the “regular” back extension because it helps us use some of our shoulder and other back muscles - like our lats - to help lift our chest into a deeper backbend. Start lying face-down on the floor, legs hip-width apart. Open your arms out to the side in a “robot” position: elbows bent 90 degrees, resting on the floor in line with your shoulders. Keeping your legs on the floor, lift your chest as high as you can off the floor - this should feel like a squeeze in your erectors , the muscles running up and down each side of your spine. Keeping your chest lifted, add squeezing your elbows together towards your hips, trying to lift your chest a little bit higher as you squeeze those elbows together. Slowly lower back down to the ground. Repeat for 8-12 back extensions total. Keep ‘em small! No need to lift your chest super high off the ground, even just a tiny chest lift will engage those erector spinae muscles in your back. Hold the elbow squeeze for longer. Instead of keeping the squeeze brief, try to hold it for 1-2 seconds before lowering to the ground.",All Levels,Active Dynamic,http://static1.squarespace.com/static/5ea57caad08f387b2e9827bd/61c7ae9bf497521cde72e756/63f3a2f0276b3e6d7864592d/1677332041009/Back+Extensions+with+Elbow+Squeeze.png?format=1500w,Back,n/a,Spinal extension; Shoulder retraction,none,Active Back Stretch - Spinal Extension,https://www.daniwinksflexibility.com/flexopedia/back-extensions-with-elbow-squeeze
Back-To-Wall Standing Split,"This is another challenging alternative to wall standing splits - on one hand you can “relax” leaning into the wall for a deeper hamstring stretch, but on the other you have to actively lift with the other leg to find your split position (engaging the glutes, stretching the hip flexors, and deepening the hamstring and calf stretch in the bottom leg). Start in a forward fold, leaning into the wall: bending your knees, forward fold and walk yourself close enough to the wall that you can lean the back of your shoulders and upper back into the wall, with feet relatively close to the wall. Straighten your knees (a slight microbend is OK). This should feel like an intense hamstring (and possibly calf) stretch. Keep leaning your back into the wall in your forward fold, extend one leg straight out behind you, and kick it up towards the wall as high as you can. Make sure the leg is kicking straight up, and not tilting off to one side. Actively hold the extended leg in the air, reaching it towards the wall, for 10-30 seconds. Then switch legs. Elevate the heel of the bottom leg to minimize the calf stretch. Slightly bend the bottom knee. Lose the wall and try three-legged down dog leg lifts or standing split kicks instead . Elevate the ball of the bottom foot on a yoga block or rolled up yoga mat to deepen the calf stretch. Lose the wall and try a regular ol’ active standing split without the wall support.",Intermediate,Static Active,http://static1.squarespace.com/static/5ea57caad08f387b2e9827bd/61c7ae9bf497521cde72e756/63ea5b3ed3d4d61f19a28fb8/1676375940715/Back-To-Wall+Standing+Split.png?format=1500w,"Hip Flexors, Hamstrings",n/a,Hip flexion; Hip extension; Knee flexion,Can do a version of a wall standing split (does not have to be flat!),"Active Hip Flexor Stretch - Glutes, Passive Hamstring Stretch",https://www.daniwinksflexibility.com/flexopedia/back-to-wall-standing-split
Banded Kneeling Lunge Foot Fishtails,"This lunge variation adds an extra challenge of engaging our hip external rotators while we’re in a hip flexor stretch. Working on our hip rotation in this position not only makes the hip flexor stretch more challenging (because we’re adding movement!), but it also helps strengthen our external rotators. This is a great drill for students working to improve their “turn out” (standing hip external rotation). Shoutout to Dr. Jen Crane ( @cirque_physio ) for teaching me this drill - I love love love it! You’ll need a long stretchy resistance band for this drill. I use a superband, but you can tie a knot in a long TheraBand to make a loop as well. You’ll also want to be able to pivot the back knee on the floor, which might be more comfortable if you add some padding under the knee. Start in a kneeling lunge position. Take a long looped stretchy band and loop it between your front ankle and your back foot (flexing the foot to help hold the band in place). Make sure the band is going around the outside of the back leg, and not between your thighs. Once you’ve got the band set up, adjust your stance so that you’re feet are far enough apart that you’re feeling a stretch in the front of the back leg’s hip (in your hip flexors). Keeping your torso lifted, and both hip bones “square” (pointing forwards), use your back knee as a pivot point as you rotate your back thigh towards the outside, “fishtailing” your back foot/shin across your body. You should be pushing the inside of the back foot into the resistance band against resistance (so make sure the band isn’t between your thighs and helping you make this stretch easier - the point of the band is to make it harder!). Make sure your hips aren’t opening out to the side as you rotate your thigh outwards. Only the leg should be moving, not your pelvis. Rotate your thigh back towards a neutral position (facing forwards), bringing your back foot back in line with the back knee. That’s one rep. Repeat for 8-12 reps. Lose the band. G",All Levels,Active Dynamic,http://static1.squarespace.com/static/5ea57caad08f387b2e9827bd/61c7ae9bf497521cde72e756/6397994ee4690f5bd27973a6/1671327305770/Banded+Lunge+Fishtails+-+Thumb.png?format=1500w,Hip Flexors,Hip External Rotators,Hip flexion; Hip extension; Hip rotation,none,"Passive Hip Flexor Stretch, Active Hip External Rotation",https://www.daniwinksflexibility.com/flexopedia/banded-kneeling-lunge-foot-fishtails
Seated Hip Internal Rotation with a Band,"Adding a resistance band to this drill helps engage and strengthen our hips’ internal rotators . Consider pairing this exercises with a seated banded external rotation drill to strengthen both ranges of motion and ensure your stabilizer muscles are firing before you tackle deeper hip stretches. Start sitting in a chair. Loop a narrow resistance band (either a mini loop or a longer band you’ve tied into a smaller loop that’s about the width of your hips) around both of your ankles. Place a yoga block on the “skinny” width between your knees for support. Gently pressing your knees into the block, lift one foot out to the side, pressing the outside of the ankle into the resistance of the band. Your thigh will rotate towards your midline ( internal hip rotation ). Be careful not to let the leg lift off the chair. Hold this squeeze for just a momnet. Then let the foot relax back to the floor (thigh rotating back toward the ceiling). Repeat for 8-12 reps. Lose the resistance band . Work through this same range of motion with no band. Remove the yoga block. Engage the outside of your hip to keep space between your knees as you internally rotate your working leg (don’t let the knees cave together).",All Levels,Active Dynamic,http://static1.squarespace.com/static/5ea57caad08f387b2e9827bd/61c7ae9bf497521cde72e756/639003bafc907c47282d03d1/1671319434227/seated+hip+internal+rotation+-+thumb.png?format=1500w,,Hip Internal Rotators,Hip flexion; Hip extension; Hip rotation,none,Active Hip Internal Rotation,https://www.daniwinksflexibility.com/flexopedia/banded-seated-internal-hip-rotation
Banded Spider Straddle Leg Opens,"This drill works on strengthening our hip external rotators while we’re in a straddle position. This helps support wider straddles and middle splits (because our rotator muscles help stabilize our hips in those positions), and deeper straddle pancake forward folds (because our hip rotators are what help tilt/rotate our hip bones forwards in our pancake stretch). Start sitting on the floor with your legs splayed out to the sides knees slightly bent, feet planted wide (basically a straddle with your knees bent - I like to think of a bent knee straddle as a “spider” straddle). Loop a light/medium resistance band around one thigh, and use your hand to anchor the band down on the floor inside the leg (this will be our working leg). You want to pull on the band enough that the looped leg rotates inwards slightly, pulling the knee towards your midline, with a little bit of tension in the band. The other leg (the one without the band) can stay bent, or you can flatten it on the floor if you prefer. Keeping the foot of your working leg in the same spot (don’t let it slide), engage your outer hips to push the outside of your thigh into the band (against the resistance) as you try to push your knee towards the outside. This will rotate your thigh towards the outside (that’s our hip external rotation !). Once you’ve opened your working leg knee as far to the outside as you can (thigh externally rotated), relax the leg and let the band pull it back to the starting position (thigh internally rotated). Repeat for 8-12 knee opens. Use a lighter resistance band, or no band at all. Bend the working leg knee more. Hold the resistance band in place with your foot instead of your hand so you don’t have to lean forwards. Sit on a yoga block (or two!) Widen your straddle (but still keep the working leg knee bent) Bend the working leg knee a bit less (you need some knee bend to be able to push into the band for resistance, so don’t straighten it entirely).",All Levels,Active Dynamic,http://static1.squarespace.com/static/5ea57caad08f387b2e9827bd/61c7ae9bf497521cde72e756/63aef3352a28983f251be3d0/1673532468520/Banded+Spider+Straddle+Leg+Opens+-+thumb.png?format=1500w,,Hip External Rotators,Hip flexion; Hip extension; Hip rotation,none,"Active Hip External Rotation, Active Adductor Stretch - Glutes",https://www.daniwinksflexibility.com/flexopedia/banded-spider-straddle-leg-opens
Banded Windshield Wipers,"Adding a resistance band to windshield wipers turns this hip mobility drill into more of an active flexibility challenge. I like this hip rotation drill because it works on engaging both our internal rotators and external rotators as we move our legs side to side. Start sitting on the ground. Loop a narrow resistance band around your lower thighs (right above your knees), bending your knees and planting your feet slightly wider than hip-distance apart on the floor. Press your outer thighs into the resistance band to put tension in the band. Your goal is to keep some constant tension in the band throughout this exercise. Keeping your feet planted and knees pushing out into the resistance band, lean both of your knees over to one side as far as you comfortably can (without any knee pain) while keeping your hips firmly planted on the floor. Then send your knees over to the other side. Continue “windshield wiper-ing” your knees side to side, 5-10 times to each side. Lose the band. Do non-banded windshield wipers . Lean back slightly. Experiment with the position of your feet , taking them closer together, or farther apart - you may find a position for your feet/hips that feels more comfortable (but still challenging). Add a knee lift .",All Levels,Active Dynamic,http://static1.squarespace.com/static/5ea57caad08f387b2e9827bd/61c7ae9bf497521cde72e756/63979648460df37c3b1ea2a1/1671319312985/Banded+Windshield+Wipers+-+Thumb.png?format=1500w,,"Hip Internal Rotation, Hip External Rotation",Hip flexion; Hip extension; Hip rotation,none,"Active Hip Internal Rotation, Active Hip External Rotation",https://www.daniwinksflexibility.com/flexopedia/banded-windshield-wipers
Banded Windshield Wipers with Knee Lift,"Slightly more challenging than regular banded windshield wipers , adding a knee lift to this drill helps challenge our internal rotators even more by maintaining our hip internal rotation while we lift the leg. Start sitting in a setup for banded windshield wipers : sitting on the ground, band looped around your inner thighs near your knees, knees bent, feet on the floor, knees pushing out into the band to hold tension in the band. “Windshield wiper” your knees over to one side, being careful to keep both hip bones anchored to the floor (don’t let your hips tilt/twist as your legs lean over to one side). Focus on the “inside” leg (the knee that’s closer to your midline - this is the leg that’s in hip “internal rotation”) - keeping tension pressing into the resistance band, lift the inside leg up so the knee lifts an inch or two and the foot comes off of the ground. Hold the knee lifted just for a moment, then drop the foot back down to the floor. “Windshield wiper” your knees over to the other side, and lift your other leg up for a moment, then drop it down. Continue going side to side and lifting the inside leg for 5-10 reps on each side. Nix the knee lift . Just work on the side-to-side windshield wiper strength with the band. Lose the band. Go through the same range of motion without the band. Add a “karate kick.” Once you’ve lifted the inside leg off the ground, kick the leg straight for a moment, then re-bend the knee, bring the foot back to the floor, and continue your windshield wipers.",All Levels,Active Dynamic,http://static1.squarespace.com/static/5ea57caad08f387b2e9827bd/61c7ae9bf497521cde72e756/63979740a648080175a8decc/1671319345570/Banded+Windshield+Wipers+w+Knee+Lift+-+Thumb.png?format=1500w,,"Hip Internal Rotation, Hip External Rotation",Hip flexion; Hip extension; Hip rotation,none,"Active Hip Internal Rotation, Active Hip External Rotation",https://www.daniwinksflexibility.com/flexopedia/banded-windshield-wipers-with-knee-lift
Block Lunge Lean Backs,"* While we aren’t actually stretching the muscles in our back at all (remember, back bending is really front lengthening !), colloquially most people do think of backbends as “back stretches” so I’m listing it as such * This isn’t a truly “passive” stretch (because we are engaging our core and our glutes), however the strengthening component is fairly minor, so I’m considering it mostly passive This deep lunge variation adds a (hand-supported) backbend to get our bodies used to opening our hip flexors to allow more extension (arching) on our low back without crunching our vertebrae together. Only recommended for students who already have a very flat lunge. For students with a less-flat lunge, I’d suggest trying this other hand-supported backbend lunge variation instead. Start in a low kneeling lunge with a block under your front foot. Make sure the front foot is stacked over the front ankle, and both hip bones are “square” (pointing forwards) Bring your hands to the underside of your front thigh for support. Engage your abs by sucking your belly button in, and engage your glutes (especially the glutes in the back leg!) to push your hips forwards. Keeping these engagements, start to open your chest towards the ceiling, leaning back. Keep weight in your hands (elbows bent, biceps engaged) to help support the weight of your torso. You can let your head fall back if that’s comfortable on your neck, or keep your chin tucked (looking forwards as you arch) if you prefer not to add the neck arch. Hold for a slow count of 10, then come out (optional: add a forward fold as a counter stretch to help “reset” your back). Repeat 2-3 more times if desired. Keep lots of weight in your hands/arms as you lean back. Add a second block under the front foot. Depending on your flexibility and strength, this may actually make it easier or harder. Adding a second block tilts our lunge farther up/back, meaning gravity “pushes” more on out torso. This can make the backbend deeper / more chal",Intermediate,“Passive” Static,http://static1.squarespace.com/static/5ea57caad08f387b2e9827bd/61c7ae9bf497521cde72e756/63900058d4577b29a9e855b2/1676840108691/Block+Lunge+Lean+Back+-+thumb.png?format=1500w,"Hip Flexors, Back",n/a,Hip flexion; Spinal extension; Shoulder retraction,Can comfortably hold an almost-flat kneeling lunge,"Passive Hip Flexor Stretch, Passive Back Stretch - Spinal Extension",https://www.daniwinksflexibility.com/flexopedia/block-lunge-lean-backs
Bow Pose,"Bow pose is a great active back (and shoulder!) stretch that helps use the strength of our quads to assist a deeper backbend. Start lying on your stomach, legs splayed about hip-width apart (wider is fine if that’s more comfortable. Bend your knees, and reach back to grab your ankles (if you can’t reach your ankles, you can loop a strap around each ankle and grab the strap). Pick whatever hand position feels most comfortable - that could be hands grabbing the outside of the ankles (thumbs down), or hands grabbing the inside of the ankles (thumbs up). Press your feet into your hands (or the strap) to help lift your chest off the floor. Hold and breathe. If this is comfortable and you want to go deeper, you can try to lift your knees off the mat by kicking your toes towards the ceiling. You can also actively engage your spinal extensors (back muscles) by trying to pull the space between your shoulder blades towards your feet. Hold your bow pose for 5-20 seconds, then relax back down. Loop a strap around your ankles to make it easier to grab. Widen the knees just a little (for many students, knees-slightly-wider is easier). Lift your knees off the floor. Try rocking forwards and backwards. Let go of your hands and try to hold without the ankle grab!",All Levels,Active Static,http://static1.squarespace.com/static/5ea57caad08f387b2e9827bd/61c7ae9bf497521cde72e756/63cf0dc7622f3f4243c58a01/1676840063785/Bow+Pose.png?format=1500w,"Hip Flexor, Back, Shoulder",n/a,Hip flexion; Spinal extension; Shoulder retraction; Shoulder internal rotation; Shoulder external rotation; Shoulder flexion,none,"Active Hip Flexor Stretch - Quads, Active Back Stretch - Spinal Extension, Passive Shoulder Stretch - Extension",https://www.daniwinksflexibility.com/flexopedia/bow-pose
Butt-to-Wall Straddle Pancake Leg Lifts,"Muscles Stretched: Hamstrings , Adductors This back-lying hamstring stretch is a great variation for students who struggle to keep their back flat when trying to straddle pancake. It’s also a challenging strengthener for our hip flexors and hip external rotators, which can help you forward fold deeper in your seated straddle pancake. Start lying down on your back, butt close to (or touching) the wall, and extend your legs up the wall. If you have tighter hips, start with your butt a couple of inches away, if you have more flexible hips, starting with your butt touching the wall will make this more challenging. Open your legs out into a straddle, with your feet staying on the wall. If this feels like an intense stretch in the back of your thighs (hamstrings), scoot farther away from the wall, or slightly bend your knees. Keeping your spine and the back of your hips pressing down into the floor (don’t let your hips rotate or lift!), lift your legs away from the wall. This should feel like a squeeze in the top of your thighs (quads) and front of your hips (hip flexors) - you may also feel a squeeze in your outer hips (glutes) keeping your legs open out in the straddle. Then relax your legs back to touching the wall. If you can easily kick your feet more than a couple of inches away from the wall, you can work your hip rotation by trying to kick your feet, knees, and thighs down towards the floor (not just “away from the wall”) - aim to try to kick your toes down towards the floor. Repeat for 8-12 (controlled!) leg lifts. Start with your butt farther away from the wall. Slightly bend your knees. Keep your sits bones pressed to the wall the whole time. Start in a wider straddle. Add a yoga block or foam roller under your mid back and perform these leg lifts with a slight arch in your lower back.",All Levels,Active Dynamic,http://static1.squarespace.com/static/5ea57caad08f387b2e9827bd/61c7ae9bf497521cde72e756/63c80e78953c7f3790d70ade/1674499439391/Butt-to-Wall+Straddle+Pancake+Leg+Lifts.png?format=1500w,,Hip External Rotators,Hip flexion; Hip extension; Hip rotation,none,"Active Hip External Rotation, Passive Adductor Stretch, Active Hamstring Stretch - Hip Flexors",https://www.daniwinksflexibility.com/flexopedia/butt-to-wall-straddle-pancake-leg-lifts
Butterfly Stretch,"Flexibility Focus: Hip External Rotation , Adductors , Glutes The butterfly stretch can be quite an intense hip opener - by opening our legs out to the side in a dramatically externally rotated position (thighs face backwards behind us), it becomes a deep inner thigh (and potentially glute as well) stretch. Start sitting on the floor, or on 1-2 yoga blocks (for students with stiffer hips, I strongly recommend sitting on blocks!). Bend your knees and bring the bottoms of your feet together, sliding them in towards your groin. Traditionally, the butterfly stretch is done with the heels pulled in as close to your groin as you can, but if that feels uncomfortable on your hips or knees, you can experiment with sliding the feet farther away from your groin. Once you’ve adjusted your knees, udjust your spine: sit tall and upright to help un-round your low back. If you find it very challenging to sit up tall, elevate your hips by sitting on another block (that’ll make the stretch less intense on your glutes, which are likely forcing you to tuck your pelvis and round your low back). If you’d like a deeper stretch, you can: Grab your ankles and, keeping your back flat (don’t let that low back round!), pull yourself into a forward fold - even a small lean might change the intensity of the stretch Use your hands or forearms to gently press your thighs open, smooshing your knees down towards the floor Hold this passive stretch for 20-30 seconds. Don’t be shy about lifting those hips! Butterfly stretch can be a challenge because it asks for a lot of glute and inner thigh flexibility - starting sitting on a yoga block (or blocks) takes away some of the intensity of the glute stretch, allowing you to stretch more gently. Place blocks under your knees for support. Instead of actively pressing your knees towards the floor, give them a bolster/support by sliding blocks under the outside of your knees to keep them comfortably lifted. Put your feet on a yoga block. If you’re someone who",All Levels,Passive Static,http://static1.squarespace.com/static/5ea57caad08f387b2e9827bd/61c7ae9bf497521cde72e756/639735301386246084904c98/1671330743083/Butterfly+-+Thumb.png?format=1500w,"Glute, Adductor",n/a,Hip extension; Hip external rotation; Hip adduction,none,"Passive Hip External Rotation, Passive Glute Stretch, Passive Adductor Stretch",https://www.daniwinksflexibility.com/flexopedia/butterfly-stretch
Cat-Cow,"Ranges of Motion Trained: Back extension, back flexion This is a super common dynamic back stretch that many students are familiar with from yoga. First you round your back like an angry cat, then you arch your back like a skinny cow. Other naming variations include “happy dog - sad dog” (referring to the position of your “tail” either being lifted and happy, or tucked and sad), and “one hump camel - two hump camel” (referring to “one hump” when your round your back, and “two humps” of your head and butt when you arch). There are many different ways to do cat-cow (I even wrote a blog post with a bunch of variations I enjoy), including different ways to engage your muscles within the same exercise. This version I offer here isn’t necessarily the “best” way or the “right” way to cat-cow, but it’s a variation that includes some shoulder engagement that I find a fun challenge! Start in a tabletop position on hands and knees. If it’s uncomfortable having your palms flat on the floor, you can totally do this on two fists with your knuckles on the floor. Round your back by actively pressing your hands into the floor. Tuck your tailbone, suck your belly button in, lift your chest, and tuck the crown of your head down to the floor. Keep pushing your hands into the floor and feel your shoulder blades slide towards the sides of your ribs - you may even feel a stretch in the muscles between your shoulder blades. Hold for just a moment. Then arch your back as you drop your belly to the floor, lifting your tailbone, lifting the crown of your head. OPTIONAL shoulder engagement: squeeze your shoulder blades together towards your spine, and then try to pull the bottom of your shoulder blades down towards your hips. Hold your arched back position for a moment. Repeat, arching then rounding, for 5-10 reps total. Keep it small. Ignore the shoulder engagement. Forget about what your shoulders/arms/hands are doing, and just think about arching and rounding your back. Lower down onto your",All Levels,Active Dynamic,http://static1.squarespace.com/static/5ea57caad08f387b2e9827bd/61c7ae9bf497521cde72e756/63f28e0ba67eec7ce59d1caf/1676899109789/Cat-Cow.png?format=1500w,Back,n/a,Spinal extension; Shoulder retraction,none,"Back Stretch - Spinal Extension, Back Stretch - Spinal Flexion",https://www.daniwinksflexibility.com/flexopedia/cat-cow
Chicken Wing Elbow Circles,"Range of Motion Worked: Shoulder circumduction This variation of arm circles adds a very minor tricep stretch to the exercise. I usually do a couple of these in addition to some other arm/shoulder circle exercises as part of my shoulder warm up. Bend your elbows and place your fingertips on the tops of your shoulders (if you can’t touch your shoulders with your fingers, that’s OK, just keep them reaching towards your shoulders the whole time). Circle your elbows forwards while keeping your fingertips on (or reaching towards) your shoulders 5 times, then switch directions for another 5 circles.",All Levels,Active Dynamic,http://static1.squarespace.com/static/5ea57caad08f387b2e9827bd/61c7ae9bf497521cde72e756/63f555e6b809f0311f5e70e0/1677763579136/Chicken+Wing+Elbow+Circles.png?format=1500w,Shoulder,n/a,Shoulder internal rotation; Shoulder external rotation; Shoulder flexion,none,Shoulder Stretch - Circumduction,https://www.daniwinksflexibility.com/flexopedia/chicken-wing-elbow-circles
Child's Pose,"Child’s Pose is a classic “rest” pose in yoga. Personally I incorporate this frequently in my own practice as a counter-stretch in between backbends to help stretch out my low back, and get a gentle shoulder stretch at the same time. Start kneeling - you can choose kneeling keeping your knees/thighs together, or splaying your knees out wide - whatever feels better on your body! Sit your butt backwards as you lean forwards, reaching your arms forwards in front of you. If you have tighter hips or this feels uncomfortable on your ankles, you can place a yoga block or two between your feet to sit on, and flex your feet instead of pointing the ankles. Relax your forehead onto the floor. Hold this pose for as long as you like! When I’m using it as a quick break between backbends, I might only hold it for 10s or so, but if you’re looking for a longer rest, feel free to hold for 30-60s. Sit back onto some yoga blocks so you can relax the weight of your hips onto a support. Instead of reaching arms straight forwards, relax your arms by your sides , bringing your hands by the sides of your hips, palms facing up (only if this feels OK on your neck, because now you’ll be resting your forehead on the floor “unsupported” by your arms) Spread your knees wide, and come up onto your fingertips, lifting your wrists away from the floor to get more of a shoulder stretch. Let your belly fall to the floor between your thighs, and keep your wrists lifted to stretch your shoulders Add some movement - reaching side to side is a common variation to add a side-body stretch, you can also experiment with adding a spinal twist.",All Levels,Passive Static,http://static1.squarespace.com/static/5ea57caad08f387b2e9827bd/61c7ae9bf497521cde72e756/6436b9004e983251d7f96945/1681317249874/Child%27s+Pose.png?format=1500w,"Back, Shoulder",n/a,Spinal extension; Shoulder retraction; Shoulder internal rotation; Shoulder external rotation; Shoulder flexion,none,"Passive Back Stretch - Spinal Flexion, Passive Shoulder Stretch - Flexion",https://www.daniwinksflexibility.com/flexopedia/childs-pose
Child's Pose Arm Lifts,"If you want to multitask with some active flexibility for your shoulders in your child’s pose - this drill is for you! Start in a comfortable child’s pose with both arms straight in front of you. Make a thumbs-up sign with your right hand, pointing your thumb towards the ceiling, wrapping the outside of your right armpit towards the floor. Keeping the arm straight, lift the arm off the floor, keeping the thumb pointing straight up (don’t let it start to point in towards your midline). Slowly lower back down. Repeat for 8-12 arm lifts, then switch sides. Slide your hands closer to your knees to lift your chest - this will make it a bit easier to lift the arm off the floor Place your hands on yoga blocks to start in a deeper shoulder stretch (only recommended if you can lift the arm higher than block height to begin with)",All Levels,Active Dynamic,http://static1.squarespace.com/static/5ea57caad08f387b2e9827bd/61c7ae9bf497521cde72e756/643740da6fd4f142cc274b1b/1695553247566/childs+pose+arm+lifts.png?format=1500w,Shoulder,n/a,Shoulder internal rotation; Shoulder external rotation; Shoulder flexion,none,"Active Shoulder Stretch - External Rotation, Active Shoulder Stretch - Flexion",https://www.daniwinksflexibility.com/flexopedia/childs-pose-arm-lifts
Clamshells,"Let’s bring it back to the 80s aerobic area with these clamshells! In addition to making you look super cool, clamshells area great strengthener of our hip external rotators and abductors (including our glutes) - both muscle groups we need to be strong to support deeper straddles and middle splits. I like to pair this drill with reverse clamshells (which helps strengthen our internal rotators). Start lying on your side with your hips stacked on top of each other (hip bones pointing straight forwards). Bend your knees and slide your feet a little closer to your butt, trying to keep the heels in line with your torso, not letting them come forward on your mat. I like to aim for a 90-ish degree bend in my knees, but it doesn’t have to be exact. Keeping your feet together, lift the top knee as high as you can without letting your hip bones fall backwards (only the leg should move, not the pelvis). This should feel like a strong squeeze in the outer hip (glutes). Then drop the knee back towards the bottom knee. That’s one rep. Repeat for 8-12 reps. Keep the knee lift small. Lift your feet off the floor and keep them lifted as you “clamshell” your knees open and closed. Add a resistance band around your thighs close to your knees.",All Levels,Active Dynamic,http://static1.squarespace.com/static/5ea57caad08f387b2e9827bd/61c7ae9bf497521cde72e756/639bb0b335d0366b7e6af37b/1693659160044/Clamshells+thumb.png?format=1500w,Adductors,Hip External Rotators,Hip adduction; Hip flexion; Hip extension; Hip rotation,none,"Active Adductor Stretch - Glutes, Active Hip External Rotation",https://www.daniwinksflexibility.com/flexopedia/clamshells
Couch Stretch,"The couch stretch is one of few stretches that is often reverently referred to as THE couch stretch - as in “the one and only” (as opposed to “ A butterfly stretch” or “ A lunge”). I think that’s funny because I rarely recommend this for beginners. It requires a pretty large range of motion in the knee (very flexible quads), so much so it’s difficult for beginners to comfortably do this stretch without compromising their form. That said, it is a great quad and hip flexor stretch for students who already have a decent amount of quad and hip flexor flexibility to start with. But for less flexy students, I’d recommend other lunge variations and quad stretches instead. Start kneeling near a couch or a wall (which is what I use), with your front knee stacked over the front ankle. Lean forwards so you can adjust your back leg to press the back knee against the wall on the floor, and point your back toes and shin up the wall. Lift your torso up, bringing your hands to your front thigh for balance if you need to, so that your shoulders are stacked over your hips. Tuck your tailbone down towards the floor so that you’re feeling a stretch in the front of the back leg hip (in your hip flexors). Keeping your torso lifted and tailbone tucked (don’t lean forwards, and don’t arch your low back), push into the front foot to send your hips back to the wall (sending your butt towards the foot on the wall). This will increase the stretch in the quad in the back leg. Make sure your whole upper body is moving back with the leg and you’re keeping your torso upright, not just shooting your hips/butt back. Hold for 20-60 seconds. Keep your hips forwards in your lunge . Your butt doesn’t have to touch your heel or the wall, because this is a pretty intense stretch, you already might be feeling a great stretch in your quads even without pushing your hips back. Slide your back knee farther away from the wall . Instead of starting with the knee against the wall, start with the knee a couple of",Intermediate,Passive Static,http://static1.squarespace.com/static/5ea57caad08f387b2e9827bd/61c7ae9bf497521cde72e756/638f5c88e984ad0334f6ae3d/1671122625601/Couch+Stretch+-+Thumb.png?format=1500w,"Quads, Hip Flexors",n/a,Knee extension; Hip flexion,"Can pull heel very close to butt in a standing quad stretch, zero knee discomfort in a traditional kneeling lunge.","Passive Hip Flexor Stretch, Passive Quad Stretch",https://www.daniwinksflexibility.com/flexopedia/couch-stretch
Cow Face Pose Elevator,"This active variation of cow face pose (sometimes referred to as “the towel stretch” due to the common modification of holding onto a towel or a strap between the hands) can help strengthen our muscles to support being able to stretch deeper in this position. Start holding a strap in your right hand. Reach the right arm overhead, and bend the elbow to dangle the strap down your back. Reach your left hand behind your back to grab the strap. Work both hands in as close as you can to each other. This is your Cow Face pose. First we’ll activate the top arm: with both hands firmly grasping the strap, pull the top arm up towards the ceiling, letting the bottom fist “ride an elevator” up your back as high as you can pull it - this should feel like a stretch through the front or the top of the left shoulder (and a tricep contraction in the right arm). Hold this position for 10 seconds, then relax. Then we’ll activate the bottom arm: still keeping both hands gripping the strap, pull the bottom fist down to the floor, letting the top fist “ride the elevator” down your back, using the bottom arm to pull the top fist as far down your back as you can. This should feel like a stretch in the right tricep, or lats (outer armpit area), and a tricep contraction in the left arm. Hold for 10 seconds, then relax. Repeat the same “elevator” lift and lower with the other arm on top. Start with your hands farther apart on the strap. Bring your hands closer together. Use a stiffer strap (or one with no stretch). Instead of keeping your hands flush against your back, try to float your hands away from your back as you pull , so there’s a little bit of space between your fists and your spine (make sure this comes from your arms rotating and not your back arching!)",All Levels,Active Static,http://static1.squarespace.com/static/5ea57caad08f387b2e9827bd/61c7ae9bf497521cde72e756/64106ce0acfa726efd56634a/1678798945295/Cow+Face+Pose+Elevator.png?format=1500w,Shoulder,n/a,Shoulder internal rotation; Shoulder external rotation; Shoulder flexion,none,"Passive Shoulder Stretch - Extension, Active Shoulder Stretch - Extension, Passive Shoulder Stretch - Internal Rotation, Active Shoulder Stretch - Internal Rotation, Shoulder Stretch - Miscellaneous",https://www.daniwinksflexibility.com/flexopedia/cow-face-pose-elevator
Dippy Birds,"Dippy birds are a great conditioning combo / warm up for splits because they go through a range of motion that strengthens both the front and back leg in the hip position we use in a front split. Even if your front splits are miles away from flat, you can work through a range of motion that will challenge and strengthen your hips to support a deeper stretch! Start standing with both legs straight. You may want to do this exercise near a wall or something you can place your hand on for balance. Keeping your legs straight and hips level, lift one leg up in front of you, as high as you can with control without bending either of your knees. This should feel like a squeeze in your thighs (quads) and front of the hip (hip flexors). Don’t worry if you can’t lift the leg very high! Start to lower the lifted leg toward the floor. As you lower the leg, flex your foot so your foot doesn’t touch the floor, and extend the leg behind you as you lean your torso forwards, hinging on your hips. Try to keep a straight line from your shoulders to your hips to the lifting leg’s heel. Lean forwards as far as you can with control, looking to feel a stretch in the backside of the base leg’s thigh (hamstrings). Squeeze your glutes in the lifting leg to lift it as high as you can without tilting your hips. Lift your torso back up as you lower the extended leg back to the floor, either ending standing, or continuing to lift the leg forwards to repeat a second time. Repeat for 5-12 leg-lifts-then-standing-split-forward-folds. Keep your hand on a wall for balance, and keep the leg lifts small. Separate the movements : break this down into a set of standing leg lifts and then a set of standing split kicks (instead of combining them together) Add a deeper forward fold so you’re kicking into a standing split . Stand on a yoga block to add a balance challenge to the base leg",All Levels,Dynamic Active,http://static1.squarespace.com/static/5ea57caad08f387b2e9827bd/61c7ae9bf497521cde72e756/63cfdb94aabab171571a6cf3/1676300753102/Dippy+Birds.png?format=1500w,"Hip Flexors, Hamstrings",n/a,Hip flexion; Hip extension; Knee flexion,none,"Active Hip Flexor Stretch - Glutes, Active Hamstring Stretch - Hip Flexors",https://www.daniwinksflexibility.com/flexopedia/dippy-birds
Disco Cow,"Ranges of Motion Trained: Back extension, back flexion, back lateral flexion One of my favorite variations on the “traditional” cat-cow back stretch, this “disco” cow adds in a side stretch to work our spinal lateral flexion (sidebending) in addition to our extension (backbending) and flexion (rounding). I’ve also heard this exercise referred to as “barrel rolls” or “slinky cat-cow.” Start in a tabletop position on hands and knees. Round your back by pressing your hands into the floor, tucking your tailbone, tucking your chin toward your chest, and pushing your upper back up towards the sky. Circle your chest over to one side as you round one side of your back and arch the other. Arch your back as you drop your chest to the floor, lifting your head and lifting your tailbone. Continue your chest circle to take your chest over to the other side , and then back up towards the ceiling (rounding your back). Repeat for 4-5 circles in one direction, then switch directions. Keep it small. Bend your elbows and see how big of a circle you can trace with your chest (swooping it down towards the floor as you bend your elbows). This may not technically be “harder” but it does vary the stretch a bit!",All Levels,Active Dynamic,http://static1.squarespace.com/static/5ea57caad08f387b2e9827bd/61c7ae9bf497521cde72e756/63f28224d300d87cd2c7db9d/1676898760693/Disco+Cow.png?format=1500w,Back,n/a,Spinal extension; Shoulder retraction,none,"Active Back Stretch - Spinal Extension, Active Back Stretch - Spinal Flexion, Active Back Stretch - Spinal Lateral Flexion",https://www.daniwinksflexibility.com/flexopedia/disco-cow
Dolphin Shoulder Shrugs,"Shoulder shrugs are a great way to build your overhead shoulder strength and flexibility - unlike traditional arms-overhead shrugs, this variation in dolphin pose makes them more challenging by resisting against more bodyweight, and maintaining more shoulder external rotation throughout. Start in a dolphin pose: from a forearm plank, lift your hips high as you press your chest backwards in space, bending your knees if that’s more comfortable - think of this like a downward facing dog but on your forearms. The goal starting position is to have a straight line from your elbows, to your shoulders, down your back, all the way to your hips. You can adjust your forearm position to make this more (or less) challenging: Starting with fingertips touching, elbows shoulder-width apart (making a “snow plow” shape with your lower arms) is slightly easier Starting with your forearms parallel to each other (hands separated) is slightly harder (because it requires more shoulder external rotation ) Keeping your back flat, push into your elbows to “shrug” your shoulders up your back (toward your ears), then pull your shoulder blades down your back (toward your hips). You can also think about pushing into your elbows to make space between the top of your head and the floor, and then trying to reach the top of your head closer to the floor. Repeat for 5-12 shoulder shrugs. Elevate your forearms on yoga blocks to send more weight into your feet (less weight in your arms/shoulders) Add a yoga block between your hands, and another between your elbows . Keep your elbows pressing in on the elbow block as you try and shrug your shoulders up and down. Elevate your feet to lift your hips higher, sending more weight into your forearms. Do these shoulder shrugs in a forearm stand.",Intermediate,Active Dynamic,http://static1.squarespace.com/static/5ea57caad08f387b2e9827bd/61c7ae9bf497521cde72e756/63ebad83f7450d3e9f64de5b/1676393564495/Dolphin+Shoulder+Shrugs.png?format=1500w,Shoulder,n/a,Shoulder internal rotation; Shoulder external rotation; Shoulder flexion,Can hold a dolphin pose (knees bent is ok!),"Active Shoulder Stretch - Flexion, Active Shoulder Stretch - External Rotation",https://www.daniwinksflexibility.com/flexopedia/dolphin-shoulder-shrugs
Donkey Kicks,"Donkey kicks are a great way to actively stretch your quads - instead of using our arms or a strap to pull our heel toward our butt, we contract our hamstrings to move through the range of motion. Start kneeling on all fours, with hands underneath shoulders. Extend one leg behind you, trying to lift the leg to hip height. Don’t let your back arch as you lift your leg, try to keep your spine in a neutral position Keeping your knee lifted at hip height, bend the lifted knee, squeezing your heel towards your butt. You’ll feel a contraction in the back of your thigh (in your hamstrings), and a stretch in the front of your thigh (in your quads), then extend that leg back out straight. That’s one rep. Repeat for 8-12 reps. Don’t lift the knee as high. Keeping the knee closer to the floor will still stretch 3 of your 4 quad muscles just the same as if the knee is lifted higher (just the rectus femoris will get an easier stretch). Lift the knee higher than hip height (but still without arching your back). This will put you into hip extension which gives you a stretch in your hip flexors, and will be more challenging for your rectus femoris , the quad muscle that crosses your hip joint and your knee.",All Levels,Active Dynamic,http://static1.squarespace.com/static/5ea57caad08f387b2e9827bd/61c7ae9bf497521cde72e756/639125c9aa128f56afc85448/1670880620298/Donkey+Kicks+-+Thumb.png?format=1500w,"Quads, Hip Flexors",n/a,Knee extension; Hip flexion,,"Active Quad Stretch - Hamstrings, Active Quad Stretch",https://www.daniwinksflexibility.com/flexopedia/donkey-kicks
Downward Dog,"Downward Facing Dog (aka Down Dog) is a great stretch for your hamstrings, glutes, calves, and even shoulders. While it’s often recommended for beginners (and extremely common in most yoga flows), a “beginner friendly” downward dog looks a bit different than the traditional straight-legged-heels-on-the-floor down dog most people envision. How far apart your feet are from your hands is a bit of a personal preference - a good guestimate to set up the pose is to start in a plank with your toes and/or knees on the floor, and hands under your shoulders, then to push into your hands to lift your hips and press them back towards your feet. Bend your knees so that you can flatten your back and lift your tailbone and “sits” bones (the bony parts of the bottom of your pelvis) up towards the sky - this is going to help us get a safer hamstring stretch without putting too much pressure on our lower back. Aim to have a straight line from your wrists to your shoulders to hips. You should be feeling a stretch in your legs in the back of your thighs (hamstrings), and back of the lower leg (calves). For your shoulders , press your hands strongly into the floor and let your shoulder blades shrug up your back towards your neck. Actively wrap the outside of your armpits down towards the floor, helping hug your shoulderblades to the sides of your chest. This will help give our shoulders more space to stretch, and prevent accidentally pinching a nerve. Hold for 15-30 seconds. Bend your knees more. The more you bend your knees, the easier it is to keep good form in this stretch, and the gentler the hamstring stretch becomes. Walk your dog by bending one knee a bit more, then the other. Slowly pedaling out your legs adds some gentle movement to the stretch which can help lessen the intensity as you move. Place support under your heels. If this feels like a crazy intense stretch in your calves, and actively keeping your heels lifted is challenging, you can place a yoga block under each heel",All Levels,Static Passive,http://static1.squarespace.com/static/5ea57caad08f387b2e9827bd/61c7ae9bf497521cde72e756/639124da915fc53af015f9b2/1675876793443/Downward+Dog+-+Thumb.png?format=1500w,"Hamstrings, Glutes",n/a,Hip extension; Knee flexion; Hip external rotation,none,"Passive Hamstring Stretch, Passive Calf Stretch",https://www.daniwinksflexibility.com/flexopedia/downward-dog
Downward Dog Shoulder Shrugs,"Similar to Dolphin Shoulder Shrugs , this drill strengthens the muscles that help elevate our shoulder blades up our back, while maintaining shoulder flexion (overhead shoulder flexibility) and shoulder external rotation - all things we need to be strong in arms-overhead positions like backbends and handstands. P.S. if you have a handstand coach that keeps telling your to “shrug your shoulder to your ears” in your handstands - this drill can be a big help! Start in a Downward Dog (knees bent and heels lifted is totally OK) with your arms straight, trying to make a straight line (or as close to one as you can) from your wrists to your shoulders to your hips. Externally rotate your shoulders by wrapping the outside of your armpits towards the front of your chest. You’ll know if you’ve rotated the upper arms enough if when you bend your elbows, the elbows point more towards the floor instead of out to the sides. If you can’t get those elbows to point towards the floor, try Dolphin Shoulder Shrug instead. Keeping your shoulder blades wrapped towards the sides of your ribs (outer armpits wrapping towards the floor), push into your hands to shrug your shoulder blades up towards your ears to push the floor awau. Then relax those shrug muscles, and try to pull your shoulder blades down the sides of your back towards your hips - this should lower your head just a tiny bit towards the floor. Note: this won’t be a big movement, just about an inch. Repeat for 5-12 shoulder shrugs. Swap the straight arms for bent elbows and work on your Dolphin Shoulder Shrugs instead. Do these with a microbend between your elbows, hugging a yoga block between your elbows to maintain even more rotating through the upper arm. Only bend your elbows as much as you need to to maintain them pointing towards the floor. Elevate your feet to lift your hips higher, sending more weight into your shoulders. Do these shoulder shrugs in a handstand against the wall.",Intermediate,Active Dynamic,http://static1.squarespace.com/static/5ea57caad08f387b2e9827bd/61c7ae9bf497521cde72e756/6436b8879a128349c97e1939/1706555225413/Downward+Dog+Shoulder+Shrugs.png?format=1500w,Shoulder,n/a,Shoulder internal rotation; Shoulder external rotation; Shoulder flexion,Can comfortably hold a downward dog with wrists in line with shoulders & hips,"Active Shoulder Stretch - Flexion, Active Shoulder Stretch - External Rotation, Shoulder Stretch - Miscellaneous",https://www.daniwinksflexibility.com/flexopedia/downward-dog-shoulder-shrugs
Eagle Arms,"Range of Motion Stretched: Shoulder Protraction Eagle Arms is a great stretch for the muscles in your upper back between your shoulder blades, but it requires a decent amount of shoulder external rotation in order to pretzel your arms together. For students who can’t quite get this bind, I suggest swapping it for an Alligator Arms Hug instead - which gets a similar shoulder stretch, but without the crazy bind. Lift your right elbow out in front of your body, elbow bent 90 degrees, fingers pointing up towards the ceiling. Swoop your left arm around underneath the first arm, and reach the left fingers back to try to grab onto your right wrist or palm. Keeping your bind (don’t let the hands slip apart), lift the elbows up to shoulder height, then push your elbows away from your chest, puffing out your upper back. This will help slide your shoulder blades away from each other, bringing them forwards towards the sides of your ribs, stretching out the muscles between your shoulder blades. Hold for 20-30 seconds, then swap your arm wrap so the other arm is on top. Skip the bind - just bring both elbows, forearms, and palms to touch in front of the body, and try to lift the elbows up to shoulder height Make it harder: Reach your bound hands forwards , away from your face Lift your elbows a bit higher , between shoulder and chin height",Intermediate,Passive Static,http://static1.squarespace.com/static/5ea57caad08f387b2e9827bd/61c7ae9bf497521cde72e756/6436b34f39bd1006e1071c8e/1681318897314/Eagle+Arms.png?format=1500w,Shoulder,n/a,Shoulder internal rotation; Shoulder external rotation; Shoulder flexion,Can bring elbows in front of body at shoulder height and completely press forearms against each other (fingers pointing towards the ceiling),Shoulder Stretch - Miscellaneous,https://www.daniwinksflexibility.com/flexopedia/eagle-arms
Ear to Shoulder Stretch,"Aside from helping with shoulder and neck flexibility, this is just a nice feel-good stretch to throw in if you tend to have slouchy posture or habitually hike your shoulders up towards your ears. Extend one arm down by your side, actively reaching down with your hand to help pull your shoulder blade down your back (you can do this with a flat palm by pressing your palm down, but if that gives you finger tingles, flatten your wrist and reach your fingertips down, or make a fist and punch your knuckles down). Continuing to actively reach your hand towards the floor, tilt your head to the opposite shoulder, feeling a stretch in the side of your neck. You can experiment with trying to adjust the angle of the “reaching arm” and your body, trying it with the arm super close to your side, a little farther away from your side, or starting to lift away from your side body so it’s closer to 45 degrees (or farther away) from your side body. Hold this stretch for 20-30 seconds. Lean your head less. Keep it gentle! Keep your wrist neutral . Instead of pushing your flat palm, keep your palm facing your side and reach with your fingertips (this makes it less intense on some of the nerves that run through our shoulder) Place a hand on the side of your head to add some bodyweight to the stretch . There’s no need to press with the hand, simply letting the weight of your free arm sink into your head will pull your neck into a deeper stretch. Add some arm/shoulder rotations. Keeping your “reaching arm” straight, rotate your palm away in one direction, and then the other, rotating from the upper arm and shoulder (as if an axis was going through your entire arm). You might notice a differently rotated position feels like a more challenging stretch!",All Levels,Passive Static,http://static1.squarespace.com/static/5ea57caad08f387b2e9827bd/61c7ae9bf497521cde72e756/63f62b888afee6732c59db81/1677503619703/Ear+to+Shoulder+Stretch.png?format=1500w,"Shoulder, Neck",n/a,Shoulder internal rotation; Shoulder external rotation; Shoulder flexion; Neck flexion/extension/rotation,none,"Shoulder Stretch - Miscellaneous, Neck Stretch",https://www.daniwinksflexibility.com/flexopedia/ear-to-shoulder-stretch
Fire Hydrants,"Along with other hip abduction exercises like Spidermans , I love glute strengtheners like these to prepare hips for open-hip positions like straddle and middle splits. Strengthening our glutes in this hips-flexed position helps us build the strength and control to open our legs wider in middle splits. Start in a tabletop position, kneeling with hands on the floor underneath your shoulders. Keeping both hip bones pointing towards the floor (they’re going to want to tilt!), lift one knee out to the side. Make sure the hip bone doesn’t lift along with the leg, only the leg should be moving. (Ironically that means - despite this exercise being called “fire hydrants” - if you were a dog you should stay peeing down on the ground by the base knee, not actually out to the side on an imaginary fire hydrant). Hold for just a moment, then drop the knee back down toward the floor. That’s one rep. Repeat for 8-12 reps. Place a block under the base knee (the leg that’s not moving). While this doesn’t technically change the range of motion at all, it can feel easier to lift the working leg Hold the leg elevated in the air for a second or two before dropping it back to it’s starting position.",All Levels,Active Dynamic,http://static1.squarespace.com/static/5ea57caad08f387b2e9827bd/61c7ae9bf497521cde72e756/63912aac357bb508bbffbe5c/1671119643050/Fire+Hydrants+-+Thumb.png?format=1500w,Adductors,n/a,Hip adduction,none,Active Adductor Stretch - Glutes,https://www.daniwinksflexibility.com/flexopedia/fire-hydrants
Fire Hydrants with Foot Drop,"This variation of the fire hydrant glute strengthener adds a challenge of also working our hip external rotation . Hip external rotation is critical for helping keep our pelvis in the proper position in middle splits, and allowing it to rotate forwards in our straddle pancakes. Our hip external rotators are also stabilizers that we want to be strong and able to fire in other hip positions as well (even when we aren’t actively trying to rotate our thighs), like in front splits. Start in a tabletop position, kneeling with hands on the floor underneath your shoulders. Keeping both hip bones pointing towards the floor, lift one knee out to the side. Make sure the hip bone doesn’t lift along with the leg, only the leg should be moving (your hips are going to want to tilt/lift, your challenge is to keep them level.) Once the knee is lifted out to the side, keeping your knee lifted, rotate your thigh towards the ceiling, dropping your foot towards the floor (your foot may or may not actually touch the floor). Rotate the thigh back to neutral (facing forwards) then drop the knee back to the floor. That’s one rep (lifting the knee, rotating and un-rotating the thigh, dropping the knee). Repeat for 8-12 reps. Place a block under the base knee (the leg that’s not moving). While this doesn’t technically change the range of motion at all, it can feel easier to lift the working leg Hold the externally rotated leg position for a second or two before un-rotating the thigh and dropping the leg back to the starting position. Add a resistance band around your thighs by your knees.",All Levels,Active Dynamic,http://static1.squarespace.com/static/5ea57caad08f387b2e9827bd/61c7ae9bf497521cde72e756/63979ff1ccf4f145becdfcb0/1671319545592/fire+hydrant+with+external+hip+rotation.png?format=1500w,Adductors,Hip External Rotators,Hip adduction; Hip flexion; Hip extension; Hip rotation,none,"Active Adductor Stretch - Glutes, Active Hip External Rotation",https://www.daniwinksflexibility.com/flexopedia/fire-hydrants-with-foot-drop
Floaty Birds,"Ranges of Motion Trained: Back extension, shoulder circumduction This is a variation of back extension that I use with my contortion students - but you don’t have to be a contortionist to benefit from working on this range of movement! Even if your “floaty bird” is super low to the ground, this can be a great strengthener for your active back and shoulder flexibility. That said, this exercise is challenging. It was the one we always groaned about when it came up in our warm up in contortion class (shoutout to Esh Circus Arts in Boston, and all my fond contortion memories from that school!) Start lying on your stomach, legs about hip-width apart, and arms reaching overhead on the floor. Keeping your legs on the floor (don’t let them float up), lift your chest and your arms off the floor - still reaching the arms forwards. If you are very backbendy, engage your transverse abdominus by sucking your belly button in towards your spine (this will help take some pressure out of your low back if you end up backbending quite far). Once you’ve lifted the chest as high as you can, “float” your arms up and back - trying to reach your hands up towards the ceiling, and then back towards your feet (not just straight back in one motion). If you can, try to lift the chest a smidge higher when your hands reach back toward your feet. Float your hands back to the front by reaching them up towards the ceiling as you bring them back forwards. Lower your chest to the ground. Contemplate why you chose to do such a challenging exercise. Then try to do a couple more, aiming for 4-12 reps. Keep it low! Seriously, don’t worry about how high your lifting. I know this exercise is hard. As long as you’re feeling a squeeze in your erectors (back muscles), then you’re golden! Hold a long strap between your hands to turn these into strap-assisted floaty birds . Add small weights to each hand - I’m talking seriously small, like 0.5lb to 1lb.",Intermediate,Active Dynamic,http://static1.squarespace.com/static/5ea57caad08f387b2e9827bd/61c7ae9bf497521cde72e756/63ebfdd1d8022e385381cdf5/1676897455349/Floaty+Birds.png?format=1500w,"Back, Shoulder",n/a,Spinal extension; Shoulder retraction; Shoulder internal rotation; Shoulder external rotation; Shoulder flexion,Feel like back extensions with the hands reaching back are too easy,"Active Back Stretch - Spinal Extension, Shoulder Stretch - Circumduction",https://www.daniwinksflexibility.com/flexopedia/floaty-birds
Forearm Cat-Cow,"Ranges of Motion Trained: Back extension, back flexion, shoulder external rotation This variation on the popular cat-cow stretch is a bit more challenging for our shoulders because our arms are pinned down in a more externally rotated shoulder position. Start in a tabletop position on hands and knees, then drop down onto your forearms, with elbows planted under your shoulders. Placing your forearms on the floor with your finger tips touching (as if your lower arms were making a V shape) is slightly easier, placing them parallel to each other will be slightly harder. Round your back: actively press your elbows into the floor, lift your chest, tuck your chin and tailbone, suck your belly button in. Hold for a moment. Then arch your back: drop your belly to the floor, lift your tailbone, lift the crown of your head. OPTIONAL shoulder engagement: squeeze your shoulder blades together towards your spine, and then try to pull the bottom of your shoulder blades down towards your hips. Hold your arched back position for a moment. Repeat, arching then rounding, for 5-10 reps total. Keep it small. Keep your hands close together, elbows wide making a “snow plow” position instead of having hands separated. Straighten your arms and do a regular cat-cow instead. Take your forearms parallel to each other. You can even place a yoga block between your hands and another between your elbows and add a slight squeeze inwards. Elevate your knees by kneeling on yoga blocks - by taking your hips higher, as you round your back you come into a more arms-overhead position, which is more challenging for our shoulders to maintain external rotation in.",All Levels,Active Dynamic,http://static1.squarespace.com/static/5ea57caad08f387b2e9827bd/61c7ae9bf497521cde72e756/63f3732567ba5d2fb8db3009/1737826999032/Forearm+Cat-Cow.png?format=1500w,"Back, Shoulder",n/a,Spinal extension; Shoulder retraction; Shoulder internal rotation; Shoulder external rotation; Shoulder flexion,none,"Back Stretch - Spinal Extension, Back Stretch - Spinal Flexion, Passive Shoulder Stretch - External Rotation",https://www.daniwinksflexibility.com/flexopedia/forearm-cat-cow
Forward Fold,"The classic forward fold (aka standing pike) is generally the stretch people think of when they think of touching their toes. Because the goal of this stretch is to stretch the hamstrings , it’s important to perform this stretch with a flat back . Often beginners or folks with tighter hips will round their back as they lean forwards in an attempt to reach farther - but this turns the stretch more into a back stretch, and less of a hip stretch. So if your goal is to stretch your hamstrings, keep that back flat! This is a great video that illustrates the difference between a rounded vs. flat back forward fold. Start standing with your feet hip width apart. If you’re on the more flexible end of the spectrum, keep your knees straight, but if you’ve got tighter hips go ahead and bend your knees (bending your knees will make this stretch a bit easier) Keeping your back flat , hinge at the hips to forward fold. Your pelvis (hip bones) should rotate forwards/down towards the floor, and your tailbone should lift as you hinge. Only lean as far as you can while maintaining your flat back posture (even if that’s nowhere near a 90 degree lean). It’s OK if your knees are a bit bent. You should be feeling the stretch in the back of your thighs (hamstrings). Conversely, if you have a lot of hamstring flexibility and can bring your hands to the floor while maintaining a flat back - go for it! This is a stretch that will look vastly different on different bodies, depending on flexiblity. Hold for 20-60 seconds. Bend your knees. I mentioned this one already because it’s such a helpful adjustment for people with tighter hamstrings! Place your hands on your thighs for support. When we lean forwards, our hamstrings are getting stretched, but they’re technically also contracting a little to keep us from falling on our face. Bracing your hands against your thighs helps support the weight of your upper body, making it gentler on the hamstrings. Straighten your knees . Reach your arms out to",All Levels,Static Passive,http://static1.squarespace.com/static/5ea57caad08f387b2e9827bd/61c7ae9bf497521cde72e756/6388d11ca6766447ea42dfa0/1671065272809/Forward+Fold+-+Thumb.png?format=1500w,Hamstrings,n/a,Hip extension; Knee flexion,none,Passive Hamstring Stretch,https://www.daniwinksflexibility.com/flexopedia/forward-fold
Forward Fold Half Split Slides,"If you feel most of the stretch in the underside of your front leg (in your hamstrings) in a front split, then this drill is for you! This exercise helps strengthen our hamstrings through their mid and end range of motion, helping them get stronger in their stretched position. Wondering how on earth this drill can be beginner friendly? Just keep it small! Don’t worry if it doesn’t look very split-y. You’re going to want to be able to slide your foot for this exercise, so wearing socks or using sliders can be helpful. Start in a half split forward fold: from kneeling, extend one leg straight forwards, and forward fold with a flat back until you feel a stretch in the back of the front leg thigh (in your hamstrings). It can be helpful to practice with your hand on a chair or yoga blocks for balance. Keeping your flat-back forward fold, slide your front foot forwards out into your deepest version of a square front split (that means both hip bones pointing forwards). It’s OK if your hips are nowhere near the ground! If you get any knee discomfort, you can slightly bend your front knee. Once you’ve slid out into your forward fold front split, press the front foot into the ground and feel your hamstring muscles contract (you should feel extra tension in the back of your thigh) as you slide the foot back to start. You can push into your hands as much as you need to to help shift your hips back to their starting position stacked over the back knee. Repeat for 8-12 reps. Keep the forward fold small , as long as you’re feeling a stretch in your hamstrings, that’s what we want for this drill! Keep your front split shallow , don’t worry about sliding out to the deepest split humanly possible. Practice between two chairs so you can use both hands to press to help slide your front leg and hip back to start. Add a deeper forward fold. Slide out without hands. Try sliding out into your split without your hands on a chair/blocks (no support!), then bring your hands back to your suppo",All Levels,Active Dynamic,http://static1.squarespace.com/static/5ea57caad08f387b2e9827bd/61c7ae9bf497521cde72e756/6390b12cfe87924cb92260db/1671124219253/Forward+fold+half+split+slides+-+thumb.png?format=1500w,Hamstrings,n/a,Hip extension; Knee flexion,none,Active Hamstring Stretch - Hamstrings,https://www.daniwinksflexibility.com/flexopedia/forward-fold-half-split-slides
Frogger Hip Rocks,"Muscles Strengthened: n/a * while not literally a passive drill (because we use our legs to move the hips a bit), our arms are doing most of the mobilization work, so we can consider this more passive / less strengthening Adding some gentle movement to our regular frogger stretch is not only a great way to experiment with stretching our adductors (inner thigh muscles) at a slightly different angle, but also teaches our nervous system that we have control in this position and are strong and stable enough to safely move it our end range. Start in your frogger stretch : knees bent, splayed out to the sides on the floor, knees in line with hips, ankles in line with knees, feeling a stretch in your inner thighs. Keeping your knees planted, slowly rock your hips forwards and backwards. Start small, just rocking an inch or two in each direction. If it feels good, you can start to make your rocks bigger. Rock your hips forwards and back for 15-30 seconds. Start in a narrower frogger stretch (knees closer together). Keep your hip rocks small , they don’t have to be big! Straighten one leg out to the side into your half middle split , and continue your hip rocks in that position.",All Levels,“Passive” Dynamic,http://static1.squarespace.com/static/5ea57caad08f387b2e9827bd/61c7ae9bf497521cde72e756/63900cba2765342d6785028c/1671334771489/Frogger+Hip+Rocks+-+Thumb.png?format=1500w,Adductors,n/a,Hip adduction,none,Passive Adductor Stretch,https://www.daniwinksflexibility.com/flexopedia/frogger-hip-rocks
Frogger Stretch,"The classic frogger stretch (or simply “frog stretch”) is a common go-to inner thigh stretch. A frogger is essentially a middle split, but with knees bent - which makes it a great middle split alternative for students who find middle splits too intense or uncomfortable on their knees. Because this stretch involves supporting a considerable amount of weight in your knees on the floor, you may want to roll your yoga mat a couple of times to give your knees some extra padding (or use something else like a pillow or rolled up blanket as a cushion under each knee). From a kneeling position, open your knees out to the side. Adjust your knees so that they’re in line with your hips, and each knee is bent 90 degrees so ankles are in line with each knee (feet shouldn’t be close together). Lower your torso so that it’s parallel to the ground - that might mean resting on your hands, or if your hips are sinking lower, dropping onto elbows on a yoga block, or elbows on the floor. You should be feeling a stretch in your inner thighs. If you feel any pinching in the outside of your hips, check out this blog post. Hold this passive stretch for 20-60 seconds. Take the weight out of your knees and do your frogger stretch lying on your back. Lying on your back, open your knees out to the side (knees still in line with hips, and each knee bent 90 degrees) and hold this as your passive stretch. Extend one leg out to the side to turn your frogger into a half middle split .",All Levels,Passive Static,http://static1.squarespace.com/static/5ea57caad08f387b2e9827bd/61c7ae9bf497521cde72e756/63911ed95a98ee1aa8825790/1671066943215/frogger+stretch+-+thumb.png?format=1500w,Adductors,n/a,Hip adduction,none,Passive Adductor Stretch,https://www.daniwinksflexibility.com/flexopedia/frogger-stretch
Front Split Hip Unsquare-to-Square Slides,"If you’ve got wiggly hips that are hard to “ square ” in your front splits, this is a great drill to help your body recruit the hip (and torso) muscles involved to correct for “unsquare” hips and pull them back into a “square” position. Note: you’re going to need to be able to slide both feet on the floor for this drill. So that could mean wearing socks if you’re on carpet or hardwood floors, or using sliders. I’m actually using potholders in the video because they work great on hard floors! Start kneeling with both feet able to slide on the floor. Keeping your torso upright (don’t lean forwards!), slide your legs out into your front split. You may want blocks under your hands, or to practice next to a chair to help keep your chest lifted and support your hands. Keeping your torso lifted (shoulders should stay stacked on top of your hips), push your back foot backwards and front foot forwards , opening your hips out to the side - this is your “unsquare” or “open” split. Then try to push your back foot forwards (along with the hip), and pull the front foot backwards , twisting both hips so that they point straight forwards - this is your “square” hip position. Repeat for a total of 5-12 foot slides, opening your hips out to a diagonal, then squaring them back to the front. Slightly bend the front knee. Start with your hips higher off the ground. Instead of sliding out to your deepest front split, start in a less intense split where it’s easier to adjust your hip position. Then work on adding deepening your split over time. Take your hips past “square.” Instead of stopping with your hip bones facing forwards, continue to rotate/twist your hips towards the front leg, twisting past the neutral/square position. That means you’ll be twisting from “unsquare” to “square” to “past square” (and back).",All Levels,Active Dynamic,http://static1.squarespace.com/static/5ea57caad08f387b2e9827bd/61c7ae9bf497521cde72e756/63fcbbfb376fed59ae2da18a/1677588631133/Front+Split+Hip+Unsquare-to-Square+Slides.png?format=1500w,"Hamstrings, Hip Flexors",n/a,Hip extension; Knee flexion; Hip flexion,none,"Active Hamstring Stretch - Hamstrings, Active Hip Flexor Stretch - Hip Flexors, Active Hip Flexor Stretch - Quads",https://www.daniwinksflexibility.com/flexopedia/front-split-hip-unsquare-to-square-slides
Full Spine Side Bend,"Ranges of Motion Trained: Back lateral flexion (sidebending) Going a bit deeper than just a thoracic side bend , this full side bend starts to go into the lower part of our thoracic spine, and even potentially into our lumbar spine (aka side bending through your upper back and lower back). Start sitting or standing. Place your left hand on your hip or outer thigh for support, reach the right arm up overhead, palm facing in. Start to lean to the left, keeping as much weight in your left hand as you need to for support. You should feel a stretch in any of the following: outer armpit (lats), outer ribs, or outer waist (obliques). Hold for 10-30 seconds. Keep it tall! You don’t have to fold completely in half to get a stretch. Experiment with adding a tiny bit of a twist , slightly rotating your chest towards the ceiling, and towards the floor, when you’re in your side bend. Notice how this may change the location/intensity of the stretch.",All Levels,Passive Static,http://static1.squarespace.com/static/5ea57caad08f387b2e9827bd/61c7ae9bf497521cde72e756/6436b4ed0e96fe0b223b6885/1681480790075/Full+Spine+Side+Bend.png?format=1500w,Back,n/a,Spinal extension; Shoulder retraction,none,Passive Back Stretch - Spinal Lateral Flexion,https://www.daniwinksflexibility.com/flexopedia/full-spine-side-bend
Good Mornings,"This is one of my go-to active flexibility drills for students looking to improve their hamstring flexibility. This drill has us lean forwards into a flat back forward fold, lengthening our hamstrings as much as possible, and then contract those hamstrings while they’re in the lengthened position, making them stronger and better able to support deeper forward fold type stretches. Start standing with feet hip-width apart, knees slightly (or if you have tight hamstrings, generously) bent, hands on your hips. Keeping your back flat, hinge at the hips, rotating the front of your hip bones towards the floor, lifting your sits bones away from the ground, as far as you can to feel a hamstring stretch. You may feel your butt drift backwards to counterbalance the weight of your upper body, that’s OK. Once you’ve leaned as far forwards as you can with a flat back (even if that’s not yet parallel to the floor), press both feet into the floor as you lift your torso back up to standing. Intentionally pushing your feet into the floor is something you need to add to help engage your hamstrings - without the “foot press” engagement, our back muscles do more of the work to lift our torso. Repeat for 8-12 reps. Don’t be afraid to bend your knees! Brace your hands against your thighs for support. Straighten your legs. Reach your arms out to the side, or overhead - this will make the “lever arm” of your upper body feel heavier, so your hamstrings will have to work harder to lift the weight. Add weight. Hold weights in your hands, or a barbell on your back to turn this into a traditional weightlifting Good Morning. But for the purposes of flexibility training, pick a weight that still allows you to go through the same range of motion that you can as before you added weight.",All Levels,Dynamic Active,http://static1.squarespace.com/static/5ea57caad08f387b2e9827bd/61c7ae9bf497521cde72e756/6388e2cad41d441b787a2e05/1671066019798/Good+mornings+-+thumb.png?format=1500w,Hamstrings,n/a,Hip extension; Knee flexion,none,Active Hamstring Stretch - Hamstrings,https://www.daniwinksflexibility.com/flexopedia/good-mornings-hamstring-stretch
Half Middle Split,"The half middle split or “half frogger” stretch is an intermediary stretch between a bent-knee frogger stretch and a straight-legged middle split . By straightening only one leg, we can focus better focus on the stretch in that leg, without stressing our knees as much as in a full middle split. Start in a kneeling position. Kick one leg out to the side, with the thigh, knee, and toes pointing forwards (ankle flexed). Don’t let the thigh and knee rotate up towards the ceiling (as in a straddle), they should be facing the front. Slide the straight leg out to the side until you feel a deep inner thigh stretch in the straight leg (depending on your flexibility, you might also feel a considerably stretch in the bent knee leg, that’s OK). Be careful to keep both knees in line with your hips, and not let your hips shift forwards. The end position should be one leg doing a frogger stretch (knee bent 90 degrees), and the other leg doing a middle split . If you feel any pinching in the outside of your hips, check out this blog post. Hold this passive stretch for 20-60 seconds. Physically support the knee of the straight leg with a block. You can place a yoga block on the inside of the knee, or even the inner thigh, to take weight out of the knee. Make it active. Turn it into half middle split slides . Add a block under the straight leg foot and to turn this into a half middle oversplit (only advisable if your hips are flat, or close to flat on the floor). Do a full middle split.",All Levels,Passive Static,http://static1.squarespace.com/static/5ea57caad08f387b2e9827bd/61c7ae9bf497521cde72e756/639121997674181983c2d590/1671335467063/Half+Middle+Split+-+thumb.png?format=1500w,Adductors,n/a,Hip adduction,none,Passive Adductor Stretch,https://www.daniwinksflexibility.com/flexopedia/half-middle-split
Half Middle Split Adductor Contract-Relax (PNF),"This variation of the passive half middle split (aka half frogger) stretch works on strengthening our adductors (inner thighs) while they're in a lengthened position. Unlike half frogger slides (which also strengthen the inner thighs), this drill involves staying in the stretched position for the duration of the exercise, focusing on improving the end-range strength of our adductors. Note: there are many variations of contract-relax style stretching, including differences in the intensity of the muscle contraction, duration of contract/relax times, number of repetitions, and so on. This happens to be my preferred method, but feel free to experiment for yourself! Start in a half frogger stretch : from kneeling, extend one leg straight out to the side, with the knee and toes facing forwards (foot flexed), both knees in line with your hips. The straight leg is basically in a middle split position, and the bent knee in a frogger stretch position (hence the “half” frogger). You should be feeling a stretch in your inner thighs. For this drill, we’ll want to be in our deepest stretch our body feels safe with holding. Staying in the same position (don’t actually move), engage your inner thigh muscles by pressing the straight leg’s foot into the ground. You’ll feel both your inner thighs contract. Hold this contraction for 10 seconds. After 10 seconds of contracting, relax your legs. Stay in the stretch (don’t pop on out and take a break if you can avoid it), and hold the passive/relaxed stretch for 20 seconds. If it feels comfortable, you can try to wiggle the straight leg foot farther out to the side to sink into a deeper stretch. Repeat for another 2-3 rounds of contracting for 10 seconds then relaxing for 20 seconds, trying to sink a little deeper into the stretch each time. Start in a narrower stretch . Instead of your “max” end range stretch, slide your legs out to a position that feels like 70-80% of your maximum stretch, and strengthen that range of motion. Add a blo",All Levels,Active Static,http://static1.squarespace.com/static/5ea57caad08f387b2e9827bd/61c7ae9bf497521cde72e756/639645ebb444712c1de6352e/1671335497325/Half+Frogger+adductor+contract-relax+-+thumb.png?format=1500w,Adductors,n/a,Hip adduction,none,Active Adductor Stretch - Adductors,https://www.daniwinksflexibility.com/flexopedia/half-middle-split-adductor-contract-relax-pnf
Half Middle Split Glute Contract-Relax (PNF),"This variation of the passive half frogger stretch works on strengthening our glutes, the muscles responsible for abducting or opening the hips wider in a straddle or middle split, to help support this range of motion. Just like strengthening our inner thighs in this position (like through half frogger adductor contract-relax ), strengthening our outer hips, which you can think of as the “helper” muscles in this stretch, help our body feel stronger and safer in this position, and allows us to open our legs wider over time. Note: there are many variations of contract-relax style stretching, including differences in the intensity of the muscle contraction, duration of contract/relax times, number of repetitions, and so on. This happens to be my preferred method, but feel free to experiment for yourself! Start in a half frogger stretch : from kneeling, extend one leg straight out to the side, with the knee and toes facing forwards (foot flexed), both knees in line with your hips. The straight leg is basically in a middle split position, and the bent knee in a frogger stretch position (hence the “half” frogger). You should be feeling a stretch in your inner thighs. For this drill, we’ll want to be in our deepest stretch our body feels safe with holding. Staying in your half frogger stretch, engage your outer hip muscles by trying to lift the outside of the straight leg up towards the ceiling (the leg won’t actually move, we just want to squeeze our glutes as if we were going to lift the leg). If you struggle to find the glute squeeze, you can think about trying to lighten the weight of the foot of the straight leg that’s on the floor. Hold this squeeze for 10 seconds. After 10 seconds of contracting, relax your legs. Stay in the stretch (don’t pop on out and take a break if you can avoid it), and hold the passive/relaxed stretch for 20 seconds. If it feels comfortable, you can try to wiggle the straight leg foot farther out to the side to sink into a deeper stretch. Rep",All Levels,Active Static,http://static1.squarespace.com/static/5ea57caad08f387b2e9827bd/61c7ae9bf497521cde72e756/6396491ef381042db6a8cf52/1671335607347/half+frogger+glutes+contract-relax+-+thumb.png?format=1500w,Adductors,n/a,Hip adduction,none,Active Adductor Stretch - Glutes,https://www.daniwinksflexibility.com/flexopedia/half-middle-split-glute-contract-relax-pnf
Half Frogger Glutes Contract-Relax (PNF),"Flexibility Focus: Hip Flexion Description Start standing with feet wider than mat-width apart (I like to aim for about a 90 degree angle between my legs, but it doesn’t have to be exact). If you’ve got tight hamstrings, feel free to bend your knees a little. Keeping your back flat, hinge at the hips to lean forwards. Focus on rotating the front of your hip bones towards the floor, lifting your sits bones and tailbone away from the ground - you should be feeling a stretch in the back of your thighs (hamstrings). You may feel your butt drift backwards to counterbalance the weight of your upper body, that’s OK. Once you’ve leaned as far forwards as you can with a flat back (even if that’s not yet parallel to the floor), press both feet into the floor as you lift your torso back up to standing. Intentionally pushing your feet into the floor is something you need to add to help engage your hamstrings - without the “foot press” engagement, our back muscles do more of the work to lift our torso. Repeat for 8-12 reps. Bend your knees even more. As long as you’re still feeling a stretch in your hamstrings, you can bend your knees as much as you need to for this to feel comfortable-but-challenging. Brace your hands against your thighs for support. Straighten your legs. Reach your arms out to the side, or overhead - this will make the “lever arm” of your upper body feel heavier, so your hamstrings will have to work harder to lift the weight. Add weight. Hold weights in your hands, or a barbell on your back. For the purposes of flexibility training, pick a weight that still allows you to go through the same range of motion that you can as before you added weight.",All Levels,Active Dynamic,http://static1.squarespace.com/static/5ea57caad08f387b2e9827bd/61c7ae9bf497521cde72e756/63900dcdd39a8a1440052b6f/1671126473669/half+frogger+glutes+contract-relax+-+thumb.png?format=1500w,Adductor,n/a,Hip adduction,none,Active Adductor Stretch - Glutes,https://www.daniwinksflexibility.com/flexopedia/half-middle-split-glutes-contract-relax-pnf
Half Middle Split Leg Lifts & Slides,"A hybrid of fire hydrants and half frogger slides , this drill works to strengthen the muscles on both sides of the hip joint to help with middle split and straddle flexibility: targeting the glutes in their shortened position, and adductors (inner thighs) in their lengthened position. By sliding our leg out immediately after the leg lift (glute activation), we can take advantage of reciprocal inhibition , how our body naturally relaxes our inner thigh muscles while our glutes are contracting to allow movement to take place. Start kneeling with your hands on the floor, and extend one leg out to the side with the foot flexed, knee and toes pointing forwards (not up towards the ceiling like in a straddle). Keeping both hip bones pointing towards the floor (don’t let them tilt!), lift the straight leg off the ground. This should feel like a strong squeeze in your outer hip (in your glutes). Immediately slide the straight leg out to the side as far as you can, keeping the heel in line with your hips, to find your deep half frogger stretch . This should feel like a stretch in your inner thighs. Engage the muscles of your inner thighs by pressing the straight leg foot into the floor as you slide it back to the starting position, stacking your hips over your bent knee. That whole series (lifting the leg + sliding out + sliding back) is one rep. Repeat for 8-12 reps. Don’t slide out to your maximum end range stretch . Instead, opt for something that feels like 70-80% of your maximum stretch. Lean more wight into your hands to take weight out of your hips as you slide the leg out (and back). Try your leg slides with less weight in your hands , keeping fingertips on the floor for balance, or trying to do have of the slide without using your hands at all.",All Levels,Active Dynamic,http://static1.squarespace.com/static/5ea57caad08f387b2e9827bd/61c7ae9bf497521cde72e756/6390b64ae3f9a60b3058ec86/1671334971344/Half+Frogger+Leg+Lifts+and+Slide+-+Thumb.png?format=1500w,Adductors,n/a,Hip adduction,none,"Active Adductor Stretch - Glutes, Active Adductor Stretch - Adductors",https://www.daniwinksflexibility.com/flexopedia/half-middle-split-leg-lifts-and-slides
Half Middle Split Slides,"A half middle split is a helpful position to work in for many students because it allows us to work on our middle split flexibility focusing on one leg at a time (the bent knee does still get quite a stretch, but the straight leg is the focus leg). This active variation is a great strengthener for our inner thighs to not only get them stronger at their end range, but at a relatively full ROM so you can more comfortably move in and out of the end range position. You’re going to want to be able to slide your foot for this exercise, so practicing in socks, or using sliders under your feet will be helpful. Start kneeling with your hands on the floor (or on blocks). Kick one leg out to the side, with the thigh, knee, and toes pointing forwards (flexing the foot will help protect your ankle). Don’t let the knee and the toes rotate up towards the ceiling. Slide out to your half middle split (half frogger) stretch. Keeping the bent knee anchored on the floor, slide the straight leg out to the side, being careful to keep the heel in line with your hip (and not letting it slide backwards out of line). Slide out until you feel a deep stretch in your inner thighs. You’ll want to feel the stretch in your straight leg, but depending on your flexibility you may also feel it in the bent leg too. Once you’ve slid out to your deepest half frogger stretch, push the inside of the straight leg foot into the floor to contract your inner thigh muscles (adductors), and slide the foot back in as you bring your hips back to stack over your bent knee. Push into your hands as much as you need to as you’re sliding your legs back to help complete the action. That’s one rep. Repeat for 8-12 reps. Don’t slide to your maximum end range. It’s still valuable to strengthen other ranges of our stretch (especially if you get discomfort in your knees). Only slide as far as you can without feeling knee discomfort. Keep less weight in your hands. Try just hovering your fingers on the floor (or blocks) for ",All Levels,Active Dynamic,http://static1.squarespace.com/static/5ea57caad08f387b2e9827bd/61c7ae9bf497521cde72e756/63912518d4049a51114d02ae/1671126650782/Half+Middle+Split+Slides+-+thumb.png?format=1500w,Adductors,n/a,Hip adduction,none,Active Adductor Stretch - Adductors,https://www.daniwinksflexibility.com/flexopedia/half-middle-split-slides
Half Split Hip Unsquare-to-Square Slides,"If your front leg hip is usually the one to “go rogue” and unsquare when you slide out into your front splits, this is a great exercise to help train your body to understand what “ square ” hips feel like. Note: you’re going to need to be able to slide your foot on the floor for this drill, so that could mean wearing socks if you’re on carpet or hardwood floors, or using sliders. I’m actually using potholders in the video because they work great on hard floors! Start in a half split forward fold: from kneeling, extend on leg straight in front, putting your foot on a slider (or wearing socks so that foot can slide). Keeping your back flat, hinge at the hips to forward fold, resting your hands on a chair, yoga blocks, or the floor for balance. Make sure to keep your back flat (even if that means slightly bending the front knee). Staying in your flat-back forward fold, slide the front foot forward to open your hips out to the side (“unsquare-ing” your hips). Notice how this changes the stretching sensation in the front leg. Then pull the front foot (and hip) back, so that both hips are in line and pointing forwards (“square-ing” your hips). Notice how this new hip position may feel different! Repeat for a total of 5-12 foot slides, opening your hips out to a diagonal, then squaring them back to the front. Use hand support. This drill is much easier if you can lean your hands into something (a chair by your side, yoga blocks, etc.) and not just rest them on your hips or front thigh. Slightly bend the front knee. Lift your torso more. Instead of coming to your deepest forward fold, start in a shallower forward fold where it’s easier to adjust your hip position. Then work on adding more of a forward fold over time. Take your hips past “square.” Instead of stopping with your hip bones facing forwards, continue to rotate/twist your hips towards the front leg, twisting past the neutral/square position. That means you’ll be twisting from “unsquare” to “square” to “past square",All Levels,Active Dynamic,http://static1.squarespace.com/static/5ea57caad08f387b2e9827bd/61c7ae9bf497521cde72e756/63fcb4fc9bac5336e39b11fb/1677532217847/Half+Split+Hip+Unsquare-to-Square+Slides.png?format=1500w,Hamstrings,n/a,Hip extension; Knee flexion,none,Active Hamstring Stretch - Hamstrings,https://www.daniwinksflexibility.com/flexopedia/half-split-hip-unsquare-to-square-slides
Half Split Leg Lifts,"Strengthening your quads and hip flexors for your splits can help increase your range of motion to more deeply stretch the hamstrings in the front leg. Doing these in a kneeling position (compared to standing) makes them more challenging because you’re starting in a position where your hip is already in a relatively deeply flexed position. You can increase the difficulty further by adding a forward fold to really challenge your hips! Start kneeling next to a chair (or the wall) with your hand on the chair for balance (I do recommend a chair as opposed to yoga blocks, unless you have super flexible hamstrings and strong hips). Kick one leg forwards into your half split position (hips stacked on top of your back knee, front leg straight, both hips square to the front). Keeping your front leg straight and hips level, lift the leg off the ground (this should feel like a squeeze in your thigh and the front of your hip), and then let it lower back to the floor with control. Repeat for 8-12 reps. Elevate the bottom knee by kneeling on a yoga block, or do your leg lifts standing (instead of kneeling) Add a (flat back!) foreword fold. The more you lean forwards, the deeper the hamstring stretch and the shorter you’re making your hip flexors, making it more challenging for them to lift your leg.",Intermediate,Active Dynamic,http://static1.squarespace.com/static/5ea57caad08f387b2e9827bd/61c7ae9bf497521cde72e756/6390b070bec25f7774b8f6e8/1671332270351/Half+Split+Leg+Lifts.png?format=1500w,Hamstrings,n/a,Hip extension; Knee flexion,Can lift a straight leg to mid-thigh height (or higher) when standing,Active Hamstring Stretch - Hip Flexors,https://www.daniwinksflexibility.com/flexopedia/half-split-leg-lifts
Hero Pose,"Being able to comfortably sit kneeling on the floor with your butt on your heels (“hero pose” in yoga, or sometimes referred to as “sitting seiza”) requires quite a bit of quad (and ankle!) flexibility. Luckily there are simple ways we can modify this pose to help the quads get a challenging stretch without going overboard and hurting our knees or feet. And for students who can already comfortably sit in this position without feeling a stretch, there are modifications to make it more challenging as well. This quad stretch is also unique because it targets the three quad muscles that don’t cross the hip joint: our vastus intermedius, vastus lateralis and vastus medialis , while giving our usually tight rectus femoris a break flexing the hip. Start kneeling on the floor. If you have tight quads or ankles, place a yoga block (or two, or three… use as many as you need to feel comfortable and in control) between your ankles. If it’s comfortable on your ankles, point your toes out behind you (it’s OK if your ankle is still partially flexed) Sit your butt back towards your heels - either onto your yoga block(s) or onto your heels, feeling a stretch through the front of your thighs (in your quads) Hold for 20-30 seconds. Bolster your butt even higher, sitting on 2-3 yoga blocks. Lean back with your torso to turn this into a reclined quad stretch (only recommended if you have no knee discomofrt and the seated stretch feels very mild).",All Levels,Passive Static,http://static1.squarespace.com/static/5ea57caad08f387b2e9827bd/61c7ae9bf497521cde72e756/639125987a5c60721267e69f/1671121507195/Hero+Pose+-+Thumb.png?format=1500w,Quads,n/a,Knee extension; Hip flexion,,Passive Quad Stretch,https://www.daniwinksflexibility.com/flexopedia/hero-pose
High Cobra,"Range of Motion Stretched: Spinal Extension (backbending) High cobra is a classic backbending pose that typically targets the lower back. For folks more interested in mid or upper back flexibility, I’d suggest working more in your Low Cobra instead. Start in your Low Cobra pose: belly down, chest lifted, forearms pushing down into the floor, pulling elbows back towards your hips. Engage your transverse abdominis (these are the abdominal muscles that run around your waist) by sucking in your belly button and sides of your waist - this will increase the pressure in your abdominal cavity to take some of the pressure out of your low back. Keep that belly-button-sucking-in engagement as you slowly start to press up towards your high cobra, straightening your arms (as much as is comfortable, they don’t have to go all the way straight) lifting your belly off the floor. Hips should stay on the ground. Hold for 10-30 seconds. If you experience discomfort in the low back, you can add some glute engagement to tuck your tailbone towards the floor (“posterior pelvic tilt” aka tilting the hips backwards slightly) and see if that helps. Otherwise, lower your torso until you can find a position you can sustain holding pain-free. Keep the lift smaller - maybe something more like a “medium” cobra, halfway between belly totally lifted and belly completely on the floor, may feel like a better backbend. Add a quad stretch by bending your knees and squeezing your heels towards your butt (King Cobra variation)",All Levels,Passive* Static,http://static1.squarespace.com/static/5ea57caad08f387b2e9827bd/61c7ae9bf497521cde72e756/643740824fca5d24f9498722/1698754617183/high+cobra.png?format=1500w,Back,n/a,Spinal extension; Shoulder retraction,none,Back Stretch - Spinal Extension,https://www.daniwinksflexibility.com/flexopedia/high-cobra
High Cobra Arm Lifts,"Challenge your regular high cobra by adding in some active overhead shoulder reach conditioning! This is a great drill for students looking to deepen their overhead shoulder flexibility for arms-overhead backbends like bridges and needle scales. Start in your High Cobra pose. Bring your left hand to the middle of your mat. Reach your right arm forwards, arm straight, making a “thumbs up” sign with the thumb pointing towards the ceiling. Keeping your chest facing forwards (don’t let it twist!), slowly reach the right arm up-and-back as far as you can with the thumb pointing towards the ceiling (or straight behind you if you can reach that arm quite high), don’t let the thumb start to rotate to the middle, and don’t let the elbow bend. Slowly lower the arm back to the ground. That’s one rep. Repeat for 8-12 reps on one arm, then repeat on the other side. Lower your cobra and do these arm lifts in your low cobra pose intead. Instead of lifting a straight arm, bend the elbow 90 degrees and keep the elbow pointing towards the floor (don’t let it flare out to the side) as you try to lift and lower the elbow off of the ground. You may be surprised how much more challenging this is!",All Levels,Active Dynamic,http://static1.squarespace.com/static/5ea57caad08f387b2e9827bd/61c7ae9bf497521cde72e756/643741d8bc50b020f5e16290/1695726025599/high+cobra+arm+lifts.png?format=1500w,"Shoulder, Back",n/a,Shoulder internal rotation; Shoulder external rotation; Shoulder flexion; Spinal extension; Shoulder retraction,none,"Active Shoulder Stretch - External Rotation, Active Shoulder Stretch - Flexion, Back Stretch - Spinal Extension",https://www.daniwinksflexibility.com/flexopedia/high-cobra-arm-lifts
High Cobra Cat-Cow,"This combination of cat-cow and high cobra is a fun way to add some movement to your regular ol’ cobra pose. Start in a high cobra pose. Walk your hands slightly forwards and straighten your arms. Press into your hands as you: tuck your chin to your chest (round your neck), pull your chest and the space between your shoulder blades backwards (rounding your upper back), tuck your tailbone and lift your hips off the floor (rounding your low back). Hold for a moment (you should have your neck, back and hips rounded - make sure you don’t lift your hips so high that you start arching your back). Slowly lower back down one vertebrae at a time, dropping your hips, your belly, lifting your chest, and finally lifting your head back to your high cobra. That’s one rep. Repeat for 3-8 (slow!) reps. Try this in your low cobra instead (starting belly on the floor) Add more active back activation , when you “lower” back into your high cobra position, actively pull your tailbone towards the back of your head (tilting your hip bones forwards slightly into a “booty cobra” position), and reaching the back of your head towards your butt (engaging the back of your neck).",All Levels,Active Dynamic,http://static1.squarespace.com/static/5ea57caad08f387b2e9827bd/61c7ae9bf497521cde72e756/643742099b5aff6299c6af8e/1695740060494/high+cobra+cat-cow.png?format=1500w,Back,n/a,Spinal extension; Shoulder retraction,none,"Back Stretch - Spinal Extension, Back Stretch - Spinal Flexion",https://www.daniwinksflexibility.com/flexopedia/high-cobra-cat-cow
Hip Internal Rotation Knee Block Crunches,"This is drill is a fun active challenge for our hip flexors while we’re in an internally rotated hip position. Start sitting on the floor with knees bent. Place one yoga block the “wide” width between your feet, and a second yoga block the “skinniest” width between your knees - keeping our feet farther apart than our knees means we’ll be maintaining hip internal rotation . Lean back on your hands (or elbows) so you can flatten your back. Keeping your back flat, lift your knees towards your chest (this may feel like an engagement of your core, but it should also feel like a squeeze in the front of your hips), then drop your feet back down to the floor. Repeat for 8-12 knee lifts. Lean back more. Lean back on your elbows, or all the way onto your back. Sit your torso more upright. Add a resistance band around your ankles (instead of a block between your feet) and press your ankles out into the band the whole time as you do your knee lifts. This will more actively engage your internal hip rotators for a real challenge!",All Levels,Active Dynamic,http://static1.squarespace.com/static/5ea57caad08f387b2e9827bd/61c7ae9bf497521cde72e756/6397a9ac451bb263657c667b/1671332375980/Hip+internal+rotation+knee+block+crunches+-+thumb.png?format=1500w,,Hip Internal Rotators,Hip flexion; Hip extension; Hip rotation,none,Active Hip Internal Rotation,https://www.daniwinksflexibility.com/flexopedia/hip-internal-rotation-knee-block-crunches
Hips-on-Blocks Glutes Contract-Relax,"This is one of my all-time favorite active hip flexor stretches (anyone who’s taken class with me online or at Dollhouse here in Minneapolis will be intimately familiar with this because I do it almost every class - it’s THAT good). This is a great strengthener for our glutes helping our bodies learn to engage our glutes to pull our leg into a deeper hip flexor stretch. For those of you looking for flatter splits in the air, or square-er splits on the floor, this drill should be one of your go-tos! Unlike traditional PNF style contract-relax stretching, we don’t actually stay in the hip flexor stretch the whole time, we only hold the stretch while we’re in the contract portion of the stretch. Start lying on your back and slide a yoga block under your sacrum (the back of your hips). Extend one leg out straight (this is going to be our working leg), and bend the other knee, pulling it in toward your chest. Hug the knee towards your chest as much as you can , hug it in so much that your pelvis starts to tilt backwards and your straight leg floats off of the floor. Keep hugging your bent knee in toward your chest (as much as you can), and keep the straight leg straight (it’s going to want to bend, so make sure you’re engaging your quads to keep it from bending!), then press the straight leg down towards the floor. This should feel like a contraction in the straight leg’s glutes, and a stretch through the front of the hip (in the hip flexors). Don’t let the bent knee float away from your chest, and don’t let the straight leg bend! Keep pressing that leg down with constant tension/force for 10 seconds. After 10 seconds, relax the leg. Go ahead and give it a shake out, or do some bicycle kicks with your legs to give them a break. Return to your starting position with the same knee as before kicked straight out, and the same knee hugged in toward your chest. Repeat the contract-then-relax portion 2 more times, for a total of 3 rounds, then switch legs. Recruit a partner to ",All Levels,Static Active,http://static1.squarespace.com/static/5ea57caad08f387b2e9827bd/61c7ae9bf497521cde72e756/6397b8e2eda6b2425ff00117/1673232852831/Hips-on-Blocks+Hip+Flexor+Contract-Relax+-+thumb.png?format=1500w,Hip Flexors,n/a,Hip flexion,none,Active Hip Flexor Stretch - Glutes,https://www.daniwinksflexibility.com/flexopedia/hips-on-blocks-glutes-contract-relax
Horse Stance,"Horse stance has a bit of a cult following among flexibility coaches and practitioners for a reason - it’s really effing great at strengthening our hips for straddle and middle split type positions. If you’ve never tried this one before, get ready to feel the burn (in a good way!). Start standing with your feet as far apart. Bend your knees slightly and tilt your pelvis forwards (lifting your tailbone, slightly arching your low back) as if you were doing an extremely wide-legged squat. Start to heel-toe your feet wider, going as wide as you can while still a) keeping your knees slightly bent and b) keeping your torso lifted. Be sure to keep your pelvis tilted forwards (slight arch in your low back, hip bones angling diagonally down towards the floor) to avoid jamming the top of your thigh bone into your hip bone (ouch!). End with your toes facing forwards (not pointing out to the sides). This may feel like a stretch in your inner thighs, and possibly even the underside of your thighs depending on your flexibility. Your glutes and inner thighs will be firing as you hold this static position. Hold for 20-60 seconds (start with a shorter duration, if that’s easy, hold it for longer). If desired, repeat for 2 more sets of long holds (20s+) Place your hands on a chair (or wall) in front of you for balance/support. Hold your horse stance for a longer time.",All Levels,Active Static,http://static1.squarespace.com/static/5ea57caad08f387b2e9827bd/61c7ae9bf497521cde72e756/6390c1e0e3313f4d025a2e34/1671332611132/Horse+Stance+-+Thumb.png?format=1500w,Adductors,n/a,Hip adduction,none,"Active Adductor Stretch - Glutes, Active Adductor Stretch - Adductors",https://www.daniwinksflexibility.com/flexopedia/horse-stance
Kneeling Hip Rotation,"This kneeling hip rotation drill works on our hip rotation while our leg is in a neutral (or even slightly extended) position. Working on our hip rotation in this position can be especially helpful for students working on their “turn out”. Start kneeling on all fours. Extend one leg behind you, bending the knee so your foot points up toward the ceiling and lifting the knee to hip height. Be careful not to lift the knee so high that your back arches, we want the thigh to stay in line with our torso (parallel to the floor). Keeping your knee in the same spot, rotate your thigh to the outside (foot falling toward the inside), then thigh to the inside (foot falling towards the outside). Keep rotating your side to the outside and inside, flopping your foot side to side in the air, for 8-12 reps. Let the working leg drop so the knee is slightly lower than hip height. Engage the glutes to lift the knee just slightly higher than hip height (but without arching your back!) - this will put you into a position of hip extension (where the thigh is slightly behind the torso).",All Levels,Active Dynamic,http://static1.squarespace.com/static/5ea57caad08f387b2e9827bd/61c7ae9bf497521cde72e756/63900ff32765342d67855b69/1671319403938/Kneeling+Hip+Rotation+-+Thumb.png?format=1500w,,"Hip External Rotators, Hip Internal Rotators",Hip flexion; Hip extension; Hip rotation,none,"Active Hip Internal Rotation, Active Hip External Rotation",https://www.daniwinksflexibility.com/flexopedia/kneeling-hip-rotation
Kneeling Lunge,"The kneeling lunge is really the most basic hip flexor stretch there is. It’s not only a great passive stretch in its own right, but there are oodles of other passive and active lunge variations you can add to spice up your stretching routine, or target your muscles differently. Start kneeling, taking a big step forwards with one foot so that the knee is stacked over the ankle. Keep your torso lifted with shoulders stacked on top of your hips (avoid leaning forwards), and “square” your hips by pointing both of your hip bones forwards. If you find balance challenging/awkward: place your hands on something for balance - this could mean practicing near a wall or a chair to rest a hand on, or if your lunge is low enough, placing your hands on yoga blocks (so long as you aren’t leaning forwards to reach the blocks!) If your back knee hurts: add some padding under the knee - roll up your yoga mat, fold up a towel or a blanket, or throw a pillow under there. This is actually a pretty common complaint I hear from students, so I wrote a whole blog post on this topic. If you can’t find a solution to keep your knee happy, don’t push through the pain! Opt for a different stretch (like a standing lunge ) Tuck your tailbone down towards the floor, trying to rotate your hips backwards ( posterior pelvic tilt ) so that you’re feeling a stretch in the muscles in the front of the back leg’s hip. If you don’t feel much of a stretch, press your hips forwards (squeezing the glutes in your back leg), you may need to step the front foot farther forwards to keep the knee on top of the ankle. Hold for 20-60 seconds. Keep the initial “big step forwards” small , so that both knees are bent 90 degrees. Bend your back knee, pulling your heel towards your butt for an extra quad stretch. Turn it into a standing lunge by tucking your back toes and straightening your back knee.",All Levels,Passive Static,http://static1.squarespace.com/static/5ea57caad08f387b2e9827bd/61c7ae9bf497521cde72e756/6388e5c9fd1251111e6c0001/1671334539904/Kneeling+Lunge+-+thumb.png?format=1500w,Hip Flexors,n/a,Hip flexion,none,Passive Hip Flexor Stretch,https://www.daniwinksflexibility.com/flexopedia/kneeling-lunge
Kneeling Lunge Hip Flexor Contract-Relax (PNF),"Contract-relax style stretching (sometimes also referred to as PNF) is a great way to strengthen-while-you-stretch. This drill focuses on contracting and relaxing our hip flexors while they’re in a stretched position, both helping make them stronger at their end range, and helping you sink deeper into the stretch over time. Note: there are lots of different variations of doing contract-relax style stretching, varying contraction intensity, duration, etc. This happens to be my preferred method, but feel free to experiment! Start in a kneeling lunge : front knee stacked on top of the front ankle, both hip bones pointing forwards (“square” hips), and torso lifted (shoulders stacked on top of your hips). If you find balance challenging/awkward: place your hands on something for balance, like a chair or the wall If your back knee hurts: add some padding under the knee - roll up your yoga mat, fold up a towel or a blanket, or throw a pillow under there. This is actually a pretty common complaint I hear from students, so I wrote a whole blog post on this topic. If you can’t find a solution to keep your knee happy, don’t push through the pain! Opt for a different stretch (like a standing lunge) Tuck your tailbone down toward the floor (tilting your hip bones up and back slightly, aka posterior pelvic tilt ) to ensure you’re getting a good stretch through the front of the back leg’s hip (hip flexors). Keeping your torso lifted and tailbone tucked (we want to keep the hip flexors in the lengthened position), engage the muscles in the front of the back leg’s hip (your hip flexors) by pressing the back knee forwards. You don’t have to press so hard to actually move the knee (in fact we want to keep the knee planted to keep the hip flexors in their stretch), but enough to feel the muscles contracting/engaging. Hold this contraction for 10 seconds After 10 seconds of squeezing, relax the back leg, and hold your passive stretch. If it feels good, you can try to sink a little lower",All Levels,Active Static,http://static1.squarespace.com/static/5ea57caad08f387b2e9827bd/61c7ae9bf497521cde72e756/638eab95dbe80547b7573673/1671334576131/Active+Kneeling+Lunge+-+Hip+Flexors.png?format=1500w,Hip Flexors,Hip Flexors,Hip flexion,none,Active Hip Flexor Stretch - Hip Flexors,https://www.daniwinksflexibility.com/flexopedia/kneeling-lunge-hip-flexor-contract-relax-pnf
Kneeling Lunge Quads Contract-Relax (PNF),"This drill helps us stretch (and strengthen) our quads to support deeper lunges and hip extension. Similar to hip flexor engaged PNF in a lunge , this exercise alternates contracting and relaxing our quadriceps to sink into a deeper stretch. Note: there are lots of different variations of doing contract-relax style stretching, varying contraction intensity, duration, etc. This happens to be my preferred method, but feel free to experiment! Start in a kneeling lunge : front knee stacked on top of the front ankle, both hip bones pointing forwards (“square” hips), and torso lifted (shoulders stacked on top of your hips). If you find balance challenging/awkward: place your hands on something for balance, like a chair or the wall If your back knee hurts: add some padding under the knee - roll up your yoga mat, fold up a towel or a blanket, or throw a pillow under there. This is actually a pretty common complaint I hear from students, so I wrote a whole blog post on this topic. If you can’t find a solution to keep your knee happy, don’t push through the pain! Opt for a different stretch (like a standing lunge) Tuck your tailbone down toward the floor (tilting your hip bones up and back slightly, aka posterior pelvic tilt ) to ensure you’re getting a good stretch through the front of the back leg’s hip (hip flexors). Keeping your tailbone tucked and torso upright (our goal is to keep the hip flexors in the stretched position the whole time, so don’t lose that stretch!), engage your quads by pressing the back foot down into the floor. If this is uncomfortable on your ankle, you can tuck your toes and press the ball of your foot into the floor instead of the top of the foot. Hold this contraction for 10 seconds - you should be feeling a strong squeeze in the front of your back leg’s thigh. After 10 seconds of squeezing, relax the back leg, and relax into your passive stretch, sinking the hips a little lower if you can. Hold the passive stretch for 20 seconds. Repeat for anot",All Levels,Active Static,http://static1.squarespace.com/static/5ea57caad08f387b2e9827bd/61c7ae9bf497521cde72e756/6390f91fc754520684556b14/1671334593669/Active+Kneeling+Lunge+-+Quads.png?format=1500w,Hip Flexors,n/a,Hip flexion,none,Active Hip Flexor Stretch - Quads,https://www.daniwinksflexibility.com/flexopedia/kneeling-lunge-quads-contract-relax-pnf
Kneeling Lunge with Side Bend,"This variation on the classic kneeling lunge gives the psoas muscle (one of your primary hip flexors) an extra stretch. Your psoas muscles connect the vertebrae from our lumbar spine to the front/inside of your thigh bone (which is what helps us lift our leg when they contract). To help lengthen these muscles even more in a lunge, we can lean to one side, pulling the top of the muscle that connects to the vertebrae in our spine even longer. Start in a kneeling lunge with your left leg in front (left knee stacked over the front ankle, both hip bones pointing forwards, torso lifted so that shoulders are stacked on top of the hips). Tuck your tailbone and flatten out your low back to increase the stretch in the front of the back leg (the right leg) - those are your hip flexor muscles. Keeping your tailbone tucked and chest facing forwards, raise your right hand overhead as you lean across to the left. Your left hand can brace against your left hip, front thigh, or a block on the floor (if you can reach) for balance. Hold for 15-30 seconds. Cross your arm over your chest when you lean to the side. If the side lean feels like an intense stretch in your shoulder or your ribs, cross your arm in front of your chest as you tilt to the side. Do it in a standing lunge. A standing lunge is more active (because you have to keep your quads engaged), so can feel more challenging to add the side stretch to.",All Levels,Passive Static,http://static1.squarespace.com/static/5ea57caad08f387b2e9827bd/61c7ae9bf497521cde72e756/638e8d8849982925bf5d186c/1676840141837/Kneeling+Lunge+with+Side+Bend+-+thumb.png?format=1500w,"Hip Flexors, Back",n/a,Hip flexion; Spinal extension; Shoulder retraction,none,"Passive Hip Flexor Stretch, Passive Back Stretch - Spinal Lateral Flexion",https://www.daniwinksflexibility.com/flexopedia/kneeling-lunge-with-side-bend
Legs Up the Wall,"If you’re someone who struggles with keeping your back flat when doing a forward fold, or just has tighter hips, this lying down variation can be a gentler hamstring stretch that’s easier to perform with “proper” form. Unlike in a standing forward fold where all the weight of your torso is pushing your hamstrings into the stretch, the wall supports the weight of your legs, taking away some of the discomfort. Start lying on your back with knees bent and scoot your butt all the way up against the wall. The underside of your butt (your “sits bones”) should be pressed against the wall. Rest your legs against the wall with feet overhead, about hip-width apart. Straighten your legs as much as is comfortable (meaning keeping a bend in your knees is OK!) until you’re feeling a stretch in the back of your thighs (hamstrings). Be careful to keep the back of your hips bones pressed into the floor, don’t let your tailbone start to tuck up as you straighten your legs (which would mean your hip bones are moving along with your thighs, which will reduce the stretch). Hold for 20-60 seconds. Keep your knees pretty damn bent. Only straighten your legs as much as you need to to feel a gentle stretch Turn this into a more active drill by adding movement and turning it into wall heel slides. Add blocks under your feet if you can comfortably straighten your knees all the way and the stretch still feels easy Lift your torso by propping your upper body up on your elbows or your hands to start forward folding your torso towards your legs. But keep that back flat!",All Levels,Static Passive,http://static1.squarespace.com/static/5ea57caad08f387b2e9827bd/61c7ae9bf497521cde72e756/6388da9e8125a23ee9903f41/1671332774329/Legs+Up+the+Wall+-+Thumb.png?format=1500w,Hamstrings,n/a,Hip extension; Knee flexion,none,Passive Hamstring Stretch,https://www.daniwinksflexibility.com/flexopedia/legs-up-the-wall-stretch
Low Cobra,"Range of Motion Stretched: Spinal Extension (backbending) Low cobra is a great choice for students working on middle and upper back flexibility because it doesn’t allow the lower back to contribute much to the backbend. There are lots of variations of ways you could choose to engage your muscles in low cobra, and I use it as a base for many other drills (like low cobra arm lifts ), so feel free to explore other varaitions! Note: this “low cobra” is different than the traditional yoga version of “low cobra” (where hands are on or off the floor, elbows lifted), this would be more similar to yoga’s sphynx pose . Start lying belly-down on the floor, planting your elbows underneath (or just in front) of your shoulders, forearms pressing into the floor. Keep your entire stomach on the floor, and the very bottom ribs of the rib cage on the floor, don’t let the belly start to lift! Keeping the forearms stuck to the floor, pull your elbows back towards your hips as if you are trying to pull your chest/sternum forwards through your upper arms - this should feel like a squeeze in your lats (outer armpit and/or side body running down to your mid back). Hold for 10-20 seconds.",All Levels,Passive Static,http://static1.squarespace.com/static/5ea57caad08f387b2e9827bd/61c7ae9bf497521cde72e756/6437400ac01198571012e841/1695674218076/low+cobra.png?format=1500w,Back,n/a,Spinal extension; Shoulder retraction,none,Back Stretch - Spinal Extension,https://www.daniwinksflexibility.com/flexopedia/low-cobra
Low Cobra Arm Lifts,"This more “active” variation of low cobra involves a bit of “multitasking” active shoulder flexibility by adding in an arm lift component. Start in a low cobra pose (belly down, elbows underneath shoulders, forearms pressing into the floor to lift the chest). Reach the left hand across to touch your right wrist (we’re just setting up the left forearm at a slight diagonal in front of our body to make balancing easier). Continue pressing down into the left forearm so that your chest doesn’t drop as you reach your right arm forwards, straightening the arm and making a “thumbs up” sign with your thumb pointing towards the ceiling. Keep the thumb facing the ceiling as you slowly lift the right arm - don’t let the elbow bend, don’t let the thumb start to point inwards, and don’t let the chest drop. Then slowly lower the arm back down. That’s one rep. Repeat for 8-12 reps on the right arm, then switch to the left.",All Levels,Active Dynamic,http://static1.squarespace.com/static/5ea57caad08f387b2e9827bd/61c7ae9bf497521cde72e756/6437413dc29a7560bce32b18/1695674505307/low+cobra+arm+lifts.png?format=1500w,"Shoulder, Back",n/a,Shoulder internal rotation; Shoulder external rotation; Shoulder flexion; Spinal extension; Shoulder retraction,none,"Active Shoulder Stretch - External Rotation, Active Shoulder Stretch - Flexion, Back Stretch - Spinal Extension",https://www.daniwinksflexibility.com/flexopedia/low-cobra-arm-lifts
Low Lunge Hip Circles,"This is less an intense active strengthening drill and more of a gentle mobility drill for our hip flexors while they’re in a stretched position. I like to include this as part of my warm up flow any time I know I’ll be hitting my hip flexors in my training. Start in a kneeling lunge with your front knee stacked over your front foot. Lean forwards and place one hand on each side of the front foot (either on the floor, or on blocks if that’s more comfortable). Adjust your stance (if you need to) so that the front knee is stacked on top of the front ankle, and not leaning past the toes. Tuck the toes of the back foot and lift the knee off the ground. Once your back knee is lifted start to trace a vertical circle with your hips: press your hips up towards the ceiling, over to one side, down to the floor, over to the other side, and keep circling. The straighter you keep the back leg, the greater the stretch you’ll feel in the front of that leg as you swoop your hips towards the floor. Repeat for 5-10 circles in one direction, then switch directions. Drop the back knee to the floor. Lift your torso. Flip your yoga blocks to a higher height and lift your belly off your front thigh. You’ll still want to lean forward so you can keep weight in your hands for balance and to help with the movement.",All Levels,“Active” Dynamic,http://static1.squarespace.com/static/5ea57caad08f387b2e9827bd/61c7ae9bf497521cde72e756/6390c2c3bd7ad756535d5615/1671334699362/Low+Lunge+Hip+Circles.png?format=1500w,Hip Flexors,n/a,Hip flexion,none,Active Hip Flexor Stretch - Quads,https://www.daniwinksflexibility.com/flexopedia/low-lunge-hip-circles
Lunge Hip Unsquare-to-Square Slides,"If your back leg hip is usually the one to “go rogue” and unsquare when you slide out into your front splits (or lunges), this is a great exercise to help train your body to understand what “ square ” hips feel like to make sure you’re getting the best hip flexor stretch possible. Note: you’re going to need to be able to slide your foot on the floor for this drill, so that could mean wearing socks if you’re on carpet or hardwood floors, or using sliders. I’m actually using potholders in the video because they work great on hard floors! Start in a low lunge. Tuck the back toes (and slip a slider under the foot if you can’t already slide that foot on the floor) as you flex the back foot. Lift your chest so your torso is vertical, shoulders stacked on top of your hips (avoid leaning forwards during this drill!), placing your hands on yoga blocks, a chair, or your hips for balance. Lift your back knee (straightening the back leg as much as you can), bringing you into a standing low lunge position. Keeping your torso lifted and back leg straight, slide the back foot backwards, opening your hips out to the side (“unsquare-ing” your hips). Then press the back foot (and back leg hip) forwards back to point your hips all the way to the front (“square-ing” your hips). Repeat for a total of 5-12 foot slides, opening and closing your hips. Don’t worry about straightening the back leg all the way . You can keep a bend in the knee, and float the bent knee over the floor. OR if it’s comfortable on your knee, place your knee on a slider and slide your knee forwards and backwards to open/close your hips (instead of your foot). Take your hips past “square.” Keep the back leg totally straight the whole time.",All Levels,Active Dynamic,http://static1.squarespace.com/static/5ea57caad08f387b2e9827bd/61c7ae9bf497521cde72e756/63fcadbf2f5b01231107db3d/1677681398063/Lunge+Hip+Unsquare-to-Square+Slides.png?format=1500w,Hip Flexors,n/a,Hip flexion,none,"Active Hip Flexor Stretch - Quads, Active Hip Flexor Stretch - Hip Flexors",https://www.daniwinksflexibility.com/flexopedia/lunge-hip-unsquare-to-square-slides
Lunge Knee Taps,"This is a great “active” (strengthening) variation of a traditional kneeling lunge that can help strengthen both your quads and your glutes to better support deeper lunges (and front splits!). Note: because we’ll be transitioning from a kneeling to standing lunge, you may want to do this drill next to a wall or a chair to have a hand on for balance. Start in a kneeling lunge with your front shin vertical (knee stacked on top of the ankle), hips “square” (both hip bones pointing forwards), and torso lifted (shoulders stacked on top of hips). Try not to lean forwards - which reduces the stretch in your hip flexors. If you’re not feeling a stretch in your hip flexors, tuck your tailbone towards the floor even more. Tuck the toes of the back foot and start to lift the back knee off of the floor (this should feel like a strong squeeze in the front of the back leg thigh (your quads). It’s OK if the knee only lifts a couple of inches and the leg doesn’t straighten all the way. Your challenge is to: keep your chest lifted (don’t lean forwards) and try to keep your hips from floating up higher in the air as you lift the back knee (which means you’ll have to engage your glutes in the back leg to help keep pushing your hips to stay lower). Bend the knee and bring it down to just barely tap the floor, then lift the knee back up. Repeat for 8-12 knee lifts/taps. Lean forwards. Leaning forwards will reduce some of the stretch you get in your hip flexors, but it can still be an effective strengthener for your quads and glutes. Elevate the back foot off the floor. If you can easily get your back leg straight while keeping your hips low, you can make this more challenging by elevating your back foot (on a yoga block or two, low table, or if you’re quite flexible, a chair).",All Levels,Active Dynamic,http://static1.squarespace.com/static/5ea57caad08f387b2e9827bd/61c7ae9bf497521cde72e756/638e94e45e03e4174ccc6a6e/1671332851127/Lunge+Knee+Taps+-+Thumb.png?format=1500w,Hip Flexors,n/a,Hip flexion,none,"Active Hip Flexor Stretch - Quads, Active Hip Flexor Stretch - Glutes",https://www.daniwinksflexibility.com/flexopedia/lunge-knee-taps
Lunge with Hand-Supported Backbend,"* While we aren’t actually stretching the muscles in our back at all (remember, back bending is really front lengthening !), colloquially most people do think of backbends as “back stretches” so I’m listing it as such * This isn’t truly a “passive” stretch because our hips and core are actually quite engaged, but compared to other variations of this stretch, I’d consider this one of the more passive versions I love love love this drill as an exercise for students to learn how to stretch their hip flexors to allow for deeper backbends. Whether you’re working towards split-y backbends like needle scales, or just “regular” backbends like bridges, working on your hip flexor flexibility can allow you to safely access more bend in the low back without crunching your lumbar vertebrae together. Start in a kneeling lunge (front knee stacked over the front ankle, torso lifted, hips square). Because we’ll be adding a backbend, it’s extra important to keep our hips square (pointing forwards) to give us a stable base for our backbend. If you let your hips un-square and open out to the side, it turns more into a backbend-y twist (not ideal). Place your hands on the back of your hips - I like thumbs in, fingers to the outside, but any position that feels comfortable on your wrists is fine. Engage your core by sucking your belly button in (we’re going to keep that engagement throughout, so don’t lose it!). Push your hips forwards by engaging your glutes (especially the glutes in the back leg! Keep pushing that hip bone forwards!) and pressing with your hands to assist. Once you’ve reached your hips as far forwards as you can, and increased the stretch through the front of the back leg hip, lift your chest towards the ceiling to start to arch your back. Keep your belly button sucked in and hips pressing forwards as you arch back. If it’s comfortable on your neck, you can let your head fall back, but if that feels “crunchy” on your neck, or makes balance more challenging, you can abs",All Levels,“Passive” Static,http://static1.squarespace.com/static/5ea57caad08f387b2e9827bd/61c7ae9bf497521cde72e756/638fd39981ece801a7c7f64c/1676840167871/Lunge+with+Hand-Supported+Backbend+-+Thumb.png?format=1500w,"Hip Flexors, Back",n/a,Hip flexion; Spinal extension; Shoulder retraction,none,"Passive Hip Flexor Stretch, Passive Back Stretch - Spinal Extension",https://www.daniwinksflexibility.com/flexopedia/lunge-with-hand-supported-backbend
Middle Split,"A middle split is an intense inner thigh stretch, as well as a fun skill/pose in its own right. Start in a low squat, or kneeling on the floor. Kick one leg out straight to the side, then the other. Make sure both legs’ thighs, knees and toes are pointed forward (feet flexed - the outsides of your feet can be lifted, the sole of your foot does not have to be flat on the floor), and heels are in line with your hips. Keeping your knees facing forwards, slide your legs out as wide as you can (without knee pain). You should be feeling a deep stretch in your inner thighs. If you feel any pinching in your outer hip, check out this blog post to troubleshoot If your knees hurt, check out this blog post for suggested modifications Hold this passive stretch for 20-60 seconds. Take the weight out of your knees by doing your middle split on your back, like as in a supine straddle at the wall . Support your knees by placing yoga blocks under your thighs (if your legs are low enough to the ground) to take pressure off your hips and knees. Bend your knees and work on your frogger stretch instead. Place a block under one or both of your feet to work on your middle oversplits (only if your current middle splits are flat or close-to-flat).",All Levels,Passive Static,http://static1.squarespace.com/static/5ea57caad08f387b2e9827bd/61c7ae9bf497521cde72e756/63965a20c8f60153c4253eab/1671334625418/Middle+Split+-+Thumb.png?format=1500w,Adductors,n/a,Hip adduction,none,Passive Adductor Stretch,https://www.daniwinksflexibility.com/flexopedia/middle-split
Open Sesames,"Range of Motion Strengthened: Shoulder external rotation This is a great drill to help strengthen your shoulder external rotation , especially if you’re trying to use that range of motion in arms-overhead positions like a bridge or a handstand. While I have a zillion drills I like for shoulder external rotation conditioning (because it’s so important to backbending!), this is a particularly nice one because you have to train one arm at a time, and can’t let a “stronger” shoulder make up for a “weaker” shoulder. Start by bending your elbows and stacking your forearms on top of each other in front of your chest with palms facing down (just like you’re doing a pose from I Dream of Jeannie ). The bottom arm is just going to be there for support, the top arm will be the “working” arm. Keeping the top arm’s elbow in the same spot, rotate your upper arm to peel your forearm away from the bottom arm, trying to reach your fingertips up toward the ceiling (or if you can rotate past that position, continue to rotate the arm to reach towards the outside). Make sure to keep a 90 degree bend in the elbow the whole time, this motion should be coming entirely from rotating the upper arm (bicep rotating away from your midline). If it feels easy to rotate your arm 90 degrees from the starting position, lift your elbows higher until it feels more challenging (as you lift your elbows, instead of rotating the arm to lift your hand toward the ceiling, it’ll start rotating to reach the hand behind your head). Lower the forearm back to the starting position resting on top of the other arm. That’s one rep, repeat for 8-12 arm opens. Keep the elbows at chest height. Lift the elbows up heigher.",All Levels,Passive Static,http://static1.squarespace.com/static/5ea57caad08f387b2e9827bd/61c7ae9bf497521cde72e756/63ebfaaaa597fd6fb4af9920/1698755549753/Open+Sesames.png?format=1500w,Shoulder,n/a,Shoulder internal rotation; Shoulder external rotation; Shoulder flexion,none,Active Shoulder Stretch - External Rotation,https://www.daniwinksflexibility.com/flexopedia/open-sesames
Overhead Shoulder Shrugs,"This is a great exercise to strengthen the muscles that help us elevate our shoulder blades (which can allow more overhead-reaching-back range of motion), making it a great active compliment for folks working on their overhead shoulder flexibility. It’s also a standard staple of handstand conditioning. Standing or sitting, reach both arms forwards, and then up overhead as much as you can, keeping your palms facing inwards and arms straight. Wrap your shoulder blades towards the front of your chest (into shoulder external rotation ) - you can do this by: rotating your biceps backwards reaching the outside of your armpits forwards trying to rotate your palms from facing each other, to trying to face them behind you Your personal challenge is going to be to keep the shoulder blades hugging the sides of your ribs the whole time, not letting them flop back towards your spine. Keeping your shoulder blades wrapped forwards, shrug your shoulders up towards your ears, reaching your hands as high as you can up toward the ceiling. Then pull the shoulder blades back down your ribs (as low as you can without feeling any “pinching”). Repeat for 8-12 shoulder shrugs. Drop the arms a little bit lower - instead of reaching directly overhead, reach them slightly forwards overhead Hold a yoga block between your hands to avoid flipping the palms forwards (and internally rotating the shoulders) Add bodyweight - instead of shrugging overhead in the air, try doing this same shoulder shrug motion in a down dog pose.",All Levels,Active Dynamic,http://static1.squarespace.com/static/5ea57caad08f387b2e9827bd/61c7ae9bf497521cde72e756/63ebd2ccf71b3202cebc737f/1676404808329/Overhead+Shoulder+Shrugs.png?format=1500w,Shoulder,n/a,Shoulder internal rotation; Shoulder external rotation; Shoulder flexion,none,"Active Shoulder Stretch - Flexion, Active Shoulder Stretch - External Rotation",https://www.daniwinksflexibility.com/flexopedia/overhead-shoulder-shrugs
Pendulum Leg Swings,"This is one of my favorite (gentle) active flexibility drills to warm up our hip rotation. I include this as part of my regular hip warm up for any leg flexibility practice. Start standing. Lift one leg up, bending the knee, bringing the knee to hip height right in front of the hip (so the hip should be flexed 90 degrees, and the knee flexed 90 degrees, knee in line with the hip). Keeping the knee in the same spot (don’t let it droop or flop around), rotate your thigh to the outside, swinging your foot across your midline. Then rotate your thigh towards the inside, swinging your foot towards the outside. Don’t worry if this is a smaller range of motion (most people find thigh-to-the-outside, or external rotation a bit easier, but not all!). Continue “pendulum swinging” your foot side to side, keeping your knee right in front of the hip, and hip bones level (don’t let them lift or tilt as you rotate your thigh). Repeat for 5-10 swings in each direction. Sit in a chair and rotate your thigh inside/outside while seated (this allows your hip flexors to relax instead of squeezing to keep your knee lifted). Add a resistance band . Flex both feet and loop a light resistance band between the outside of each foot so that swinging the working leg foot side to side is more challenging.",All Levels,Active Dynamic,http://static1.squarespace.com/static/5ea57caad08f387b2e9827bd/61c7ae9bf497521cde72e756/6397b654ccf4f145bed1e23f/1671319469587/pendulum+leg+swings+-+thumb.png?format=1500w,,"Hip Internal Rotators, Hip External Rotators",Hip flexion; Hip extension; Hip rotation,none,"Active Hip Internal Rotation, Active Hip External Rotation",https://www.daniwinksflexibility.com/flexopedia/pendulum-leg-swings
Pigeon Pose,"Pigeon pose is a classic passive hip opener, stretching the glutes and working our hip external rotation - but it can be challenging for students with tight hips find a comfortable, productive stretch without tweaking their front knee. So let’s take a look at different modifications for our pigeon pose to help make it comfortable-but-challenging for your current hip flexibility level. From kneeling on the floor, bend one knee and place it on the ground in front of you, and extend your other leg straight behind you. Bring your front foot snug in towards your groin so the front thigh is rotated towards the outside. If this already feels like an intense stretch, or is uncomfortable on the front knee, add a yoga block (or two!) under the front leg’s hip to help support your hips. Once you’ve got your legs in position, add as much of a forward fold as you’d like. Generally the deeper you forward fold, the more intense the stretch in the outer hip of the front leg (the glutes) becomes. Hold for 20-60 seconds. Kick the back leg out to the side instead of extending it straight behind you. “Square” your hips so that both hip bones are pointing straight forwards, and not opening up out to the sides. Bring your front foot away from your groin, starting to bring it towards the outside of your mat (eventually working towards bringing the shin parallel to the front edge of your mat (only if that feels ok on your front knee!)",All Levels,Passive Static,http://static1.squarespace.com/static/5ea57caad08f387b2e9827bd/61c7ae9bf497521cde72e756/6397b3101a1c6a5c5e49e61b/1671319193043/Pigeon+Pose+-+Thumb.png?format=1500w,Glutes,Hip External Rotators,Hip extension; Hip external rotation; Hip flexion; Hip rotation,none,"Passive Glute Stretch, Passive Hip External Rotation",https://www.daniwinksflexibility.com/flexopedia/pigeon-pose
Prone Block Push,"Range of Motion Strengthened: Shoulder flexion For folks working on strengthening their overhead shoulder flexibility, this is a great drill to strengthen some of the muscles that are in a lengthened position when the arms are overhead. It’s one of my favorites for folks working on strengthening their shoulders for handstands. Start lying on your stomach, with both arms straight overhead, hands resting on low yoga blocks (the lower the blocks, the easier). Wrap the outside of the armpits towards the floor (wrap your scapula towards the sides of your ribs) as you press your hands into the blocks to lift your chest just an inch or two off of the floor. Keep the arms straight. The goal is to keep the shoulders in a “stretched” / “open” position as much as you can, not “close” them and lift your chest super high as if you were performing a hollow body. So the lower you keep your chest, the more challenging this will be! Hold for 10-20 seconds. Kneel in a child’s pose instead of lying on your stomach . This will take some of the weight out of your shoulders, making it easier to maintain proper form. Make the blocks taller and challenge yourself to keep the chest low - only lift an inch off the ground!",Intermediate,Active Static,http://static1.squarespace.com/static/5ea57caad08f387b2e9827bd/61c7ae9bf497521cde72e756/65405bedfcbe7012ad97a748/1698717480600/prone+block+push.png?format=1500w,Shoulder,n/a,Shoulder internal rotation; Shoulder external rotation; Shoulder flexion,Able to reach arms 180* overhead (or close to 180*),Active Shoulder Stretch - Flexion,https://www.daniwinksflexibility.com/flexopedia/prone-block-push
Prone Butt Kicks,"This variation of the (passive) prone quad stretch makes it an active drill by adding a hamstring engagement component. Start lying on your stomach, with legs splayed hip-width apart on the floor. Bend one knee and squeeze the heel towards your butt as much as you can - you should feel a strong contraction in the back of your thigh (in your hamstrings) and a stretch through the front of your thigh (in your quads), then relax your shin back down to the floor. Repeat for 8-12 reps. Make it a passive stretch - grab your ankle (or a strap) to hold the leg in a (passive) prone quad stretch . Lift the working leg’s knee off the floor . Lifting the knee will require you to engage your glutes (and even your hamstrings more), pulling your leg into hip extension , giving your hip flexors a bit of a stretch as well.",All Levels,Active Dynamic,http://static1.squarespace.com/static/5ea57caad08f387b2e9827bd/61c7ae9bf497521cde72e756/6390fa9d7aaf3a3920bb3fb5/1671121612605/Prone+Butt+Kicks.png?format=1500w,Quads,n/a,Knee extension; Hip flexion,none,Active Quad Stretch,https://www.daniwinksflexibility.com/flexopedia/prone-butt-kicks
Prone Feet Opens,"This is essentially a more active version of the prone foot splay (passive hip internal rotation stretch). In this stretch, we actively engage our hip internal rotators to pull our feet as far apart as we can. For an (optional) extra challenge, you can try this with your knees lifted in the air (working in hip extension ). Start lying on your stomach. Place a yoga block between your knees for spacing/support (either on the skinny width, or the medium width if that feels more comfortable - don’t use the widest setting). Bend your knees so your feet are pointing up towards the ceiling (feet can be pointed or flexed, ankle position doesn’t matter). Start to rotate your thighs towards each other, reach your feet as far apart as you can (without pushing through any knee or hip pain). Hold for a moment, then bring the feet back together. That’s one rep. Repeat for 8-12 leg opens. Keep it more passive , only let the feet splay out as far as gravity can comfortably open your feet, then bring them back together. Engage your glutes to lift the knee block off the floor , and try your foot splays with the knees (actively) elevated. Add a resistance band around your ankles.",All Levels,Active Dynamic,http://static1.squarespace.com/static/5ea57caad08f387b2e9827bd/61c7ae9bf497521cde72e756/639001d03fe8d8074e2f4603/1671331557906/face+down+feet+opens+-+bw+thumb.png?format=1500w,,Hip Internal Rotators,Hip flexion; Hip extension; Hip rotation,none,Active Hip Internal Rotation,https://www.daniwinksflexibility.com/flexopedia/prone-feet-opens
Prone Foot Splay,"Flexibility Focus: Hip Internal Rotation This is a gentle stretch for our internal rotators while our legs are in a neutral (as opposed to flexed , or abducted ) position. Start lying on your stomach, legs about hip-width apart. Place a yoga block on the skinny or medium width setting between your knees for support Bend your knees so your feet are pointing up towards the ceiling (ankles can be pointed or flexed, doesn’t matter!). Gently pressing your knees into the yoga block for support, let your feet splay out to the side. Be concious to keep a 90 degree bend in the knees, and not let the feet drift towards your butt or towards the bottom of the mat.. Hold this passive stretch for 20-30 seconds. Adjust the width of your knees - depending on your hip anatomy (and flexibility), starting with the knees a bit closer together or a bit farther apart may feel more comfortable for your hips. Don’t push through this exercise if you feel any sharp knee or hip pain. Lose the yoga block , but keep some space between your knees. This will engage some of the muscles in the outside of your hips to keep your knees from collapsing in on each other. Slightly elevate your knees. Elevating our knees puts our legs into hip extension , which is a more challenging position to use our hip internal rotators in. Try doing this exercise with your knees on top of a folded towel or yoga mat.",All Levels,Passive Static,http://static1.squarespace.com/static/5ea57caad08f387b2e9827bd/61c7ae9bf497521cde72e756/639731c0149e96593a474e32/1671319227761/Prone+Foot+Splay+-+Thumb.png?format=1500w,,n/a,Hip Internal Rotation,none,Passive Hip Internal Rotation,https://www.daniwinksflexibility.com/flexopedia/prone-foot-splay
Prone Quad Stretch,"This is a classic “passive” (relaxed) stretch for the quadriceps that can easily scale for any flexibility level. I prefer this to a standing quad stretch for beginners / stiffer students because it’s easier to modify with a strap. There are also various ways you can make this stretch more “active” and work on your strength in this range of motion. Start lying down on the floor, with legs hip-width apart. Bend one knee and reach back to grab your ankle (or if you can’t reach, loop a strap around your ankle and grab the strap) and pull your heel towards your butt. You should be feeling a stretch through the front of your thigh (in your quads). If you’re not feeling much of a stretch, actively tuck your tailbone down towards the floor. If you are very flexible and your heel can comfortably touch your butt even when your tailbone is tucked, you can bring the heel to the outside of your hip and press the foot towards the floor (only if that feels OK on your knee!) Hold for 20-30 seconds. Keep it gentle! Be careful not to pull too hard on your leg if you’re getting any knee pain. Elevate your back leg by actively lifting you knee off the ground, or placing a block under your thigh. Lifting the back leg puts your hip into extension , increasing the stretch on your rectus femoris (the quad muscle that stretches across the front of your hip).",All Levels,Passive Static,http://static1.squarespace.com/static/5ea57caad08f387b2e9827bd/61c7ae9bf497521cde72e756/638eacb0cf0d855f095a68e9/1671121052882/Prone+quad+stretch.png?format=1500w,Quads,n/a,Knee extension; Hip flexion,none,Passive Quad Stretch,https://www.daniwinksflexibility.com/flexopedia/prone-quad-stretch
Prone Quad Contract-Relax (PNF),"This variation of the traditionally passive prone quad stretch turns it into an active exercise for strengthening the quads. By doing a couple of sequential rounds of contracting the quads (while they’re in the stretched position), with relaxing the quads, we can both strengthen the quads at their end range, and teach our body that it is safe to let us find a deeper stretch. Start lying down on the floor, with legs hip-width apart. Bend one knee and reach back to grab your ankle (or if you can’t reach, loop a strap around your ankle and grab the strap) and pull your heel towards your butt. You should be feeling a stretch through the front of your thigh (in your quads). If you’re not feeling much of a stretch, actively tuck your tailbone down towards the floor. If you are very flexible and your heel can comfortably touch your butt even when your tailbone is tucked, you can bring the heel to the outside of your hip and press the foot towards the floor (only if that feels OK on your knee!) Now it’s time to contract! Holding the shin in the same position (don’t let it move), kick your ankle into your hand (or strap) to contract your quads. You should feel the front of your thigh, which is currently in a stretched position, engage to contract. Hold this contraction for 10 seconds. After 10 seconds, relax the thigh (but don’t let go of the ankle), and just hold your leg in the (relaxed) passive stretch. If it feels more comfortable, try to pull that heel in even closer to your butt to deepen the stretch. Hold the passive/relaxed stretch for 20 seconds. Repeat for 2-3 more rounds of contracting your quads for 10 seconds, then relaxing your quads for 20 seconds, trying to pull them into a deeper stretch. Try to remain in the stretched position throughout the exercise (don’t come out of the stretch in between rounds of contracting/relaxing). Make it a passive stretch. Do a relaxed prone quad stretch instead. Elevate your back leg by actively lifting you knee off the ground, ",All Levels,Active Static,http://static1.squarespace.com/static/5ea57caad08f387b2e9827bd/61c7ae9bf497521cde72e756/6390fb3bbb2f137426901a01/1671121415704/Active+Quad+Stretch+PNF.png?format=1500w,Quads,n/a,Knee extension; Hip flexion,none,Active Quad Stretch,https://www.daniwinksflexibility.com/flexopedia/prone-quad-stretch-contract-relax-pnf
Prone Strap-Assisted Shoulder External Rotation,"Range of Motion Worked: Shoulder external rotattion This stretch uses a strap looped around our ankle to help pull is into shoulder external rotation for a passive shoulder stretch. Because our leg muscles are often stronger than our shoulder muscles (at least in the range of motion we’re working in here), it’s especially important to be gentle and not to push to the point of feeling any pain in the shoulder! You’ll need some kind of a long strap for this exercise - it can be stretchy or stiff . Loop a long strap around your right ankle (you may have to tie it around the ankle if it keeps slipping). Bend the right knee, kicking your heel toward your butt. Lie down on your stomach and prop yourself up on your elbows to lift your chest. Place a yoga block set to the side of your right shoulder (the taller the block and the higher you lift your chest, the easier this drill will be). Grabbing the strap with your right hand, open your right arm out to the side in a “robot arm” position (elbow bent 90 degrees) with your elbow resting on the yoga block, fist holding the strap near the front of your mat. Make sure the right elbow is in line with your right shoulder (so if your chest is lower to the ground, you may choose to make the block lower). Keeping your elbow in line with your shoulder (keeping it on the block), gently push your right ankle into the strap, allowing this push to help rotate your right arm up-and-back, pulling your hand up away from the floor (or if you have more shoulder mobility, up towards the ceiling). Double check your elbow is still in line with your shoulder, and your elbow is bent 90 degrees. Hold this passive stretch for 15-30 seconds. Start on the tallest height setting of the yoga block , with your chest lifted, and just aim to barely pull the hand away from the floor. Lose the block . Start with your chest on the floor, elbow on the floor right to the outside of your shoulder.",All Levels,Passive Static,http://static1.squarespace.com/static/5ea57caad08f387b2e9827bd/61c7ae9bf497521cde72e756/63ebd47bb35d294b043a294b/1676901374574/Prone+Strap-Assisted+Shoulder+External+Rotation.png?format=1500w,Shoulder,n/a,Shoulder internal rotation; Shoulder external rotation; Shoulder flexion,none,Passive Shoulder Stretch - External Rotation,https://www.daniwinksflexibility.com/flexopedia/prone-strap-assisted-shoulder-external-rotation
Puppy Pose,"* While this isn’t a completely “passive” stretch because we are actively trying to maintain shoulder external rotation, it’s not a significant strengthener so I’m considering it “passive” for classification purposes Puppy pose is a classic shoulder and upper back stretch - I probably do variations of puppy pose literally every time I work on back or shoulder flexibility. It’s also a pose that can be easily scaled up or down, depending on students’ flexibility level. If you’ve hated puppy pose in the past because you have tight shoulders, elevating your hands on yoga blocks or a chair can make a world of a difference! Start kneeling on all fours. Keeping your butt stacked on top of your knees, walk your hands forwards, keeping your arms straight, as you drop your chest towards the floor. Before you get to your end range, wrap your shoulder blades towards the side of your rubs by reaching the outside of your armpits down towards the floor - we want there to be plenty of space between our shoulder blades as we reach our chest down (don’t let the shoulders relax completely and smoosh the shoulder blades towards your spine). Hold for 10-30 seconds. Note: watch out for any “pinching” in the top of the shoulders, or any tingling in your fingers - those are both signs that your shoulders aren’t aligned in a very sustainable position, and you’re impinging bone or a nerve (ouch!). Don’t try to push through this discomfort, come out of the pose, and try to come back in an easier variation. Elevate your hands on yoga blocks, or a low table/chair. This will let you keep more weight in your hips/knees and take some of the pressure out of your shoulders/chest. Elevate your hands (wait, didn’t you just say that makes this easier?!) - if you can already sink super low in your puppy pose on the floor, elevating your hands will move the floor farther away, allowing you to get a deeper shoulder and upper back stretch Bend your elbows and hold a yoga block between your hands , holding ",All Levels,Passive* Static,http://static1.squarespace.com/static/5ea57caad08f387b2e9827bd/61c7ae9bf497521cde72e756/63ebfbc77adef81d4dbf5f3a/1680962916976/Puppy+Pose.png?format=1500w,"Shoulder, Back",n/a,Shoulder internal rotation; Shoulder external rotation; Shoulder flexion; Spinal extension; Shoulder retraction,none,"Passive Shoulder Stretch - External Rotation, Passive Shoulder Stretch - Flexion, Passive Back Stretch - Spinal Extension",https://www.daniwinksflexibility.com/flexopedia/puppy-pose
Puppy Pose Active Press,"Here’s a slightly more challenging version of the traditional puppy pose that works to actively strengthen our shoulders while they’re in an end-range stretch. This is great for students working on their overhead shoulder flexibility for things like bridges and handstands. Get into your puppy pose : from kneeling on all fours, walk both hands forwards, keeping arms straight and butt stacked on top of knees, relaxing your chest and armpits towards the floor. Wrap the outsides of your armpits towards the floor to help hug your shoulderblades towards the sides of your ribs (don’t let them squish together toward your spine). You should be feeling a stretch in any of the following: the outside of your armpits, your chest, between your shoulder blades. If you’re feeling “pinching” in the tops of your shoulders, or tingling in your fingers - try a smaller/lesser version of the stretch. Staying in your puppy pose stretch, start to press your hands down into the floor, engaging your upper arms, chest, and underside of your shoulders, as if you were going to push the floor away. But don’t push so hard that your chest lifts! Stay in the pose - only push enough to engage your muscles. We want this to be an isometric contraction, a contraction where the muscles’ lengths don’t change. Hold the active press for 10 seconds Relax your arms, and you may even sink a tiny bit deeper towards the floor. Feel free to repeat for another 1-2 reps. Elevate your hands on a chair, table, or yoga blocks . This helps take some of the weight out of your arms/shoulders and sink it into your knees on the floor. The higher you lift your hands, the easier this stretch can become. Elevate your hands on a chair, table, or yoga blocks . If you have enough flexibility to reach your chest to the floor in your puppy pose, elevating your hands will give you more space to stretch!",All Levels,Active Static,http://static1.squarespace.com/static/5ea57caad08f387b2e9827bd/61c7ae9bf497521cde72e756/63ebfc8ec0e2161f3e665988/1681307637146/Puppy+Pose+Active+Press.png?format=1500w,"Back, Shoulder",n/a,Spinal extension; Shoulder retraction; Shoulder internal rotation; Shoulder external rotation; Shoulder flexion,none,"Passive Back Stretch - Spinal Extension, Active Shoulder Stretch - External Rotation, Active Shoulder Stretch - Flexion",https://www.daniwinksflexibility.com/flexopedia/puppy-pose-active-press
Pyramid Good Mornings,"This variation of the traditional bodyweight good mornings drill is a nice way to focus on one leg at a time. This can be especially useful if you have one hip that’s tighter than the other so you can give your “challenge” side some extra reps to help even them out. Start standing. Step one foot backwards about 2 feet to stagger your legs, and angle the back foot out to the side slightly for balance. Keep both hip bones pointing forwards. The front leg will be the leg we’re focusing on stretching. Keeping your back flat, hinge at the hips to initiate a forward fold. Focus on rotating the front of your hip bones towards the floor, lifting your sits bones and tailbone away from the ground - you should be feeling a stretch in the back of your front thigh (hamstrings). Don’t worry if you can’t lean far before you feel the stretch - as long as you’re feeling the hamstring stretch, you’ll be benefiting from this drill! Once you’ve leaned as far forwards as you can with a flat back (even if that’s not yet parallel to the floor), press into the front foot to engage your hamstrings as you lift your torso back on up to standing. Repeat for 8-12 reps. Bend your front knee a bit. As long as you’re still feeling a stretch in your hamstrings, a knee bend is A-OK Brace your hands against your front thigh for support. Reach your arms out to the side, or overhead - this will make the “lever arm” of your upper body feel heavier, so your hamstrings will have to work harder to lift the weight. Add weight. Hold weights in your hands, or a barbell on your back. For the purposes of flexibility training, pick a weight that still allows you to go through the same range of motion that you can as before you added weight.",All Levels,Active Dynamic,http://static1.squarespace.com/static/5ea57caad08f387b2e9827bd/61c7ae9bf497521cde72e756/639005a10a18652eb53dbcac/1671124863491/high+pyramid+good+mornings+-+thumb.png?format=1500w,Hamstrings,n/a,Hip extension; Knee flexion,none,Active Hamstring Stretch - Hamstrings,https://www.daniwinksflexibility.com/flexopedia/pyramid-good-mornings
Quad-Focused Lunge Rocks,"* while this drill is technically not passive (it does require engagement to rock the hips forwards and backwards), we aren’t actively pushing into the end ranges in a real “strengthening” capacity Adding the foot-to-butt pull turns a classic kneeling lunge into a potentially intense quad stretch. Adding some gentle movement forwards and backwards not only teaches our nervous system that we have control in this deep stretch, it also varies the amount of stretch we’re getting in our rectus femoris (the long quad muscle that crosses the knee and hip joint). I like doing mobilization drills like these before I do longer static holds to ease my body into the more challenging range of motion. Start in a kneeling lunge with your hips square , and torso lifted. Grab your back ankle and pull your back heel towards your butt. Keeping your torso lifted and back foot pulled in towards your butt (we want to maintain the intensity of the quad stretch throughout), slowly rock your hips forwards and backwards. You should be feeling a stretch in the front of the back leg hip (hip flexors) and thigh (quads). Continue rocking your hips for 20-30 seconds. Don’t squeeze your foot in as much . The farther the foot is from your butt, the easier this stretch is for your quads. Place your back foot against the wall like as in the couch stretch . Then when you rock your hips, since your foot is anchored against the wall instead of moving with your hips, it will increase and decrease the intensity of the quad stretch. Make it active by kicking into a band or squeezing a yoga block to your butt .",Intermediate,“Passive” Dynamic*,http://static1.squarespace.com/static/5ea57caad08f387b2e9827bd/61c7ae9bf497521cde72e756/638ffb48714d68113d43b258/1671143748946/Quad+Lugne+Rocks+-+Thumb.png?format=1500w,"Quads, Hip Flexors",n/a,Knee extension; Hip flexion,Can pull your foot close to your butt in a lunge with no knee discomfort,"Passive Hip Flexor Stretch, Passive Quad Stretch",https://www.daniwinksflexibility.com/flexopedia/quad-focused-lunge-rocks
Ragdoll Forward Fold,"As often as I cue students to “keep a flat back” in a forward fold, there can certainly be times when you want to round your back in this stretch. Rounding the back isn’t “wrong,” but it does change the mechanics of what’s being stretched, shifting the focus more towards spinal flexion (rounding of the back) and often de-emphasizing the hamstring stretch. Start standing with your feet hip width apart, knees slightly bent. Hinge at the hips to lean forwards, and relax your back, letting it round as you forward fold. Bend your knees generously so that this stretch feels comfortable on your hips and low back. Let your arms relax and dangle long (or you can cross your arms if you prefer). Relax your neck by letting your head hang heavy, looking through your legs as opposed to actively craning your neck to look at the floor. It can even fool good to add some gentle movement, like swaying side to side, or bending one knee a bit more, then the other. Feel free to play with it! Hold for 20-60 seconds. Bend your knees a LOT. Place your hands on your thighs for support. When we lean forwards, our hamstrings are getting stretched, but they’re technically also contracting a little to keep us from falling on our face. Bracing your hands against your thighs helps support the weight of your upper body, making it gentler on the hamstrings. Straighten your knees once you’ve come into your relaxed forward fold. They don’t even have to straighten all the way, even straightening them a bit will make the hamstring stretch more challenging Try a more active (weighted) variation like Jefferson Curls.",All Levels,Static Passive,http://static1.squarespace.com/static/5ea57caad08f387b2e9827bd/61c7ae9bf497521cde72e756/6388d63400947e6dae8b5799/1671065680592/Ragdoll+Forward+Fold+-+Thumb.png?format=1500w,Hamstrings,n/a,Hip extension; Knee flexion,none,"Passive Hamstring Stretch, Passive Back Stretch",https://www.daniwinksflexibility.com/flexopedia/ragdoll-forward-fold
Rear Hand Clasp,"A classic exercise to stretch shoulder extension (reaching the arms behind you). For students who cannot grasp their hands together, you can use a strap! Interlace your fingers behind your back, pulling your knuckles down towards the floor to straighten your arms. If you can’t straighten your arms, or it’s uncomfortable to clasp your hands, grab a towel or a strap with hands about hip-width apart (or wider, if needed). Pull your hands away from your butt - you should feel a stretch in the front of your shoulders. Hold this stretch for 15-30 seconds. Hold onto a strap instead of clasping your hands together. Lift and lower your arms for reps instead of holding the sustained stretch. When clasping the hands, bring your palms together to touch. Add a forward fold , reaching your hands towards the ceiling (or if you have a deep forward fold, overhead towards the floor). Add an additional active shoulder engagement . You could choose to activate the outside of your shoulders by acting as if you were going to pull your arms apart (while your hands are still clasped). Or you could activate the muscles between your shoulder blades to actively pull your arms closer together as you reach them away from your back.",All Levels,Passive Static,http://static1.squarespace.com/static/5ea57caad08f387b2e9827bd/61c7ae9bf497521cde72e756/63ebfb7d35f27a5042ce162d/1678798048531/Rear+Hand+Clasp.png?format=1500w,"Shoulder, Chest",n/a,Shoulder internal rotation; Shoulder external rotation; Shoulder flexion; Shoulder horizontal adduction,none,"Passive Shoulder Stretch - Extension, Chest Stretch",https://www.daniwinksflexibility.com/flexopedia/rear-hand-clasp
Reclined Quad Stretch,"This is one of my go-to deep passive quad stretches because we get to use our bodyweight to relax into the stretch (don’t have to worry about using our arms to pull our heel in toward our butt). And depending on how far you lean back, you may even push your hips into extension, adding a passive hip flexor stretch as well. Start sitting in a hero pose either sitting on your heels, or sitting on a yoga block, whichever is more comfortable for your knees (technically the block may make this more of a hip flexor stretch, so you can play with both versions and see which feels like a better stretch to you). Extend one leg out forwards (just to get it out of the way, that way we can focus on stretching one quad at a time). Slowly start to lean backwards, leaning back on your hands, onto your elbows, or all the way to back on the floor if that feels comfortable. You should be feeling a deep stretch through the front of your thigh (quads), or if you’re leaning all the way back and have your butt on a yoga block, in the front of your hip as well (hip flexors). If you don’t feel much of a stretch, actively tuck your pelvis (lift your tailbone off the floor, trying to rotate your pelvis backwards) to deepen the stretch. Hold for 20-30 seconds. Keep the lean back small. Experiment with starting on a block or two, or no blocks . Keep both knees bent to stretch both quads at the same time. Make it active by pressing the bent knee’s foot into the ground (engaging your quads while they’re in a stretched position).",Intermediate,Passive Static,http://static1.squarespace.com/static/5ea57caad08f387b2e9827bd/61c7ae9bf497521cde72e756/6390b273531b5e0be636c9cd/1671151738431/reclined+quad+stretch+-+thumb.png?format=1500w,Quads,n/a,Knee extension; Hip flexion,Comfortable sitting in hero pose,Passive Quad Stretch,https://www.daniwinksflexibility.com/flexopedia/reclined-quad-stretch
Reverse Clamshells,"This variation of the Jane-Fonda-esque clamshell drill is a great strengthener for our hip internal rotation . Because it has a similar setup to the “traditional” clamshell exercise, I like to do these right after my regular clamshells. Start in your “open clamshell ” position: lying on your side, hip bones pointing forwards, feet on the floor, knees bent and open so your legs are opening like a clam. Keeping your top knee lifted (don’t let it drop!), lift the top foot towards the ceiling, rotating your top thigh towards the floor. Then drop the foot back down to meet the bottom foot on the floor. That’s one rep. Repeat for 8-12 reps (lifting and dropping the foot). Let the top knee drop down as you lift the foot. Add a resistance band around your thighs .",All Levels,Active Dynamic,http://static1.squarespace.com/static/5ea57caad08f387b2e9827bd/61c7ae9bf497521cde72e756/639bc0a46914303cf8147e79/1769348063226/reverse+clamshells+-+thumb.png?format=1500w,,Hip Internal Rotators,Hip flexion; Hip extension; Hip rotation,none,Active Hip Internal Rotation,https://www.daniwinksflexibility.com/flexopedia/reverse-clamshells
Reverse Tabletop,"While this is mainly a shoulder stretch for shoulder extension (being able to reach your arms backwards), it’s also a multi-tasking stretch for the wrists. Start sitting on the floor with knees bent. Place your palms on the floor behind your butt - I like doing this with fingertips pointing towards my feet, but you can experiment with other hand positions if that feels more comfortable on your wrists (ex. fingers pointing to the outside, or making a fist and pushing into your knuckles) Press into your hands and feet to lift your hips, aiming to bring your hips up to knee height (if they don’t lift that high, that’s OK!). You should feel a stretching sensation across the front of your shoulders (or possibly chest). Hold this stretch for 15-20 seconds. Don’t press the hips quite so high. Use parallelettes or make a fist (bracing yourself on your knuckles, with your wrist neutral instead of flexed) if doing this with palms on the floor is uncomfortable on your wrists. Add some movement! Once you’ve pressed up into your tabletop position, try making horizontal circles with your hips (keeping your hips the same height) as if you are now a wobbly Ikea table. This will shift the weight around your palms, which can be a nice wrist warm up.",All Levels,Active Static,http://static1.squarespace.com/static/5ea57caad08f387b2e9827bd/61c7ae9bf497521cde72e756/641073f2e6e96b006d593b57/1680959086494/Reverse+Tabletop.png?format=1500w,"Chest, Shoulder",n/a,Shoulder horizontal adduction; Shoulder internal rotation; Shoulder external rotation; Shoulder flexion,none,"Chest Stretch, Active Shoulder Stretch - Extension",https://www.daniwinksflexibility.com/flexopedia/reverse-tabletop
Robot Arms,"This is one of my go-to shoulder mobility warm ups that hits both internal and external shoulder rotation. Great to do before aerials, pole, rock climbing, or any kind of back/shoulder flexibility training. Standing or sitting, extend your arms out to the side in a “robot” position: elbows bent 90 degrees, elbows at shoulder height. Keeping your elbows in the same spot, rotate your biceps backwards as you try to reach your hands as far up-and-back behind you as you can. Make sure this movement is coming from your shoulder (rotating the upper arm), not just jerking your wrist backwards. Then still keeping those elbows up at shoulder height (they have a tendency to droop in this next part), rotate your biceps down towards the floor, trying to reach your hands as far down-and-back as you can. Depending on your flexibility, this might not be far beyond bringing your forearms parallel to the floor - that’s OK! Repeat, rotating your upper arm to reach your hands up-and-back then down-and-back for 8-12 reps. Do one arm at a time to make it easier to focus on maintaining good form. Alternate arms - try one arm going back, one arm going forwards, for a coordination challenge",All Levels,Active Dynamix,http://static1.squarespace.com/static/5ea57caad08f387b2e9827bd/61c7ae9bf497521cde72e756/63ebae719f837b496eb5704f/1676391830428/Robot+Arms.png?format=1500w,Shoulder,n/a,Shoulder internal rotation; Shoulder external rotation; Shoulder flexion,none,"Active Shoulder Stretch - External Rotation, Active Shoulder Stretch - Internal Rotation",https://www.daniwinksflexibility.com/flexopedia/robot-arms
Rounded Back Leg Extensions,"This is a great active drill to strengthen your glutes to support a deeper hip flexor stretch. By keeping your back rounded the whole time, you ensure you’re keeping your hips in a backward rotated-position (aka posterior pelvic tilt ) which gives us the most stretch through our hip flexors. Start kneeling on all fours, then drop down onto your elbows. Round your back by tucking your chin toward your chest, tucking your tailbone, and sucking your belly button in. Your challenge is going to be keeping your low back rounded throughout this exercise (it’s going to want to arch!). Extend one leg straight out behind you - this will be the working leg. Keeping your back rounded (belly lifted as high as you can), lift your straight leg away from the floor. This should feel like a squeeze in your glutes (and potentially in your hamstrings in the back of the thigh as well). Then slowly lower the leg back to the floor. Repeat for 8-12 leg lifts. Start with your bent knee kneeling on a block to give you more space to lift your straight leg. Add ankle weights. Add a resistance band between your lifting leg’s knee and the bottom leg’s shin.",All Levels,Dynamic Active,http://static1.squarespace.com/static/5ea57caad08f387b2e9827bd/61c7ae9bf497521cde72e756/63b45faf7a56ec3de1a3462b/1676840207887/Back+Rounded+Leg+Extensions+-+Thumb.png?format=1500w,"Hip Flexors, Back",n/a,Hip flexion; Spinal extension; Shoulder retraction,none,"Active Hip Flexor Stretch - Glutes, Back Stretch - Spinal Flexion",https://www.daniwinksflexibility.com/flexopedia/rounded-back-leg-extensions
Scapular Push Ups,"Scapular push ups are another common go-to shoulder warm up in my rotation. These are great for learning to find (and strengthen!) the muscles responsible with shoulder protraction (sliding the shoulder blades away from the slide, and forwards to wrap around the sides of the ribs). This is an important shoulder position to train because it’s the preferred shoulder blade position in many arms overhead positions (bridges, handstands, needle scales, etc), as well as close shoulder positions like contortion forearm stands and handstands. Start in a tabletop position (kneeling with hands under your shoulders). Keeping your spine neutral, push your hands into the floor hard, pushing your chest away from the floor. This will help slide the shoulders towards the sides of your ribs, as the back of your ribs reach towards the ceiling. You may even feel a stretch in the muscles between your shoulder blades. Relax your shoulders for a moment, letting the chest drop down towards the floor (but keep the arms straight!). You can drop the chest even further by squeezing the shoulder blades together toward your spine. Repeat, for 5-10 chest lifts and drops. Lessen the bodyweight challenge by working this same range of motion sitting or standing with Shoulder Protraction-Retraction Reaches Drop onto your elbows with forearms on the floor, fingertips touching, elbows shoulder-width apart, and do these shrugs in this forearm stand prep position",All Levels,Active Dynamic,http://static1.squarespace.com/static/5ea57caad08f387b2e9827bd/61c7ae9bf497521cde72e756/6436b8be9b5bbc065a0da2eb/1695380423923/Scapular+Push+Ups.png?format=1500w,Shoulder,n/a,Shoulder internal rotation; Shoulder external rotation; Shoulder flexion,none,Shoulder Stretch - Miscellaneous,https://www.daniwinksflexibility.com/flexopedia/scapular-push-ups
Sciatic Nerve Glide,"This is not a stretch (nor should it feel like one!). BUT it can still help increase our hamstring and/or calf flexibility for students who have nerve tension in their sciatic nerve ( here’s how to test if that’s you). Normally our nerves are meant to slide back and forth through our soft tissue. Unlike our muscles, nerves aren’t meant to stretch. So if something prevents the nerve some sliding, it is instead tugged into tension, which it resists by contracting our muscles in the stretch reflex to protect itself. For more information, check out this blog post . Nerve mobilizations like this nerve glide can help make sure our nerve is moving appropriately before we “challenge” our legs with deeper stretches. Obligatory disclaimer: Nerve mobilizations should be gentle! More is not better! Don’t do more than 10-20 of these per leg, per day. Increasing the volume, or pushing the intensity can injure your nerves. If you have a condition that affects your nerves (ex. herniated disc, sciatica), consult your healthcare provider before adding nerve mobilizations to your training. Start lying on your back with both knees bent. Bring your hands to the back of your right thigh for support. Keeping your tight ankle pointed, start to lift the right foot up towards the ceiling (as if you were going to kick your leg straight), but only lift the leg until you feel the beginning of a stretching sensation (or any tingling in your foot or discomfort in your back) - as soon as you feel the onset of a stretch, that’s going to be your stopping point (remember, the goal of this drill isn’t to deeply stretch our legs, it’s to help our nerves slide and glide!). Flex the foot and bend the knee as you lower it to the floor. Repeat, pointing the toes as you lift the foot (only lifting as high as you can without feeling a stretching sensation ), then flex the foot as you lower. Repeat for 10 reps total, then switch legs.",All Levels,Nerve Mobilization,http://static1.squarespace.com/static/5ea57caad08f387b2e9827bd/61c7ae9bf497521cde72e756/6390c21a8ece811bd63f3e26/1671160743301/Sciatic+Nerve+Glide+-+Thumb.png?format=1500w,"n/a * I’ve categorized this under “hamstrings” and “calves” because it can help with hamstring and calf flexibility, but it’s not actually a muscle stretch",n/a,Hip extension; Knee flexion,none,Active Hamstring Stretch - Quads,https://www.daniwinksflexibility.com/flexopedia/sciatic-nerve-glide
Seated Hip External Rotation with a Band,"Using a resistance band is a great way to strengthen our hip rotators, like in this external rotation drill. I like pairing this drill with a seated hip internal rotation banded exercise as well to ensure we’re evenly strengthening both ranges of motion. Take a mini band (or tie a knot to make a small loop in a longer resistance band) and place it around the leg of a chair. Sitting in the chair, loop the band between your ankle (the one that’s on the same side of the chair as the band) and the leg of the chair. Scoot over to the far side of the chair so there is tension between the band and your ankle, and the band is tugging on the inside of your ankle trying to pull your foot to the outside. You can open your other leg out to the side so it’s out of the way of the working leg. Push the inside of the banded ankle into the strap, pushing against the resistance of the band, trying to lift the foot across your midline as you rotate your thigh to the outside. Be careful to keep your thigh on the chair, don’t let the leg lift as you try to lift your foot! Then relax the leg and bring your foot back to the floor (thigh back toward the ceiling). That’s one rep. Repeat for 8-12 reps. Lose the band. Do this same exercise without the resistance of the band. Use a higher resistance band.",All Levels,Active Dynamic,http://static1.squarespace.com/static/5ea57caad08f387b2e9827bd/61c7ae9bf497521cde72e756/6397b38db502ff481fce6f5c/1671319448774/seated+banded+external+hip+rotation+-+thumb.png?format=1500w,,Hip External Rotators,Hip flexion; Hip extension; Hip rotation,none,Active Hip External Rotation,https://www.daniwinksflexibility.com/flexopedia/seated-hip-external-rotation-with-a-band
Seated Twist,"Ranges of Motion Trained: Spinal rotation (twisting) By sitting and “anchoring” our hips on the floor (or on a block or on a chair), we prevent our hips from twisting and ensure this twist comes from our thoracic spine (upper back) and not our pelvis. Start in a comfortable seated position where you can sit up with a tall spine - this could be sitting cross-legged on the floor, kneeling, sitting on some yoga blocks, or even sitting in a chair. Whatever feels best for your hips and your back! Place your hands behind your head, opening your elbows wide. Twist your chest over to one side (make sure this twist is coming from your chest and you’re not just pulling your elbows around…), hold for a moment, then twist over to the other side. If you’d like to incorporate breath, I like to inhale when coming back to the center (thinking about sitting up super tall), and exhale when twisting over to one side). Repeat for 8-10 twists to each side. Keep your twists a bit smaller. Cross your arms in front of your chest. Stand up instead of sitting. Be sure to engage your glutes to prevent your hips from twisting - keep your hip bones pointing forwards!",All Levels,Active Dynamic,http://static1.squarespace.com/static/5ea57caad08f387b2e9827bd/61c7ae9bf497521cde72e756/6436b6c2e6124a4b570de977/1681483845491/Seated+Twist.png?format=1500w,Back,n/a,Spinal extension; Shoulder retraction,none,Active Back Stretch - Spinal Rotation,https://www.daniwinksflexibility.com/flexopedia/seated-twist
Seated Wall Straddle Pancake,"I particularly like this variation on the “traditional” straddle pancake because it makes it incredibly hard to “cheat” the stretch by rounding your back. It can easily be modified for less-flexy students by elevating the hips (sitting on yoga blocks, or even a chair), and for more-flexy students by starting with blocks between feet and the wall to allow more room to lean forwards. Start in a seated straddle, with legs spread wide, feet pressing into the wall. I like to start in a “comfortable” straddle, meaning one where you aren’t feeling a stretch in your back, hamstrings, or inner thighs to start with. Depending on your flexibility, you may choose to sit (in order of increasing difficulty): On a chair, with feet straddled out to the side (don’t worry if your legs don’t open very wide) With hips on a yoga block or two, legs straddled into the wall Butt on the floor, but with knees slightly bent Butt on the floor, legs straight Straddle on the floor, with legs wide, blocks between your feet and the wall Reach your hands up the wall overhead. With your hands on the wall, lean forward trying to reach your chest to the wall. This may be more challenging than when you do a straddle pancake on the floor because the wall will block you from leaning too much with your upper body and rounding your back! Hold this passive stretch for 20-60 seconds. Elevate your hips . Stting in a chair is A-OK if you’ve got tight hips! Start with the chair scooted close enough to the wall that you can splay your legs out in a straddle and rest your feet against the wall Bend your knees slightly. Place yoga blocks between your feet and the wall. Add a backbend & shoulder stretch by arching your back as you reach your chest towards the wall, belly towards the floor.",All Levels,Passive Static,http://static1.squarespace.com/static/5ea57caad08f387b2e9827bd/61c7ae9bf497521cde72e756/6391163da58b465eb8711b13/1671334723609/Seated+Wall+Straddle+Pancake.png?format=1500w,"Hamstrings, Adductors",n/a,Hip extension; Knee flexion; Hip adduction,none,"Passive Adductor Stretch, Passive Hamstring Stretch",https://www.daniwinksflexibility.com/flexopedia/seated-wall-straddle-pancake
Serving Cookies,"Range of Motion Strengthened: Shoulder external rotation This is one of the drills that stuck with me from Dr. Susan Haven’s contortion anatomy workshop (if you ever get the opportunity to take it - highly recommend!). Plus it has such a fun name, how can you resist using this to strengthen your rotator cuff??? Bend your right elbow and pull it against your side body, letting your right palm face up in front of you as if you were holding a plate of cookies. Keep your elbow pulled in toward your ribs/waist/hip (where it lands will depend on your body proportions) for this whole exercise, don’t let it float away! Keeping your right elbow squeezing in toward your side, and keeping your right forearm parallel to the floor, reach your right hand off to the side as far as you can (as if you were going to serve your imaginary platter of cookies to someone sitting next to you). Don’t let the right elbow come away from your side! Bring the right palm back to the front. That’s one rep. Repeat for 8-12 reps. Make sure the movement is coming from your shoulder (not twisting your torso to the side with the arm) Keep the right shoulder low, don’t let it shrug up Make sure the elbow doesn’t leave your side body. A sneaky trick is to place something small like a towel or a resistance band between your elbow and your side body and to keep pinching it in with your elbow as you rotate your arm - if you drop your prop then you know that elbow is sneaky away!",All Levels,Active Dynamic,http://static1.squarespace.com/static/5ea57caad08f387b2e9827bd/61c7ae9bf497521cde72e756/63ebfb0d7641375da8c2edb8/1678109823540/Serving+Cookies.png?format=1500w,Shoulder,n/a,Shoulder internal rotation; Shoulder external rotation; Shoulder flexion,none,Active Shoulder Stretch - External Rotation,https://www.daniwinksflexibility.com/flexopedia/serving-cookies
Shoulder Flossing,"Range of Motion Worked: Shoulder circumduction This is one of my go-to exercises as part of my shoulder warm up any time I’m working on backbends. I have a strong preference to do this with a stretchy strap vs. a “stick” like I’ve also seen it done before because it’s more comfortable and easier not to “cheat” by moving the arms at different speeds. Side note: this exercise has nothing to do with nerve flossing (despite the “flossing” in the title). I’ve also heard it called “shoulder dislocates” but that’s a crappy name because you’re not dislocating your shoulder (nor would I encourage students to aim to do so!) Note: you’ll need some kind of a long band/strap for this exercise. It’s a bit more comfortable with a stretchy strap (like a TheraBand), but a stiff strap like yoga strap or a scarf works fine too. Start holding on to a long strap, with your hands very far apart. Keeping your arms straight and shoulders down (don’t let them shrug up towards your ears), lift the strap up overhead and bring it behind you to your butt. Make sure both shoulders rotate at the same time (avoid letting one arm go before the other). If you find yourself bending your elbows or moving your arms at different speeds, that means you need to take your hands farther apart. Ideally you should feel a stretching sensation across the front of your chest and/or shoulder as you bring the strap behind you. Then reach the strap up over your head and bring it back to the front to finish. That’s one rep. Repeat for 4-10 reps. Widen your hands - take your hands way farther apart on your strap. Narrow your hands - take them closer together on the strap.",All Levels,Active Dynamic,http://static1.squarespace.com/static/5ea57caad08f387b2e9827bd/61c7ae9bf497521cde72e756/63f2a8c5f2c62a3fadb6e395/1677022694089/Shoulder+Flossing.png?format=1500w,"Shoulder, Chest",n/a,Shoulder internal rotation; Shoulder external rotation; Shoulder flexion; Shoulder horizontal adduction,none,"Shoulder Stretch - Circumduction, Chest Stretch",https://www.daniwinksflexibility.com/flexopedia/shoulder-flossing
Shoulder Protraction-Retraction Reaches,"This is one of my go-to shoulder warm ups to work on shoulder protraction (hugging the shoulder blades forwards towards the sides of the ribs), and retraction (squeezing the shoulder blades together towards the spine). This can be helpful as a warm up before doing arms-overhead flexibility work to make sure that we can properly engage the muscles responsible for wrapping the shoulder blades towards the sides of the ribs, which we want to happen in arms-overhead backbends. Start standing or sitting comfortably. Extend your arms forwards in front of you with arms at shoulder height (palms can face any direction). Reach your arms so far forwards, that you feel your shoulder blades start to slide towards the sides of your ribs (but don’t let your back or chest move - this movement needs to come from the shoulders/arms, not the trunk). Then keeping the torso in the same spot, pull the arms backwards by squeezing the shoulder blades together. Repeat, reaching the hands forwards, separating the shoulder blades, then pulling the hands backwards by squeezing the shoulder blades together. Arms should stay straight the whole time. Aim for 8-12 reps.",All Levels,Active Dynamic,http://static1.squarespace.com/static/5ea57caad08f387b2e9827bd/61c7ae9bf497521cde72e756/6436b84bb6916077973e7874/1695304645918/Shoulder+Protraction-Retraction+Reaches.png?format=1500w,Shoulder,n/a,Shoulder internal rotation; Shoulder external rotation; Shoulder flexion,none,Shoulder Stretch - Miscellaneous,https://www.daniwinksflexibility.com/flexopedia/shoulder-protraction-retraction-reaches
Side-Lying Froggy Kicks,"This variation of side-lying leg lifts has us start with a bent knee (much easier to lift our leg when the knee is bent instead of straight!), which can make this drill easier for students with weaker hip flexors. You still get a great active hamstring stretch, but this time it’s the quads that are the main engaged group that’s being strengthened/challenged. Start lying on your side like for side-lying leg lifts (hips stacked, bottom leg thigh straight underneath your torso, head propped up on your arm). The top leg is going to be our working leg. Bend the top knee and kick the knee up towards your shoulder, thinking about pulling the top of your thigh towards the side of your ribs, and knee to your shoulder or armpit (don’t worry if your leg doesn’t come anywhere actually reaching this). Once you’ve lifted the knee as high out to the side as you can, kick the leg straight (this should feel like a squeeze in your quads and a stretch in your hamstrings). Lower the leg back down to the ground with control. Repeat for 8-12 leg kicks (leading with a bent knee, then straightening, then lowering). Make the knee lift smaller. Add ankle weights.",All Levels,Active Dynamic,http://static1.squarespace.com/static/5ea57caad08f387b2e9827bd/61c7ae9bf497521cde72e756/639b2647dd22d45738f78ff2/1671113065868/side-lying+froggy+kicks+-+thumb.png?format=1500w,Hamstrings,n/a,Hip extension; Knee flexion,none,Active Hamstring Stretch - Hip Flexors,https://www.daniwinksflexibility.com/flexopedia/side-lying-froggy-kicks
Side-Lying Leg Lifts,"Side-lying leg lifts are a good companion/variation to supine leg lifts lying on your back because they target your hip muscles in a slightly different way. You still are strengthening your hip flexors and stretching your hamstrings (to support a deeper range of motion in the hamstrings), but specifically in a ""hip abducted"" (leg out to the side, as opposed to in front) position, which translates better to hamstring flexibility for straddle pancakes, or standing side leg scales. Start lying on your side, with your hips stacked (both hip bones pointing forwards, not up to the ceiling), and bottom thigh straight in line with your torso. You can bend the bottom knee for balance, but keep the thigh in line with your torso, don’t let the knee come forward (don’t flex the hip). You can rest your head on your hand, upper arm, or a yoga block. The top leg is going to be our working leg. Keeping the top leg as straight as is comfortable-but-challenging, rotate the thigh towards the ceiling (aka “turn out” or “externally rotate”) and lift the leg up, trying to kick (with control!) your foot towards the ceiling, or knee towards your shoulder. This should feel like a squeeze in the front of your thigh, hip, and glutes in that leg (the glutes are what are helping keep your thigh rotated towards your ribs, which allows you to lift the leg higher than if you had the thigh and knee facing forwards). Lower the leg back down with control. Repeat for 8-12 leg lifts. Bend the lifting leg knee. If you have tight hamstrings (or weaker hip flexors), bending the knee until you can get the foot up to the ceiling will make this exercise a bit easier. Add ankle weights.",All Levels,Active Dynamic,http://static1.squarespace.com/static/5ea57caad08f387b2e9827bd/61c7ae9bf497521cde72e756/639a781ab4f1e92ba65b584e/1671112263911/side-lying+leg+lifts+-+thumb.png?format=1500w,Hamstrings,n/a,Hip extension; Knee flexion,none,Active Hamstring Stretch - Hip Flexors,https://www.daniwinksflexibility.com/flexopedia/side-lying-leg-lifts
Sinking Ships,"Range of Motion Strengthened: Spinal Extension (backbending) This more active variation of high cobra can be a fun challenge to strengthen your active back flexibility. Start in your High Cobra pose: lie on your stomach and press into your hands to lift your chest and belly off of the floor (you can keep your arms slightly bent if you prefer) - only lift as high as feels safe/comfortable in your low back. Now comes the “active” part! Come up onto your fingertips to try to take weight out of your hands, and slooooowly lower yourself back down to the ground, one vertebrae at a time. Aim for this to take a slow five count to lower. That’s one rep. Press back up to another cobra pose and repeat for 4-8 reps. Start in your low cobra instead of your high cobra - this will keep the backbend a bit smaller. Keep more weight in your hands. Float your hands off the floor if you have the strength to lift your hands and not plummet your chest to the ground!",All Levels,Active Dynamic,http://static1.squarespace.com/static/5ea57caad08f387b2e9827bd/61c7ae9bf497521cde72e756/6540f0394fc37e52bbd83747/1698755448885/sinking+ships.png?format=1500w,Back,n/a,Spinal extension; Shoulder retraction,none,Active Back Stretch - Spinal Extension,https://www.daniwinksflexibility.com/flexopedia/sinking-ships
Sleeper Stretch,"This is classic shoulder stretch that works our shoulder internal rotation . It gets it name from how we awkwardly lie on our side like we’re taking the worlds most uncomfortable nap. Start lying on your side. You may want to place a yoga block or a pillow under your head to support the weight of your head and make your neck more comfortable while you’re lying there. Reach the bottom arm forwards in front of your shoulder, bending the elbow and reaching the arm up towards the ceiling. Your elbow should be in line with your shoulder. Use your free hand (the top arm) to gently press the bottom forearm towards the floor (down towards your hips). Be careful not to force the stretch - remember never to push to the point of pain! Hold this stretch for 20-30 seconds. Push less . Keep it gentle! Make it active . Instead of using your top hand to push the bottom forearm down, use your shoulder muscles to rotate the bottom arm, reaching the forearm towards the floor.",All Levels,Passive Static,http://static1.squarespace.com/static/5ea57caad08f387b2e9827bd/61c7ae9bf497521cde72e756/63ebd4de0f389c45a3f3da01/1676409369064/Sleeper+Stretch.png?format=1500w,Shoulder,n/a,Shoulder internal rotation; Shoulder external rotation; Shoulder flexion,none,Passive Shoulder Stretch - Internal Rotation,https://www.daniwinksflexibility.com/flexopedia/sleeper-stretch
Sleeper Stretch Contract-Relax,"Range of Motion Strengthened: Shoulder internal rotation This variation of the sleeper stretch involves contracting the muscles being stretched (our external rotators) for a couple of seconds, and then letting them relax to potentially stretch a little deeper. Start in a sleeper stretch : lying on your side, bottom arm extended out in front of you on the floor with the elbow bent, top arm gently pressing the bottom arm towards the floor (towards the hip side of the mat, not the head side). Once you’ve found your deepest version of your sleeper stretch (remember to keep it gentle, never push to the point of pain or just crank your arm down), start to resist the stretch by pressing the bottom hand/wrist into your top hand (while the top hand holds the bottom arm in the same spot). Hold this tension for 10 seconds Then relax the bottom arm (stop actively pushing it back up towards the ceiling), and continue to hold the passive stretch. If it feels comfortable, you can try to gently push it a little bit deeper. Hold this passive stretch for 10-20 seconds. Repeat for 1-2 more rounds of contracting-then-relaxing. Push less . Keep it gentle. This doesn’t have to be a huge range of motion. Add a counter-contract - after your 10 seconds of contracting to resist the stretch, instead of using the top hand to push the arm back towards the floor, engage your shoulder muscles to reach the forearm towards the floor for 10 seconds. Then relax and allow the top hand to assist and hold the passive stretch.",All Levels,Active static,http://static1.squarespace.com/static/5ea57caad08f387b2e9827bd/61c7ae9bf497521cde72e756/63ebfa19d588e92b1c177f45/1677160276811/Sleeper+Stretch+Contract-Relax.png?format=1500w,Shoulder,n/a,Shoulder internal rotation; Shoulder external rotation; Shoulder flexion,none,Active Shoulder Stretch - Internal Rotation,https://www.daniwinksflexibility.com/flexopedia/sleeper-stretch-contract-relax
Spidermans,"This drill is one of many I use for strengthening glutes in a flexed hip position, meaning a similar hip position to what we use in our straddles and middle splits. Hip abduction drills like these and fire hydrants are some of my go-to conditioning drills to make sure my glutes are firing before working on my straddles and middle splits. Start kneeling in a tabletop position (on hands and knees). Shifting your weight to your left knee, keep your spine neutral as you extend your right leg behind you, straightening the leg and lifting to hip height (avoid lifting higher than hip height - that will cause you to arch your back, which we don’t want for this drill). Keeping both hip bones pointing towards the floor (don’t let the right hip start to lift!), bend the right knee as you bring the knee forwards toward the outside of your hip (your thigh should shift from facing the floor when your leg is straight, to facing forwards when you bring that knee forwards). Your challenge is keeping that leg as high in the air as you can without the hips tilting to the side. This should feel like a strong squeeze in the right glutes. Keeping the right leg high and keeping the hips stable and square, kick the right leg back behind your hip to the starting position (leg straight and lifted to hip height). Repeat for 8-12 reps. Let the working leg knee hover closer to the ground . Lower your hips . Instead of starting in a “tabletop” position with your hips stacked on top of your knees, start lying on the ground with your hips propped up on 1-2 yoga blocks.",All Levels,Active Dynamic,http://static1.squarespace.com/static/5ea57caad08f387b2e9827bd/61c7ae9bf497521cde72e756/63912b513edba044ba37fc27/1671123931538/spidermans+-+thumb.png?format=1500w,Adductors,n/a,Hip adduction,none,Active Adductor Stretch - Glutes,https://www.daniwinksflexibility.com/flexopedia/spidermans
Split Knee Straightens,"For students with flat (or close to flat) front splits, this active oversplit variation is one of my favorite ways to challenge the back leg to get a deeper hip flexor stretch. Start in a front split with your hips square (both hip bones pointing forwards), torso lifted (no leaning forwards!), and place a block (or foam roller) under your back ankle. Press your back foot down into the block as you lift the back knee off the floor, straightening the leg as much as you can for a moment, then relax the knee back down to the floor. Repeat for a total of 8-12 knee lifts. Place blocks under your hands so you can keep help lift your hips as you lift the back knee Add a second block under the back foot.",Intermediate,Active Dynamic,http://static1.squarespace.com/static/5ea57caad08f387b2e9827bd/61c7ae9bf497521cde72e756/6390c27c496433771efd6c80/1671162816510/Split+Knee+Straightens.png?format=1500w,Hip Flexors,n/a,Hip flexion,"Flat, or close to flat, front splits",Active Hip Flexor Stretch - Quads,https://www.daniwinksflexibility.com/flexopedia/split-knee-straightens
Standing Active Twist,"Ranges of Motion Trained: Spinal rotation (twisting) This is a gentle active twist that I include in every back warm up I do. By engaging the glutes to keep the hips “square” (pointing forwards, not moving), we ensure that this twist is coming from our thoracic spine (upper back) instead of our hips. Start standing, placing your hands behind your head, opening your elbows out to the side. Engage your glutes to “lock” your hips in place - we want to keep our hip bones pointing forwards during this exercise, not let them twist. Slowly twist your chest to one side, then the other. Make sure your hips aren’t moving - keep them pointing straight forwards like headlights. Twist side to side 5-10 times.",All Levels,Active Dynamic,http://static1.squarespace.com/static/5ea57caad08f387b2e9827bd/61c7ae9bf497521cde72e756/6436b725fa57ce3f3b0788c6/1681484240364/Standing+Active+Twist.png?format=1500w,Back,n/a,Spinal extension; Shoulder retraction,none,Active Back Stretch - Spinal Rotation,https://www.daniwinksflexibility.com/flexopedia/standing-active-twist
Standing Back Leg Lifts,"Unlike regular ol’ front leg lifts which work on engaging our hip flexors and quads, back leg lifts focus on our glute strength to give us an active hip flexor stretch . Also, due to our hip anatomy, these are way lower than leg lifts to the front, which can make them a mental challenge in itself! Ensuring this movement comes from the leg reach and not a hip tilt is critical to executing this drill with proper form. Start standing with both legs straight. You can place your hands on a wall or chair in front of you for balance if you’d like. Extend one leg behind you, keeping both legs straight (you may prefer to point your toes on the extended leg), torso lifted, and hip bones pointing forwards. Without letting your hip bones move (you may find it helpful to place your hands on the sides of your hips to help them stay in place), lift the back leg, lifting the back foot an inch or two off the floor - as high as you can without letting your hips tilt forwards or the back knee bend. Then lower the leg back to the ground. These leg lifts will be small - but that’s OK! It should feel like a strong squeeze in your “thutt” (where your thigh meets your butt). Repeat for 8-12 reps, then switch legs. Swap this exercise for a kneeling leg lift drill instead like rounded back leg extensions . Add ankle weights. Stand on a yoga block to make it a balance challenge for your supporting leg.",All Levels,Active Dynamic,http://static1.squarespace.com/static/5ea57caad08f387b2e9827bd/61c7ae9bf497521cde72e756/63cf03c91dd2e15063937398/1674511951352/Standing+Back+Leg+Lifts.png?format=1500w,Hip Flexors,n/a,Hip flexion,none,Active Hip Flexor Stretch - Glutes,https://www.daniwinksflexibility.com/flexopedia/standing-back-leg-lifts
Standing End Range Leg Lifts,"For a more challenging variation of standing leg lifts , you can start with your working leg elevated. By starting with the leg already lifted, you can focus your strengthening on your true end range of the range of motion! Start standing with both legs straight, one leg kicked forwards on some kind of elevated surface. You want to rest your foot on something low enough that you can still lift the leg off the surface, but high enough you can only lift the leg an inch or two. Depending on your flexibility (and strength), that could mean: a yoga block (or two) a low table the seat of a chair the top of a chair a countertop Keeping both legs straight, torso lifted, and hips level (avoid tilting to the side), lift your elevated leg off of your support surface just for a moment, then lower it back down with control. Double-check that you’re not bending your base leg as you try and lift the working leg! If you can lift the foot quite high off of your support, find something taller that’s more challenging to lift off of. Repeat for 8-12 leg lifts on one leg, then switch legs. Choose a lower support surface. Lose the support surface altogether. Work on regular ol’ standing leg lifts. Add ankle weights. Stand on a yoga block to give the base leg a balance challenge.",All Levels,Active Dynamic,http://static1.squarespace.com/static/5ea57caad08f387b2e9827bd/61c7ae9bf497521cde72e756/63cf071f191c4c250df40a31/1674512655545/Standing+End+Range+Leg+Lifts.png?format=1500w,Hamstrings,n/a,Hip extension; Knee flexion,none,Active Hamstring Stretch - Hip Flexors,https://www.daniwinksflexibility.com/flexopedia/standing-end-range-leg-lifts
Standing End Range Side Leg Lifts,"This variation of standing side leg lifts challenges our hip flexors and quads even more by starting with those muscles in an even more shortened position by elevating the foot. This is a great hip flexor strengthener to help with open splits like Bird of Paradise, Y-Scales and side lifted leg extensions. Start standing next to some kind of support surface, with hips facing forwards, and one leg kicked out to the side, foot resting on the elevated surface, knee and thigh facing up. Depending on your flexibility, this could mean resting your foot on: a yoga block (or two) a low table the seat of a chair the top of a chair a countertop You’ll want to choose a surface that’s high enough that it’s challenging to lift your leg off the surface, but not so high that you can’t lift your leg at all (or have to bend your knees or tilt to the side to lift your leg). Keeping your hips rotated away from the support surface, both legs straight, and hips level (don’t let the hips tilt, they will want to!), lift your elevated leg off of the support surface, then lower it back down. If it’s easy to lift your leg more than a couple of inches, find a taller surface to lift the foot off of. This should feel like a strong squeeze in the thigh (quads), hip crease (hip flexors) and outer hip (glutes) when you try and lift the leg. You may even feel the glutes in your base leg firing trying to keep your hips level! Repeat for 8-12 leg lifts on one leg, then switch legs. Choose a lower support surface. Lose the support surface altogether. Work on side leg lifts without the foot elevation. Add ankle weights. Stand on a yoga block to give the base leg a balance challenge.",All Levels,Active Dynamic,http://static1.squarespace.com/static/5ea57caad08f387b2e9827bd/61c7ae9bf497521cde72e756/63cf090f43464f0ac4a8aa92/1674513863722/Standing+End+Range+Side+Leg+Lifts.png?format=1500w,Hamstrings,n/a,Hip extension; Knee flexion,none,Active Hamstring Stretch - Hip Flexors,https://www.daniwinksflexibility.com/flexopedia/standing-end-range-side-leg-lifts
Standing Floppy Arm Twist,"Ranges of Motion Trained: Spinal rotation (twisting) This is a feel-good spinal twist that I often include in the standing portion of my warm up. Just watch out for walls and furniture when you’re swinging your arms! Start standing with arms relaxed by your sides (make sure you’re not close to a wall or furniture that you might hit). Twist your torso to the right, letting momentum carry your left arm across your body to the right, and then twist to the left, letting your right arm follow. Twist side to side, keeping arms relaxed and floppy, 5-12 times. For an even bigger twist, bend your knees and lift the heel of the “back” foot in your twist (whichever leg you are twisting away from) - this will allow your hips to pivot even more for a bigger twist. If you feel balanced, you can also bring the twist up into your neck by looking over the shoulder you are twisting towards.",All Levels,Active Dynamic,http://static1.squarespace.com/static/5ea57caad08f387b2e9827bd/61c7ae9bf497521cde72e756/6436b76739bd1006e107ee7b/1682513110853/Standing+Floppy+Arm+Twist.png?format=1500w,Back,n/a,Spinal extension; Shoulder retraction,none,Passive Back Stretch - Spinal Rotation,https://www.daniwinksflexibility.com/flexopedia/standing-floppy-arm-twist
Standing Leg Lifts,"Leg lifts are part of my standard hip warm up and conditioning. Doing your leg lifts standing (as opposed to lying down ) can be extra challenging for your quads and hip flexors simply based on how they have to work harder against gravity the higher you’re able to lift your leg. Start standing with both legs straight and hips pointing forwards. You’re welcome to have your hand on a wall or something for balance. Keeping both legs straight and keeping your hips level (don’t let them tilt), lift one leg forwards as high as you can with control (no using momentum!), then lower it back down. Make sure you’re not letting the supporting leg’s knee bend as you kick the leg up - often we have a tendency to bend the bottom knee and let our pelvis tilt backwards to kick the lifting leg higher, but that cheats this exercise. Keep your hips level, and both legs straight, even if you’re only lifting your leg up to knee height. Repeat for 8-12 leg lifts, then switch legs. Bend the lifting leg. Don’t worry about how high you’re kicking the leg. As long as you’re feeling a squeeze/engagement in your thigh, you’re strengthening the right area! Add ankle weights. Start with the lifting leg elevated on a chair or low table and work on your Standing End Range Leg Lifts for an extra strengthening challenge.",All Levels,Active Dynamic,http://static1.squarespace.com/static/5ea57caad08f387b2e9827bd/61c7ae9bf497521cde72e756/63ced58fa73cdc64ceb6aa24/1674512643676/Standing+Leg+Lifts.png?format=1500w,Hamstrings,n/a,Hip extension; Knee flexion,none,Active Hamstring Stretch - Hip Flexors,https://www.daniwinksflexibility.com/flexopedia/standing-leg-lifts
Standing Lunge,"The standing lunge is another classic hip flexor stretch (when done with proper form!). This is a great option for students who experience knee discomfort when doing kneeling lunges , as well as can be a nice option to include in your flow of standing stretches. Start standing. Keeping both hip bones pointing forwards and chest lifted, take a big step backwards with one foot, keeping the heel lifted off the ground and placing the ball of the foot on the floor. Straighten the back leg and tuck your tailbone down towards the floor so that you’re feeling a stretch in your hip flexors. If you find balance challenging/awkward: place your hands on something for balance - this could mean practicing near a wall or a chair to rest a hand on Hold for 20-60 seconds. Keep your stance shallower. Only step as far back as you can while still being able to straighten the back leg and keep your torso upright. Take a bigger step backwards.",All Levels,Passive Static,http://static1.squarespace.com/static/5ea57caad08f387b2e9827bd/61c7ae9bf497521cde72e756/63911a4b014acd0447ddbbbe/1671144195249/Standing+Lunge+-+thumb.png?format=1500w,Hip Flexors,n/a,Hip flexion,none,Passive Hip Flexor Stretch,https://www.daniwinksflexibility.com/flexopedia/standing-lunge
Standing Lunge Slides,"This active variation of a classic standing lunge is a great strengthener for our hip flexors and quads, working on strengthening the muscles in the front of our hip from their mid-range to their end-range lengthened position. You will want to be able to slide your foot for this exercise, so wearing socks on a floor, or using sliders can help. Start standing with your hand resting on a chair or a wall for balance (optional, but helpful!). Keeping your hips square (hip bones pointing forwards) and torso lifted (shoulders stacked on top of the hips), Slide one leg straight back into a standing lunge. The front knee will bend, and the back leg should stay straight as you slide the ball of your foot backwards, keeping your heel lifted. You should be feeling a stretch in the front of the back leg hip (those are your hip flexors). Once you’ve slid out into the deepest standing lunge you can comfortably hold with good form (torso lifted, hips square, back leg straight), engage the muscles in the front of the back leg hip by pressing your back foot forwards, sliding it along the floor back to the starting position next to the front foot. Make sure to keep your torso lifted! Don’t let your chest lean forwards as you start pulling the back leg forwards. Repeat for 8-12 reps. Practice in a doorway, or between two chairs to brace each hand against them to balance as you pull the back leg forwards to standing. Allow a small bend in the back knee . Take your hands off the chair/wall support and try to slide in and out of your lunge without using your arms to help.",All Levels,Active Dynamic,http://static1.squarespace.com/static/5ea57caad08f387b2e9827bd/61c7ae9bf497521cde72e756/638ffff65a1662397cf73cb3/1671143802923/active+lunge+slides+-+thumb.png?format=1500w,Hip Flexors,n/a,Hip flexion,n/a,"Active Hip Flexor Stretch - Quads, Active Hip Flexor Stretch - Hip Flexors",https://www.daniwinksflexibility.com/flexopedia/standing-lunge-slides
Standing Side Leg Lifts,"Similar to standing leg lifts where you kick your leg to the front, leg lifts to the side help strengthen your quads and hip flexors to support a deeper hamstring stretch. The difference with side leg lifts is they also engage your glutes to help strengthen your turn out (aka hip external rotation ), as well as potentially give you an inner thigh stretch (depending on how tight your inner thigh muscles are). This is a great conditioning drill for “open” splits like Y-scales and Bird of Paradise. Start standing with both legs straight, hips pointing forwards. Place your hand on a wall or something for balance if you’d like. Rotate your working leg out to the side, so that your toes, knee, and thigh are rotated away from your midline (“turned out”). Make sure to keep your hip bones pointing forwards, don’t let your hips rotate along with your thigh. Keeping your leg rotated, lift it up as high as you can with control, kicking your leg towards the ceiling (your thigh and knee should be facing up towards the ceiling, not forwards). Then slowly lower with control. Be sure to keep both legs straight (don’t let the knees bend), and maintain level hips (don’t let them tilt to the side as you lift the working leg). Repeat for 8-12 leg lifts on one side, then switch legs. Bend the lifting leg slightly. Don’t worry about how high you’re kicking the leg. As long as you’re feeling a squeeze/engagement in your thigh (and glutes), you’re strengthening the area we want. Add ankle weights. Start with the lifting leg elevated on a chair or low table - something tall enough where it feels challenging to lift it just an inch or two in the air.",All Levels,Active Dynamic,http://static1.squarespace.com/static/5ea57caad08f387b2e9827bd/61c7ae9bf497521cde72e756/63cf01b71092695ebbde0c3f/1674513474057/Standing+Side+Leg+Lifts.png?format=1500w,Hamstrings,n/a,Hip extension; Knee flexion,none,Active Hamstring Stretch - Hip Flexors,https://www.daniwinksflexibility.com/flexopedia/standing-side-leg-lifts
Standing Split,"A standing split is an iconic and challenging split variation that’s much more “active” than a regular ol’ split on the floor - it requires quite a bit of glute strength to be able to lift the top leg up into the air! The closer-to-flat your regular splits (or oversplits) are on the floor, the easier it starts to become to lift the top leg higher, but you will likely need to work on additional glute-strengthening drills to condition that leg to hold this position. Start in a standing forward fold with knees as straight as is comfortable (meaning a slight knee bend is fine) and hands on the floor. Extend one leg behind you, straightening the leg. Keeping both hip bones pointing towards the floor (“square” hips - don’t let ‘em tilt!), slowly lift the extended leg as high as you can. If it’s comfortable, you can use one hand to grab the ankle of the base leg and try to pull yourself into a deeper forward fold, trying to rotate your pelvis forwards, helping lift the extended leg even higher. Actively hold the extended leg in the air, reaching it towards the wall, for 10-30 seconds. Then switch legs. Elevate the heel of the bottom leg to minimize the calf stretch. Slightly bend the bottom knee. Do slow and controlled leg lifts for reps instead of a long sustained hold ( standing split kicks ) Elevate the ball of the bottom foot on a yoga block or rolled up yoga mat to deepen the calf stretch.",Intermediate,Static Active,http://static1.squarespace.com/static/5ea57caad08f387b2e9827bd/61c7ae9bf497521cde72e756/63ea5e5f816a8c47e4084350/1676475892531/Standing+Split.png?format=1500w,"Hip Flexors, Hamstrings",n/a,Hip flexion; Hip extension; Knee flexion,Can do a version of a wall standing split (does not have to be flat!),"Active Hip Flexor Stretch - Glutes, Passive Hamstring Stretch",https://www.daniwinksflexibility.com/flexopedia/standing-split
Standing Split Kicks,"Don’t let the name of this drill fool you, this really is an “all levels” exercise, and is a great hip strengthener for your front splits, even if your legs are far from looking very “split-y.” Start in a comfortable flat back forward fold - a forward fold that feels like a bit of a stretch, but not too intense (something like 5 out of 10 on an intensity scale). That likely means starting with your hands on yoga blocks or a chair to help moderate the amount you’re leaning forwards, or even bending your knees slightly. Extend one leg straight behind you - this will be the working leg. Keeping both hip bones pointing towards the floor (avoid letting them tilt/open to the side), lift the straight leg behind you as high as you can - this should feel like a squeeze in the lifting leg glutes, as well as a stretch in the underside of your standing leg (hamstrings), and possibly a stretching sensation in the front of the lifting leg’s hip (hip flexors). Don’t worry about how high the leg goes, depending on your flexibility, even lifting it to hip height might feel like a huge challenge - that’s OK! Slowly lower the leg back down to start. Repeat for 8-12 leg lifts. Bend the supporting leg knee. Lift your torso more by placing your hands on a chair or the wall instead of on yoga blocks. Add a deeper forward fold. Instead of starting at your “5 out of 10” intensity forward fold, start in your deepest flat back forward fold.",All Levels,Dynamic Active,http://static1.squarespace.com/static/5ea57caad08f387b2e9827bd/61c7ae9bf497521cde72e756/63bc241bea0b0d14d4c08712/1674566548578/Standing+Split+Kicks.png?format=1500w,"Hip Flexors, Hamstrings",n/a,Hip flexion; Hip extension; Knee flexion,none,"Active Hip Flexor Stretch - Glutes, Passive Hamstring Stretch",https://www.daniwinksflexibility.com/flexopedia/standing-split-kicks
Straddle Hip External Rotation with Band,"Muscles Stretched: Adductors Working on our hip external rotation in a straddle (trying to rotate our thigh bones backwards without moving our pelvis, or trying to tilt our pelvis forwards while our thigh bones stay fixed in place) can help train our body to find a hip position that allows the most space to widen our legs (especially if you typically feel a “pinchy” or “blocked” sensation in straddles or middle splits in the outside of your hips ). It can also help strengthen some of the muscles that help us “pancake” forward fold in our straddle. You’ll need a long stretchy band for this exercise. A looped Superband is ideal, but a higher resistance Theraband that you tie into loops for your feet would work too. Start sitting on the floor (or on a yoga block or two if you have tighter hips) with your knees bent. Loop a long resistance band around the top of each foot and around your back, then flex your feet and kick your legs out into a straddle. You should feel the band assisting pull your legs open wider. Ideally you want the band higher up your foot, closer to the ball of your foot, not all the way down near your ankle, so adjust the band placement if you need to once you’ve widened your legs. Your toes, knees, and thighs should all be pointing up towards the ceiling in this position Sitting up tall, without rotating your pelvis, try to rotate your thighs, knees, and toes backwards towards the wall behind you, then relax the legs back to their neutral/starting position. Make sure this movement is coming from your hip joint (aka from your thigh bones rotating backwards) and not from your low back (avoid tucking/tilting/rotating your pelvis forwards/backwards in space). You may want to place your hands on your hip bones to help ensure that your hip bones aren’t moving to “help” with this drill. Repeat rotating your legs backwards, then back to neutral, for 8-12 reps. Elevate your hips by sitting on 1-2 yoga blocks. Remove the resistance band and do your rotations",All Levels,Active Dynamic,http://static1.squarespace.com/static/5ea57caad08f387b2e9827bd/61c7ae9bf497521cde72e756/63c014343b72da1982fc994c/1674055288824/Straddle+Hip+External+Rotation+with+Band+thumb.png?format=1500w,,Hip External Rotators,Hip flexion; Hip extension; Hip rotation,none,"Active Hip External Rotation, Passive Adductor Stretch",https://www.daniwinksflexibility.com/flexopedia/straddle-hip-external-rotation-with-band
Straddle Leg Lifts,"This is a great exercise for hamstring flexibility that focuses on working on the “helper” muscles of our quads and hip flexors. By doing this exercise in a straddle, we strengthen these muscles in the same hip position we use for our straddle pancake, preparing us for a deeper (and stronger!) forward fold. Start in a comfortable seated straddle - something where you’re not feeling a huge stretch in your inner thighs, and can easily sit up with a flat back. That might mean modifying your straddle by: slightly bending your knees sitting on a yoga block or two (or a chair) narrowing your straddle Rotate your torso to face onr of your legs. Keeping a flat back, brace your hands on the floor: planting hands behind you and leaning back slightly (easier) or placing hands on the floor in front of your hips, framing your leg in a slight forward fold (harder). I suggest starting with the hands-behind version, and then you can bring them in front if the drill is too easy. Keeping your back flat (don’t let it round/slouch), lift the straight leg off the floor, keeping the leg as straight as you can as you lift. It should be challenging to lift, so hard you can barely lift it an inch or two off the floor. If you can’t lift the leg, lean back more. If you can lift the leg more than a couple of inches, lean forwards more Repeat for 8-12 reps, then switch sides. OPTIONAL bonus challenge: face your torso forwards and lift both legs at the same time! Lean back more . The more you lean back, the easier it is to lift the leg off the ground Start in a wider straddle. Lean forwards more. The more you lean forwards, the more challenging it will be to lift the leg off the floor.",All Levels,Active Dynamic,http://static1.squarespace.com/static/5ea57caad08f387b2e9827bd/61c7ae9bf497521cde72e756/6390c0f590ceb81266360d1a/1671335659447/Straddle+Leg+Lifts+-+Thumb.png?format=1500w,"Hamstrings, Adductors",n/a,Hip extension; Knee flexion; Hip adduction,none,Active Hamstring Stretch - Hip Flexors,https://www.daniwinksflexibility.com/flexopedia/straddle-leg-lifts
Straddle Leg Opens,"This drill is a great active stretch for our inner thighs. We work to strengthen our glutes to pull our legs open, helping us work towards wider straddles and flatter middle splits. You’ll want your legs to be able to slide on the floor for this exercise. Start in a “comfortable” seated straddle, meaning sitting in a straddle (legs open out to the side) where it feels easy to sit upright, and you’re not feeling a deep stretch in your inner thighs. Depending on your flexibility level, that might mean modifying your seated straddle by: slightly bending your knees sitting on 1-2 yoga blocks, or even sitting in a chair Keeping your torso lifted and back flat, engage your outer hips (glutes) to pull your legs as wide open as you can. Don’t use your hands to help (that’s cheating!), just open as far as you can using the strength of your legs. Don’t worry if your straddle still looks like a narrow pizza slice - as long as you’re feeling a stretch in your inner thighs and a squeeze in your glutes, that’s what matters! Once you’ve pulled the legs open as far as you can, hold for just a moment, then close the legs back towards the middle to reset. Repeat for 8-12 leg opens. Bend your knees slightly . Add a (flat back) forward fold to turn this into straddle pancake leg opens , which adds a hamstring stretch component.",All Levels,Active Dynamic,http://static1.squarespace.com/static/5ea57caad08f387b2e9827bd/61c7ae9bf497521cde72e756/639116edabbe2322279b6f0b/1671118991078/straddle+leg+opens+-+thumb.png?format=1500w,Adductors,n/a,Hip adduction,none,Active Adductor Stretch - Glutes,https://www.daniwinksflexibility.com/flexopedia/straddle-leg-opens
Straddle Pancake,"Adding a forward fold to your seated straddle as you try to flatten your chest to the floor (flat like a “pancake”) requires a considerable amount of hamstring flexibility. If you’re someone with tighter hips, odds are just adding a small forward fold will already make the hamstring (and/or inner thigh) stretch more challenging for you to work on. And for students who feel like they can’t lean forwards - never fear, there are several adjustments we can make to make it a more achievable-yet-challenging stretch for you. Start sitting in a comfortable straddle, meaning legs open out to the sides, but not in a position where you’re feeling any stretch yet. That might mean: Keeping your legs in a more narrow straddle Sitting on 1-2 yoga blocks, or even a chair Bending your knees slightly We want our starting straddle position to be comfortable, and something we can easily sit up with a flat back in. Keeping your back flat, hinge at the hips to lean forwards. Focus on rotating the front of your hip bones towards the floor, lifting your sits bones and tailbone away from the ground (or blocks or chair). You should be feeling a stretch in the back of your thighs (hamstrings) and/or inner thighs (adductors). Be careful not to let your back round as you lean forwards, try to keep it as flat as possible. Hold for 20-60 seconds. Bend your knees even more. As long as you’re still feeling a stretch in your inner thighs or hamstrings, you can bend your knees as much as you need to for this to feel comfortable-but-challenging. Use a strap to help pull you forwards. Loop a strap around a sturdy table/column/couch in front of you and use your arm muscles to help pull you forwards. Here’s an illustration of why that can help. Open your legs into a wider straddle, one where you are already feeling a stretch in your inner thighs. Arch your back as you lean forwards, instead of just trying to keep it flat. Add blocks under your calves/heels and work on your overstraddle (only if you can a",All Levels,Passive Static,http://static1.squarespace.com/static/5ea57caad08f387b2e9827bd/61c7ae9bf497521cde72e756/6390b45be76a052097dd7c6d/1671125397524/Straddle+Pancake+-+thumb.png?format=1500w,"Hamstrings, Adductors",n/a,Hip extension; Knee flexion; Hip adduction,none,"Passive Hamstring Stretch, Passive Adductor Stretch",https://www.daniwinksflexibility.com/flexopedia/straddle-pancake
Straddle Pancake Leg Opens,"This is a slightly-more-challenging version of the torso-upright straddle leg opens drill. By adding a forward fold, we also add a hamstring stretch. Depending on your hamstring flexibility, this may be a more passive hamstring stretch (where your body weight is leaning your torso into the stretch) or a more active hamstring stretch (where you are engaging your hip flexors to pull your torso forwards and hold you in the hamstrings stretch. Both scenarios are fine/helpful to work in. You’ll want your legs/feet to be able to slide on the floor for this exercise. Start in a “comfortable” seated straddle, meaning sitting in a straddle (legs open out to the side) where you can comfortably lean forwards with a flat back. That might mean sitting with your butt on 1-2 yoga blocks, or even sitting in a chair if you’ve got tighter hips. Keep your back flat (don’t let it round!) and lean forward into a forward fold. If you can’t easily reach your hands to the floor without rounding your back, you can reach forward to a yoga block (or if you’re sitting in a chair, hold on to the edge of the chair. This should increase the intensity of the stretch in your inner thighs and/or underside of your thighs (hamstrings). Now for the active component! Keeping your flat-back forward fold, engage your glutes to pull your legs as wide as you can. Don’t use your hands to help, and don’t let your thighs rotate forwards as you open your legs. Just open the legs as far apart as you can (it’ll feel like a strong squeeze in your outer hip), even if that’s not very far. Then close your legs back towards each other to the front (they don’t have to come in to touch if your hands are in the way, just bring them in enough to come out of the inner thigh stretch). Repeat for 8-12 leg opens. Bend your knees slightly . Instead of resting your hands on the floor for support, lift your arms overhead . But still keep that back flat! Taking your hands off the floor for support forces you to engage your hamstr",All Levels,Active Dynamic,http://static1.squarespace.com/static/5ea57caad08f387b2e9827bd/61c7ae9bf497521cde72e756/639b3faa189a7c7bf0672d9d/1671147699118/Straddle+Pancake+Leg+Opens+-+Thum.png?format=1500w,"Adductors, Hamstrings",n/a,Hip adduction; Hip extension; Knee flexion,none,Active Adductor Stretch - Glutes,https://www.daniwinksflexibility.com/flexopedia/straddle-pancake-leg-opens
Straddle Rainbow Leg Lifts,"This variation of straddle leg lifts not only strengthens your hip flexors, it also helps strengthen your abductors like your glutes to open your legs wider in a straddle. Start in a comfortable seated straddle, meaning a straddle where you can easily sit up with a flat back and aren’t feeling a big stretch in your legs yet. This might mean making your straddle gentler by: sitting on a yoga block or two (or a chair) narrowing your straddle Place one yoga block on the floor on inside of each leg near your ankle. Place your hands on the ground (or grab the chair for support) - where you place your hands will influence the difficulty of this drill: placing hands behind you and leaning back is a slightly easier option, placing hands in front of your hips is slightly harder. Keeping your legs as straight as you can, brace your arms into the floor as you lift your legs up and over the yoga blocks, placing them on the floor inside the blocks. Then lift the legs back up and lower them to the floor on the outside of the blocks. That’s one rep. Repeat for 8-12 reps. Elevate your hips more by sitting in a chair, and holding on to the chair for support. Make the blocks taller. Instead of the low height setting, challenge yourself with the medium, or taller block heights. Start in a wider straddle, one where you are already feeling a stretch in those inner thighs. Keep your back flat instead of letting it round/compress.",All Levels,Active Dynamic,http://static1.squarespace.com/static/5ea57caad08f387b2e9827bd/61c7ae9bf497521cde72e756/6390c14e1d5dbe4674aa448c/1671125505238/Straddle+Rainbow+Leg+Lifts+-+Thumb.png?format=1500w,"Hamstrings, Adductors",n/a,Hip extension; Knee flexion; Hip adduction,none,"Active Adductor Stretch - Glutes, Active Hamstring Stretch - Hip Flexors",https://www.daniwinksflexibility.com/flexopedia/straddle-rainbow-leg-lifts
Straddle Side to Side Reaches,"This is a mobility drill I do virtually every time I’m working on my straddles because it’s a nice way to get more comfortable in the stretch. This drill can be adjusted to work for any sized straddle, whether you’ve got a straddle like a narrow pizza slice and need to sit in a chair, or have a wide overstraddle with blocks under your feet. The basic mechanics of the movement in this drill are the same. Start in a comfortable seated straddle, meaning a straddle where you can easily sit up with a flat back, and aren’t feeling a deep stretch in your inner thighs. That might mean modifying your straddle by: Elevating your hips (sitting on 1-2 yoga blocks, or in a chair) Slightly bending your knees Bringing your legs closer together until you no longer feel an inner thigh stretch Turn your torso to face one leg, and keeping your back flat, lean forwards to forward fold, reaching your belly button towards your thigh. If you have tight hamstrings, your forward fold may be small, just reaching your hands to your thigh - that’s OK! Keeping your back flat, start to walk your hands through the middle of your legs (straddle “pancake” position) and then over to the other leg. Hold the stretch on this side for just a moment or two before walking your hands back through the middle, over to the first side Repeat for 20-30 seconds of reaching side to side. Elevate your hips more. The higher your hips are, the easier it is to lean forwards to feel a stretch in your hips (as opposed to your back). If you’re sitting on yoga blocks, consider sitting in a chair instead. See how little weight you can keep in your hands while you reach side to side. Try just grazing your fingertips on the floor for balance Take your hands off the floor and reach forwards . This not only makes your hip muscles work harder to support the weight of your upper body, but reaching your arms forwards makes the “lever arm” of your torso longer, which is even more challenging for your hips to keep lifted.",All Levels,Active Dynamic,http://static1.squarespace.com/static/5ea57caad08f387b2e9827bd/61c7ae9bf497521cde72e756/6390c19d4829c1142f60d9e8/1671125018952/Side+to+side+straddle+reaches.png?format=1500w,"Hamstrings, Adductors",n/a,Hip extension; Knee flexion; Hip adduction,none,"Active Hamstring Stretch - Hamstrings, Passive Adductor Stretch",https://www.daniwinksflexibility.com/flexopedia/straddle-side-to-side-reaches
Strap-Assisted Floaty Birds,"Ranges of Motion Trained: Back extension, shoulder circumduction Many students prefer this “assisted” floaty bird variation because it allows us to more easily engage the shoulders by using a prop (the strap). That said, it’s still quite the challenging exercise! Note: You’ll need some kind of long strap for this exercise (ideally a stretchy strap, but a firm yoga strap works too) Start lying face-down on the floor, with legs about hip-width apart and arms reaching overhead holding onto a long strap. Start with arms very wide (at least mat-width apart, if no wider). Keep your legs on the floor as you start to lift your torso and your arms off the ground. If you are very backbendy, engage your transverse abdominus by sucking your belly button in towards your spine (this will help take some pressure out of your low back if you end up backbending quite far in the next part of the exercise). Once you’ve lifted the chest as high as you can, reach your strap up-and-back towards your butt, making sure both arms stay straight and both shoulders rotate at the same time (if you find yourself breaking your frame, simply take your hands farther apart on your strap). As you’re reaching your hands back, see if you can lift your chest just a bit higher! Keeping your chest as lifted as you can, bring the strap back up-and-to-the-front and then slowly lower your chest to the ground. PHEW! That’s one rep. Continue for 4-12 reps total. Take your hands farther apart. Don’t worry about how high (or not) you’re lifting. Even doing these low to the floor with small movements can be beneficial. Anchor your feet under a heavy piece of furniture , use a back extension machine at the gym, or have a friend sit on your calves. This will allow you to use your glutes and hamstrings to help lift your torso, not just your back muscles. Take your hands closer together on your strap. Lose the strap and do these hands-free.",Intermediate,Active Dynamic,http://static1.squarespace.com/static/5ea57caad08f387b2e9827bd/61c7ae9bf497521cde72e756/63f2aa642764b604663db356/1676897416281/Floaty+Birds.png?format=1500w,"Back, Shoulder",n/a,Spinal extension; Shoulder retraction; Shoulder internal rotation; Shoulder external rotation; Shoulder flexion,Feel like back extensions with the hands reaching back are too easy,"Active Back Stretch - Spinal Extension, Shoulder Stretch - Circumduction",https://www.daniwinksflexibility.com/flexopedia/strap-assisted-floaty-birds
Strap-Assisted Pitcher's Stretch,"Range of Motion Worked: Shoulder external rotation I’ve actually never heard a name for this stretch before aside from “shoulder external rotation” (often with a band or a stick), but I think it looks a lot like you’re about to throw a baseball, so I’ve dubbed it an assisted “pitcher’s stretch” (and realistically pitchers do need a ton of shoulder external rotation). You’ll need some kind of a long strap for this exercise - it can be stretchy or stiff . Holding a strap in your right hand, bring the right arm out into a “robot” position: elbow out to the side in line with your shoulder, elbow bent 90 degrees, right hand lifted towards the ceiling. Dangle the strap down the backside of the right arm and your back, grabbing it with your left hand behind your back/hips. Making sure to keep the right elbow in the same spot (it should stay in line with your shoulder the whole time), and keeping the elbow bent 90 degrees (don’t let the hand drift in towards your head), use our left hand to pull on the strap, gently pulling the right hand up-and-back in space, rotating the right bicep towards the ceiling (or behind you). Depending on your shoulder flexibility, your long-term goal may be to work towards getting your right hand all the way up toward the ceiling (forearm vertical). If you have more flexible shoulders, you may work towards bringing the right hand behind you in space. Hold this passive stretch for 15-30 seconds. Keep it gentle! As with any shoulder exercise, especially passive ones where another body part or gravity is increasing the intensity of the stretch, it’s important to not “crank” your arm and force the stretch. Lean your back and right elbow against a wall to help keep the elbow in line with the shoulder. Lose the strap and actively reach back with the right forearm (instead of pulling it back with the strap).",All Levels,Passive Static,http://static1.squarespace.com/static/5ea57caad08f387b2e9827bd/61c7ae9bf497521cde72e756/63f379fa276b3e6d785d1bf7/1676901968712/Strap-Assisted+Pitcher%27s+Stretch.png?format=1500w,Shoulder,n/a,Shoulder internal rotation; Shoulder external rotation; Shoulder flexion,none,Passive Shoulder Stretch - External Rotation,https://www.daniwinksflexibility.com/flexopedia/strap-assisted-pitchers-stretch
Sumo Squat Knee Drops,"Ranges of Motion Trained: Hip Internal Rotation Adding hip internal rotation to a traditional sumo squat is a great way to challenge your body with a novel range of motion, and work on strengthening your hip stabilizers. Start in a sumo squat: squatting with feet wider than hip-width apart (knees should stack over the ankles), and torso lifted. It’s OK if your hips are a bit higher than your knees (although over time we’d like to work on being able to squat low enough to knee height in this position) Keeping the hips in the same spot - don’t let them lift or pivot to the side - lift the heel of one foot and try to drop your knee towards the floor (rotating the top of your thigh towards the front, or even towards your midline)) as you pivot on the ball of the foot. This may not be a big movement! Then lift the knee back out to the side to your starting sumo squat position. Make sure your hip bones stay pointing forwards the whole time, they will want to twist when you’re bringing that knee down - resist the urge to let them move! That’s one rep. Repeat for 5-10 on each leg.",All Levels,Active Dynamic,http://static1.squarespace.com/static/5ea57caad08f387b2e9827bd/61c7ae9bf497521cde72e756/653a60a284e176198d3df22b/1698331678287/sumo+squat+knee+drops.png?format=1500w,,n/a,Hip Internal Rotation,none,Active Hip Internal Rotation,https://www.daniwinksflexibility.com/flexopedia/sumo-squat-knee-drops
Sumo Squat Twist,"Ranges of Motion Trained: Spinal rotation (twisting), hip abduction (opening the legs out to the sides) This is a nice multi-tasking stretch that works on both inner thigh and spinal flexibility at the same time. I also find it a pretty reliable way to crack my back if I need to! Start in a sumo squat: feet wider than hip-width apart, feet slightly angled out to the sides, squatting down as deep as is comfortable (hips do not have to go all the way down to knee height if that feels intense!), making sure knees are stacked on top of the ankles. Place one hand on each thigh near the knee. Press the right hand into the right thigh as you drop your right shoulder towards the floor, pushing the right thigh away, twisting your torso to the left. The right arm can stay bent, or you can push it all the way straight. Hold for 10-20 seconds, then switch sides Alternatively, you can turn this into more of a dynamic stretch by holding the stretch just for a second or two, and then twisting to the other side - going back and forth a couple of times.",All Levels,Passive Static,http://static1.squarespace.com/static/5ea57caad08f387b2e9827bd/61c7ae9bf497521cde72e756/64374373db01083b4f976e61/1698324642243/sumo+squat+twist.png?format=1500w,"Back, Adductor",n/a,Spinal extension; Shoulder retraction; Hip adduction,none,"Passive Back Stretch - Spinal Rotation, Passive Adductor Stretch",https://www.daniwinksflexibility.com/flexopedia/sumo-squat-twist
Super Active Bow Pose,"This challenging variation on the “traditional” bow pose is a much more active back flexibility drill because you no longer get to use your hands for support. Start in a bow pose : lying on your stomach, reaching back to grab your ankles (or a strap), pressing your feet into your hands to lift your chest (knees can stay on the floor, or you can lift them for a deeper backbend). Now for the real challenge - trying to keep your chest lifted as high as you currently have it, let go of your feet . Keep your arms reaching back, and try to keep that chest lifted Hold your “Look, Ma, no hands!” bow pose for 5-10 seconds before lowering to the ground. Keep it small! This does not have to be your bendiest bow. And don’t worry if your chest feels heavy, as long as you feel the muscles in your back engaging to slow it’s descent back to the floor, that’s a win. Lift your knees off the floor.",All Levels,Active Static,http://static1.squarespace.com/static/5ea57caad08f387b2e9827bd/61c7ae9bf497521cde72e756/63ebacb4efdc182b3b2144c0/1676840079542/Super+Active+Bow+Pose.png?format=1500w,"Hip Flexor, Back, Shoulder",n/a,Hip flexion; Spinal extension; Shoulder retraction; Shoulder internal rotation; Shoulder external rotation; Shoulder flexion,none,"Active Hip Flexor Stretch - Quads, Active Back Stretch - Spinal Extension, Active Shoulder Stretch - Extension",https://www.daniwinksflexibility.com/flexopedia/super-active-bow-pose
Supine Figure-4 Contract-Relax (Active Glutes),"This variation of the passive figure-4 stretch turns it into an active flexibility drill by using a contract-relax of the glutes (essentially making this a PNF drill for our glutes). This can be a challenging strengthener for our glutes by working on strengthening them while they’re in a lengthened position. Start lying on your back in a supine figure-4 stretch : crossing one ankle over the other knee so your legs splay out into a “number 4” shape, then pulling your legs towards your chest. You should be feeling a stretch through the outer hip (glutes) of the leg that’s crossed on top. Keeping the initial stretch, take one hand to the outside of the knee that’s splayed out to the side. Contract your glutes by pressing the outside of the knee into your hand for 10 seconds (try not to pulse, just give a constant tension/push of the knee in toward your hand). After 10 seconds of engaging your outer hip, relax the leg and just hold the passive stretch. Hold the relaxed stretch for 20 seconds. You can try to pull the legs a little closer to your chest if the stretch is feeling good. Repeat for another 2-3 rounds of 10 seconds of contracting, and then 20 seconds of relaxing (and potentially sinking into a deeper stretch). Keep the supporting leg’s foot on the floor. Instead of pulling the legs in toward your chest, cross your ankle over the opposite thigh/knee, and keep the supporting leg’s foot on the floor. Pull the legs more in towards your chest to deepen the stretch.",All Levels,Passive Static,http://static1.squarespace.com/static/5ea57caad08f387b2e9827bd/61c7ae9bf497521cde72e756/639bf1bc4dfd627e27f75e08/1671319147371/supine+figure+4+pnf+thumb.png?format=1500w,Glutes,Hip External Rotators,Hip extension; Hip external rotation; Hip flexion; Hip rotation,none,"Passive Hip External Rotation, Active Glute Stretch",https://www.daniwinksflexibility.com/flexopedia/supine-figure-4-pnf-active-glutes
Supine Figure-4 Stretch,"This lying down glute stretch is a nice passive stretch that helps stretch our glutes and works on our hip external rotation . I actually prefer this stretch to pigeon pose (another common/popular glute stretch) because it’s easier to moderate the intensity to keep it gentle on the knees. Start lying on your back on the floor with both knees bent. Cross one ankle over the opposite leg’s thigh up by the knee. The lifted leg knee should splay out to the side, so your legs are crossed like the number 4. If this already feels like a strong outer hip stretch in the leg that’s crossed on top, hold this position. If you want to go deeper in this stretch, reach your hands to grab the supporting leg’s thigh and pull your “figure 4” shape in towards your chest. Hold for 20-30 seconds. Keep the supporting leg foot on the floor. Turn it into an active drill by adding some contract-relax glute engagements .",All Levels,Passive Static,http://static1.squarespace.com/static/5ea57caad08f387b2e9827bd/61c7ae9bf497521cde72e756/639bf0e060203432ebe21f93/1671335342453/supine+figure+4+thumb.png?format=1500w,"Glutes, Hip External Rotation",n/a,Hip extension; Hip external rotation; Hip flexion; Hip rotation,none,"Passive Glute Stretch, Passive Hip External Rotation",https://www.daniwinksflexibility.com/flexopedia/supine-figure-4-stretch
Supine Frogger Leg Opens,"This is a gentle conditioning exercise for our inner thigh strength. As an “active” drill, this helps us (very lightly) strengthen our inner thighs through a full range of motion, all the way out to their end range position. I like to use this drill as part of my warm up, or with students who get knee discomfort in frogger / middle split variations when weight is in knees on the floor. Start lying on your back on the floor. Bend both knees and lift your knees up so knees are stacked on top of hips, feet in the air. Open your knees out to the side, so you’re basically doing your frogger stretch lying on your back, then bring your knees back together to touch. Repeat for 8-12 reps. Start with your toes resting against a wall (knees still bent and stacked on top of hips). Keep the toes sliding down the wall as your knees open, using the wall to help keep your knees in line with your hips (and not letting them drift out of line). Add a “karate kick,” straightening your legs once you’ve splayed your knees out to the side, then bend the knees as you close them back together. Keep legs straight the whole time , opening your legs out into a straddle, then closing them back together. Move slower.",All Levels,Active Dynamic,http://static1.squarespace.com/static/5ea57caad08f387b2e9827bd/61c7ae9bf497521cde72e756/6390b4ad3bcf093468ff73d0/1671192431893/Supine+Frogger+Leg+Opens.png?format=1500w,Adductors,n/a,Hip adduction,none,Active Adductor Stretch - Adductors,https://www.daniwinksflexibility.com/flexopedia/supine-frogger-leg-opens
Supine Froggy Kicks,"This variation of supine leg lifts starts with a bent knee (making it a bit easier to lift the leg), and then adds a quad engagement to straighten the leg to pull it into an active hamstring stretch. This is a great variation for students with weaker hip flexors who have a hard time lifting their leg, as well as flexier students who want a challenge to keep the knee pulled in as the leg straightens. Start lying on your back. Depending on your flexibility, you can vary the placement of your legs for this drill. We’ll have the right leg being our “working” leg (the one that’ll be doing the kicking). In order of increasing difficulty, you could start: With the left knee bent, foot flat on the floor Left leg straight, straight leg flat on the floor Left leg straight, hips elevated on a yoga block (back slightly arched), left foot on the floor Bend the right knee and kick it in towards your chest as much as you can (don’t use your hands to pull the leg - we just want to be using our hip muscles for this). Keeping the right thigh squeezing towards your belly, knee towards your chest, start to straighten the leg. Try to keep the leg as close to your body as you kick the leg straight (it may float away a bit, that’s OK, but your job is to continue to squeeze it in as much as you can). This should feel like a strong contraction in the top of your thigh (quads) and front of your hip (hip flexors), as well as a stretch in the back of the thigh (hamstrings). Once the leg is kicked straight, lower it down to the floor with control. Repeat for 8-12 reps. Don’t worry about kicking the leg all the way straight. Kick it straight-ish enough that you’re feeling a hamstring stretch, then lower the leg. It’ll be easier to straighten all the way as you get more flexible / stronger over time. Flex the foot once you’ve kicked the leg straight to add a calf stretch as you lower the leg to the ground. Start with your hips elevated on a yoga block , and your non working leg straight. Keep the",All Levels,Active Dynamic,http://static1.squarespace.com/static/5ea57caad08f387b2e9827bd/61c7ae9bf497521cde72e756/639114f42585963cb41add32/1671117842084/Supine+Froggy+Kicks.png?format=1500w,Hamstrings,n/a,Hip extension; Knee flexion,none,"Active Hamstring Stretch - Hip Flexors, Active Hamstring Stretch - Quads",https://www.daniwinksflexibility.com/flexopedia/supine-froggy-kicks
Supine Half Straddle Opens,"This is a gentle active warm up for the inner thighs, letting one inner thigh open into a stretched position, then lightly contracting those muscles to bring it back to the starting position. Start lying on your back. Bend one knee and plant the foot on the floor, kick the other leg straight up towards the ceiling (if you have tight hamstrings and can’t get the leg all the way up, it’s fine to bend the knee a bit!). Keeping the straight leg in line with your hips (don’t let it drift towards the bottom of your yoga mat), open the leg out to the side. Make sure both hip bones stay anchored on the floor and your hips don’t start to tilt to the side when the leg opens - both hip bones should stay pointing up towards the ceiling. You should be feeling a stretch in the inner thigh of the straight leg. Close the straight leg back towards your midline, back to the starting position with toes kicked up towards the ceiling. Repeat for 8-12 reps. Bend your knee so you’re leg opens into a half frogger stretch instead of a half straddle. Open both legs out to the side at the same time into a full straddle.",All Levels,Active Dynamic,http://static1.squarespace.com/static/5ea57caad08f387b2e9827bd/61c7ae9bf497521cde72e756/639009220a18652eb53e0b3f/1671193032580/Lying+Adductor+Squeezes+-+Thumb.png?format=1500w,Adductors,n/a,Hip adduction,none,Active Adductor Stretch - Adductors,https://www.daniwinksflexibility.com/flexopedia/supine-half-straddle-opens
Supine Hamstring Stretch,"This is a great version of a hamstring stretch for beginners and advanced students alike. I particularly like this stretch for beginners and students with tighter hamstrings because by lying on our backs, it’s easier to keep our back flat in the stretch (which helps ensure we’re stretching our hamstrings, and not our back!), and using a strap helps support the weight of the leg. Bendier / more advanced students can make this drill more challenging by adding a contract-relax exercise. Start lying on your back with both knees bent, feet on the floor. Loop a strap around one foot and kick that leg up towards the ceiling (or towards your chest if lifting it to the ceiling is easy), pulling on the strap to help lift your leg. Straighten your lifted leg as much as is comfortable as you pull it towards your chest. If you have tight hamstrings, that might mean bending your knee a bit - that’s OK! If you have more flexible hamstrings, challenge yourself to keep your leg straight as you pull it in toward your chest. You should be feeling a stretch in the back of the straight (or straight-ish) leg thigh (in your hamstrings). Hold for 20-60 seconds. Bend your knees. I mentioned this one already because it’s such a helpful adjustment for people with tighter hamstrings! Straighten the non-working leg so it’s flat on the floor. When that knee is bent, it helps tilt our pelvis backwards, which makes the hamstring stretch easier. Flattening the leg on the floor tilts the pelvis more towards a neutral position, which is more challenging. Make it active by doing some rounds of contract-relax (PNF) for your hamstrings or hip flexors .",All Levels,Static Passive,http://static1.squarespace.com/static/5ea57caad08f387b2e9827bd/61c7ae9bf497521cde72e756/63911c005a98ee1aa881f647/1671061785968/supine+hamstring+stretch+-+thumb.png?format=1500w,Hamstrings,n/a,Hip extension; Knee flexion,none,Passive Hamstring Stretch,https://www.daniwinksflexibility.com/flexopedia/supine-hamstring-stretch
Supine Hamstring PNF (Hamstrings),"PNF (Proprioceptive Neuromuscular Facilitation) style stretching, which involves alternating contracting and relaxing muscles, is a great way to actively stretch your muscles. PNF not only helps you stretch deeper by communicating to our nervous system that we’re safe in these positions, but it also literally strengthens our muscles while they’re at their end range position. I like this version with students lying on their back because it’s easy to keep good form. Consider pairing this stretch with hip flexor engaged PNF to strengthen the muscles on the other side of the joint as well. Note: there are lots of variations on how you can perform contract-relax style stretching, with variations in intensities, durations, and more. This just happens to be my preferred variation. Start in a supine hamstring stretch : lying on your back, loop a strap around one foot and pull that leg up towards the ceiling (or in towards your chest if you have a larger range of motion) - this will be our working leg, the one being strengthened and stretched. We want to start in something that feels like our deepest hamstring stretch, but one that doesn’t give us any discomfort in our lower back. That might mean adjusting to: Bend the non-working leg, planting the foot on the floor. This will allow your pelvis to tilt slightly as you pull your working leg up Bend the working leg a bit Hold this passive stretch for 10-20 seconds. Now for the contraction! Strongly hold on to the strap with your hands (continue to pull the strap/leg towards your chest) as you actively kick the working leg away - our goal is to keep the leg in the same spot (maintaining the hamstring stretch) while contracting the hamstrings. Make sure your hips are staying anchored to the floor and not starting to lift. Hold this contraction for 10 seconds. After 10 seconds, relax the working leg (but stay in the stretch). Once relaxed, you can try to pull the leg a bit closer to your chest to deepen the stretch. Hold this rel",All Levels,Static Active,http://static1.squarespace.com/static/5ea57caad08f387b2e9827bd/61c7ae9bf497521cde72e756/6391246ed4049a51114ceea7/1671335561888/supine+hamstring+pnf.png?format=1500w,Hamstrings,n/a,Hip extension; Knee flexion,none,Active Hamstring Stretch - Hamstrings,https://www.daniwinksflexibility.com/flexopedia/supine-hamstring-stretch-pnf-hamstrings
Supine Hamstring PNF (Hip Flexors),"Contract-relax style stretching like PNF (Proprioceptive Neuromuscular Facilitation) is a great way to strengthen your muscles to support and end range stretch, as well as communicate to our nervous system that we’re safe in these positions to allow us to stretch a little deeper. I like this version with students lying on their back because it’s easy to keep good form. This variation in particular - unlike the more common version that involves contracting the hamstrings while they’re in a stretch - is a fun challenge for your hip flexors, the “helper” muscles that can pull us into a deeper hamstring stretch. Note: there are lots of variations on how you can perform contract-relax style stretching, with variations in intensities, durations, and more. This just happens to be my preferred variation. Start in a supine hamstring stretch : lying on your back, loop a strap around one foot and pull that leg up towards the ceiling (or in towards your chest if you have a larger range of motion) - this will be our working leg, the one being strengthened and stretched. The non-working leg can either stay bent with the foot flat on the floor, or if you have more flexible hips, you can straighten it and lay it flat on the floor. We want the working leg to be as straight as “is comfortable,” meaning straight “enough” that you’re feeling a deep hamstring stretch without any kind of low back discomfort. For students with tight hamstrings, that likely means keeping the knee quite bent. For more flexible students, having just a microbend in the knee, or kicking it all the way straight, will make the stretch feel more challenging. Pull the leg into your deepest (but still without pain) hamstring stretch. Hold for 10-20 seconds. Now comes the challenge! Contract your quads and your hip flexors by trying to kick your leg towards your chest. Once you’ve started the contraction, let go of the strap and try to keep the leg at the same level/height as when you were just using your hands to p",All Levels,Static Active,http://static1.squarespace.com/static/5ea57caad08f387b2e9827bd/61c7ae9bf497521cde72e756/639124907e6895475a391225/1671062963757/supine+hamstring+pnf+-+hip+flexor+engagement.png?format=1500w,Hamstrings,n/a,Hip extension; Knee flexion,none,Active Hamstring Stretch - Hip Flexors,https://www.daniwinksflexibility.com/flexopedia/supine-hamstring-stretch-pnf-hip-flexors
Supine Leg Lifts,"This is one of my go-to conditioning exercise for active hamstring flexibility (also a convenient warm up for hip flexors, the muscles doing the contracting, before doing hip flexor stretches). This drill can easily be scaled up or down depending on flexibility: stiffer students can bend the lifting leg slightly to fucus more on hip flexor strength (often lacking for folks with tight hamstrings!), and more flexible students can challenge themselves by flattening the non-lifting leg on the floor (which rotates our pelvis forwards, making it harder to lift the working leg). Start lying on your back. epending on your flexibility level, there are a couple of ways we can set up our legs for this exercise (in increasing order of difficulty): Option 1: Bending your left knee, plant the left foot on the floor. Extend the right leg out (this will be our “working” leg, the one we’ll be lifting. Slightly bend the right leg. Option 2: Same as above, but with the right leg straight Option 3: Starting with both legs straight and flat on the ground Option 4: Starting with a yoga block under your hips (which helps tilt our hips forwards a bit), with both legs straight and feet on the ground The right leg is going to be the lifting (or the “working”) leg in this exercise. Lift the right leg up as high as you can, while keeping your left leg in the same starting position you chose in Step #1. You should feel a squeeze in the front of the right thigh and hip - those are your quads and hip flexors contracting. You may or may not feel a stretch in the back of the right leg (in the hamstrings) depending on how strong/weak your hip flexors are. Even if you’re only feeling a contraction sensation in the front of the leg (and not a stretch in the back of the leg) - that’s OK! Lower the leg back to the floor with control. This whole movement should be slow and controlled - think of these more as “lifts” and less of “kicking with wild abandon.” Repeat for 8-12 leg lifts. Bend the lifting leg ",All Levels,Active Dynamic,http://static1.squarespace.com/static/5ea57caad08f387b2e9827bd/61c7ae9bf497521cde72e756/6390feb246bc006da41f122b/1671062984753/Supine+Leg+Lifts.png?format=1500w,Hamstrings,n/a,Hip extension; Knee flexion,none,Active Hamstring Stretch - Hip Flexors,https://www.daniwinksflexibility.com/flexopedia/supine-leg-lifts
Supine Leg Lifts with Hips on Blocks,"This is a more “advanced” version of regular ol’ supine leg lifts to challenge split-ier students. By placing our hips on a yoga block (or two, for you very flexy folks!), we start in a position of slight anterior pelvic tilt (hips rotating forwards), which makes it more challenging to lift our working leg. The non-working leg must also stay engaged in this exercise to keep the foot on the floor, and not let it float up as you kick up the working leg. So good strengthening all around! Lying on your back, slide a yoga block under your sacrum (backside of your hips). Extend both legs out so that they’re straight, heels on the floor (you’ll be in a slightly arched back position). Start with just one yoga block, but if that’s not challenging enough, you can add a second block (only if that feels OK on your back, because it’ll be putting you into a deeper backbend as well). Keeping your left leg straight and heel on the floor, lift your right leg up as high as you can, kicking (with control!) your thigh towards your chest. Kick slow enough that you can feel a sweet sweet squeeze through the front of the right hip and thigh. Lower the right leg back to the floor (heel all the way down to the ground). Repeat for 8-12 leg lifts. Take the butt block away and do regular leg lifts . Add ankle weights.",Intermediate,Active Dynamic,http://static1.squarespace.com/static/5ea57caad08f387b2e9827bd/61c7ae9bf497521cde72e756/6391140bd5b3c2552a7b485e/1671062992431/Supine+Leg+Lifts+with+Hips+on+Blocks.png?format=1500w,Hamstrings,n/a,Hip extension; Knee flexion,Can easily kick a straight leg towards your chest in supine leg lifts while the other leg is flat on the floor.,Active Hamstring Stretch - Hip Flexors,https://www.daniwinksflexibility.com/flexopedia/supine-leg-lifts-with-hips-on-blocks
Supine Toes-to-Wall Leg Extensions,"This is a great challenging variation on the hips-on-blocks glute contract-relax drill that I love (and sneak into most of my splits classes…) that adds a deep hamstring stretch in the non-working leg. Start lying on your back, head close to a wall. Slide a yoga block under your sacrum to elevate your hips. Reach other legs overhead and press your feet into the wall. You can choose how intense of a hamstring stretch you want to be in to start here: legs totally straight, body farther from the wall, feet walking farther down the wall toward your head = deeper hamstring stretch legs bent, body closer to the wall, feet higher up the wall = easier hamstring stretch Keeping one foot pressing into the wall the whole time, extend your other leg away, straightening the knee (don’t let it bend as you kick) and pointing your toes as you slowly kick that leg as far away as you can, pressing it down towards the floor. Don’t let the wall foot float away from the wall! Hold the end position with the straight leg kicking towards the floor for a second, then bring the leg back to the wall to the starting position. Keep these leg extensions slow and controlled . Repeat for 8-12 kicks on one leg, then switch legs. Bend the knee of the leg pressing into the wall. Add a second block under your hips (only recommended if you can easily touch the working leg’s foot to the floor even when the knee is straight). Press a block between the wall-foot and the wall - instead of using the friction between the wall and your foot to hold the leg in place, this requires you to use your hip flexors to keep the leg compressed, making both legs actively work!",Intermediate,Dynamic Active,http://static1.squarespace.com/static/5ea57caad08f387b2e9827bd/61c7ae9bf497521cde72e756/63ea55a650af7b4e5857fca6/1676303043172/Supine+Toes-to-Wall+Leg+Extensions.png?format=1500w,"Hip Flexors, Hamstrings",n/a,Hip flexion; Hip extension; Knee flexion,Can touch toes with a mostly flat back,"Active Hip Flexor Stretch - Glutes, Passive Hamstring Stretch",https://www.daniwinksflexibility.com/flexopedia/supine-toes-to-wall-leg-extensions
Supine Wall Straddle,"Similar to the legs up the wall stretch, this back-lying straddle lets us use the wall to support our legs into a gentle passive inner thigh stretch. This is a great alternative to middle splits or frogger stretches for students who experience knee discomfort in those stretches because we take all the weight out of our knees in this stretch. Start lying on your back and scoot your butt aaaaaaaall the way up against a wall. You should feel your “sits bones” (the little boney nubs at the bottom of your hips) pressing into the wall (unless you’re working on a gentler variation, see below for modifications). Open your legs out to the side into a straddle, keeping your back flat on the floor. If you have tight hips, keeping a slight bend in the knees may make this feel gentler. If it feels comfortable to straighten the legs, go ahead and straighten them. If you’d like to hold a deeper stretch, you can use your hands to pull your legs down the wall to open them into a wider straddle than “just” gravity can pull them alone (this works best if your feet aren’t slippery, so wearing sneakers or no socks will help hold those heels on the wall best for this variation). Hold this passive stretch for 20-60 seconds. Scoot your butt a little farther away from the wall . If you have tight hamstrings and usually can’t sit up with a flat back on the floor in a seated straddle, starting with your butt an inch or two away from the wall will make this more comfortable Slightly bend your knees. Support the weight of your legs with your hands holding your outer thighs. Lift your torso and start to reach your belly towards the wall. Start with propping yourself up on your elbows, if that’s easy, you can prop yourself up on your hands. Just make sure you’re keeping your back flat and not rounding as you try to reach your belly toward the wall.",All Levels,Passive Static,http://static1.squarespace.com/static/5ea57caad08f387b2e9827bd/61c7ae9bf497521cde72e756/6391158bc5dc010ef4bdac9f/1671146351353/Legs+Up+the+Wall+Straddle.png?format=1500w,Adductors,n/a,Hip adduction,none,Passive Adductor Stretch,https://www.daniwinksflexibility.com/flexopedia/supine-wall-straddle
Tabletop Side Crunches,"Ranges of Motion Trained: Back lateral flexion (sidebending) This is one of the various back mobility warm ups I include in almost every training session because it’s easy to mix in with cat-cow and disco cow stretches. Start in a tabletop position on hands and knees, spine in a neutral position ( slight arch in the low back is fine). Look over your right shoulder towards your right toes, actively “crunching” your right side by trying to lean your tight hip towards your right shoulder. Then look over the left shoulder towards the left toes, “crunching” to the other side. Repeat for 4-8 reps. Keep it small. Swap this drill for an active standing side bend exercise.",All Levels,Active Dynamic,http://static1.squarespace.com/static/5ea57caad08f387b2e9827bd/61c7ae9bf497521cde72e756/63f370ad16cb4e5cd29c170d/1681306730505/Tabletop+Side+Crunches.png?format=1500w,Back,n/a,Spinal extension; Shoulder retraction,none,Active Back Stretch - Spinal Lateral Flexion,https://www.daniwinksflexibility.com/flexopedia/tabletop-side-crunches
Thoracic Side Bend,"Range of Motion Trained: Spinal lateral flexion (sidebending) This side body stretch helps stretch our lats, shoulders, and outer ribs, while working on spinal flexibility through our thoracic spine (upper back). Reach the right arm overhead, palm facing inwards. Reach the left arm up, grabbing the right wrist. Using the left arm, gently pull the right arm up to lengthen the arm (pulling the shoulder up towards the ear), and tilt over to the left side. Avoid “crunching” the tilt down into your waist, keep your chest lifted, right arm pulling up towards the ceiling - this will help keep more of the stretch in your upper back and lats. Hold for 15-30 seconds, then switch arms/sides Keep the lean small! Instead of using the left arm to grab the right wrist, plant the left palm on your hip to support the weight of your upper body. Reach both arms overhead, palms facing towards each other, to make this a more active side bend.",All Levels,Passive Static,http://static1.squarespace.com/static/5ea57caad08f387b2e9827bd/61c7ae9bf497521cde72e756/6436b46ae7e0ae2f792350b4/1681388469359/Thoracic+Side+Bend.png?format=1500w,Back,n/a,Spinal extension; Shoulder retraction,none,Passive Back Stretch - Spinal Lateral Flexion,https://www.daniwinksflexibility.com/flexopedia/thoracic-side-bend
Three Legged Down Dog Banded Leg Extensions,"Ready to get some quake-y quads? These banded knee straightens in your down dog is a challenging quad strengthener that can help deepen your standing splits and train your quads to engage to avoid microbending the knee. You will need some kind of long stretchy resistance band for this exercise. A looped superband works great because it’s easy to “lasso” around your ankle, but a Theraband works too if you tie a little loop in the and for your foot. Loop a long resistance band around one ankle (you’ll want it to be “tight” on the ankle so it doesn’t wiggle around as you move, so you may have to tie a small loop in the end). Holding on to the strap in one hand (using the same-side hand as the foot that’s lasso’d usually works better), press up into your downward dog . Extend your lasso’d leg in the air, bending the knee and pulling the strap over your shoulder so it’s helping pull your lifted leg in the air and the strap is over your back/shoulder and firmly planted on the floor under your hand. Square your hips towards the floor (don’t let them tilt to the side). Keeping your lifted knee nice and high, and keeping your hip bones pointing down at the floor (“square” hips!), kick your foot high, pushing your ankle into the resistance band to straighten the leg - this should feel challenging against the resistance of the strap! Straighten the leg all the way (if you can’t quite get it completely straight, try a lighter resistance band, or lose the band and just use your bodyweight). Hold the squeeze in your quads holding that leg straight for a moment. Then relax and bend the knee, letting the strap pull your foot back towards the back of your head. Repeat for 8-12 leg straightens, then switch legs. Elevate the heel of the base leg , either balancing on the ball of your foot, or throwing a yoga block or folded blanket/mat under the heel for support. Bend the base knee a bit more. Lose the resistance band and work on these leg straightens without the strap. Narrow your st",Intermediate,Active Dynamic,http://static1.squarespace.com/static/5ea57caad08f387b2e9827bd/61c7ae9bf497521cde72e756/63d1243092100155e17b2c14/1675876878561/Three+Legged+Down+Dog+Banded+Leg+Extensions.png?format=1500w,"Hamstrings, Hip Flexors",n/a,Hip extension; Knee flexion; Hip flexion,Comfortable holding a three-legged downward dog with the lifted leg higher than hip height.,"Passive Hamstring Stretch, Passive Calf Stretch, Active Hip Flexor Stretch - Quads",https://www.daniwinksflexibility.com/flexopedia/three-legged-down-dog-banded-leg-extensions
Three Legged Down Dog Leg Lifts,"These active leg lifts in your Down Dog pose are a great way to strengthen the glutes in the lifting leg to add a hip flexor stretch, and stretch the hamstrings in the base leg at the same time. Talk about multitasking! Start in a downward dog (knees can be bent, or straight, as long as your back is flat). Extend one leg behind you, straightening the leg and pointing the toes. Keeping both hip bones pointing to the floor (they’re going to want to lift!), lift the straight leg as high as you can, you should feel a strong squeeze in the glutes in that hip (you may also feel the hamstring stretch in the standing leg intensify). Hold that leg lifted as high as you can for a moment, then lower it back down to the floor. Repeat for 8-12 leg lifts, making sure that only your leg is moving, and your hip bones aren’t tilting to the side. Add blocks under your hands to shift more weight into the back leg, instead of into the wrists. Bend the base knee even more. Bend the lifting leg. Add ankle weights to the lifting leg.",All Levels,Active Dynamic,http://static1.squarespace.com/static/5ea57caad08f387b2e9827bd/61c7ae9bf497521cde72e756/63d006699073995db4c110cc/1675876894263/Three+Legged+Down+Dog+Leg+Lifts.png?format=1500w,"Hamstrings, Hip Flexors",n/a,Hip extension; Knee flexion; Hip flexion,none,"Passive Hamstring Stretch, Passive Calf Stretch, Active Hip Flexor Stretch - Glutes",https://www.daniwinksflexibility.com/flexopedia/three-legged-down-dog-leg-lifts
Wall Angels,"Range of Motion Strengthened: Shoulder external rotation This is a classic drill to help strengthen the shoulder external rotators of the rotator cuff - great for folks who want stronger shoulders for end range shoulder flexibility work. Start sitting or standing with your back against the wall. Open your arms out to the side, placing your elbows on the wall at shoulder height. Rotate your upper arm to reach your hands backwards towards the wall. The “classic” starting position would be with your fingertips reaching back to touch the wall, or (ideally) the whole backside of your hand - but that does require a lot of shoulder flexibility to begin with! If you can’t reach the wall with your fingertips, hold onto yoga blocks and reach the yoga blocks backwards to touch the wall. Keeping everything still touching the wall (don’t let your upper back start to arch away, elbows drift away, or hands/wrists drift away), slowly slide your elbows and hands up the wall as high as you can without anything gapping away from the wall. This should feel like a bit of a squeeze in the backside of your shoulder as your body works to keep your upper arms close to the wall. Then slide the arms back down to the starting position. That’s one rep, repeat for 8-12 reps. Hold onto yoga blocks to “make your hands longer” so you can touch the blocks to the wall instead of your fingertips. Keep the back of your hand in contact with the wall the whole time (don’t let the hand and wrist gap!).",All Levels,Active Dynamic,http://static1.squarespace.com/static/5ea57caad08f387b2e9827bd/61c7ae9bf497521cde72e756/6540f3dd490f124354e3db18/1698757052216/wall+angels.png?format=1500w,Shoulder,n/a,Shoulder internal rotation; Shoulder external rotation; Shoulder flexion,none,Active Shoulder Stretch - External Rotation,https://www.daniwinksflexibility.com/flexopedia/wall-angels
Wall Block Hitchikers,"Here are 2 variations of a great shoulder strengthener for our overhead shoulder flexibility. Both of these work on maintaining our shoulder external rotation while reaching the arms up overhead. Start sitting or standing with your back pressed against a wall (this will help prevent us from arching to cheat the drill!). Hold a yoga block the long-width between both of your hands, and extend your arms straight in front of you - so much that you feel your shoulder blades start to slide forwards towards the sides of your ribs (aka protract the scapula ) Keeping the shoulderblades hugging forwards (don’t let them squeeze together!), lift your arms as far overhead as you can, trying to reach the block to the wall. If you’re not sure if your shoulder blades are in the right position, bend your elbows and make sure they are pointing forwards (not out to the side). Once you get to your end range, slowly pulse your arms forwards and backwards for 10-20 seconds. Important note: this should feel like a strong muscle squeeze in the tops/backs of the shoulders, not a pinch in the top of the shoulder. If you are feeling any pinching , try to adjust your arm position (remember: shoulder blades wrapping forwards) or choose a different exercise. Keep the arm lift small - for folks with tight shoulders, your arms may be nowhere near the wall, and that’s OK! Face the wall . If you can consistently get your arms to the wall, flip around and start with your chest/belly on the wall, working to pull your arms away from the wall behind you.",All Levels,Active Dynamic,http://static1.squarespace.com/static/5ea57caad08f387b2e9827bd/61c7ae9bf497521cde72e756/6436b7f5171ddb7665f24ab1/1695261411159/Wall+Block+Hitchikers.png?format=1500w,Shoulder,n/a,Shoulder internal rotation; Shoulder external rotation; Shoulder flexion,none,"Active Shoulder Stretch - External Rotation, Active Shoulder Stretch - Flexion",https://www.daniwinksflexibility.com/flexopedia/wall-block-hitchikers
Wall Chest Stretch,"This is one of my go-to stretches for the chest, which can occasionally be a limiting factor for overhead shoulder flexibility. By adjusting our elbow placement on the wall, we can play with the angle we stretch these muscles - so pick a position that feels challenging! Start standing with your right side next to a wall. Place your right forearm on the wall, with your elbow at shoulder height, forearm pointing up towards the ceiling. Step your right foot forwards and lean your chest forwards until you feel a stretch through the right side of your chest, or the front of your shoulder. Hold for 15-30 seconds. Note: if you get tingling in your hands, don’t push through the tingling! This is likely a sign that you’re pinching a nerve in your shoulder (no good!), so come out of the stretch, and try it again with a smaller/gentler range of motion. You may also want to check if you have nerve tension in one of the muscles that passes through your shoulder and try some nerve glides before attempting this stretch ( here’s how ). Repeat the stretch again, but this time with the elbow an inch or two higher than shoulder height (this will make the stretch a bit more challenging for your pec minor). Repeat the stretch again, but this time with the elbow an inch or two lower than shoulder height. Use a smaller range of motion - keep the sensations gentle! Externally rotate your shoulder before you lean into the stretch by rotating your upper arm backwards (so your hand will be slightly behind your elbow on the will, with your forearm at a slight diagonal instead of being completely vertical",All Levels,Passive Static,http://static1.squarespace.com/static/5ea57caad08f387b2e9827bd/61c7ae9bf497521cde72e756/6437427acb47203dd463fced/1695848806926/wall+chest+stretch.png?format=1500w,"Shoulder, Chest",n/a,Shoulder internal rotation; Shoulder external rotation; Shoulder flexion; Shoulder horizontal adduction,none,"Shoulder Stretch - Miscellaneous, Chest Stretch",https://www.daniwinksflexibility.com/flexopedia/wall-chest-stretch
Wall Chest Stretch Back Contract-Relax (PNF),"This variation of the Wall Chest Stretch helps strengthen the muscles in the back of the shoulders to support a deeper chest and front-of-the-shoulder stret Start in a Wall Chest Stretch with your elbow at shoulder height. Staying in the stretch, contract the muscles in your upper back on the backside of your shoulder by trying to pull your forearm backwards away from the wall - it’s OK for the arm not to move, as long as you’re feeling a squeeze! Hold this squeeze for 10 seconds, then relax. If it feels good, you can lean a bit deeper into the stretch. Repeat for another 2-3 rounds total. Start in a less-intense stretch by rotating your torso slightly towards the wall. Experiment with bringing the elbow a bit higher, or a bit lower , and try this in those positions if they feel more challenging.",All Levels,Active Static,http://static1.squarespace.com/static/5ea57caad08f387b2e9827bd/61c7ae9bf497521cde72e756/6437433463027e1851467c2e/1696969043799/wall+chest+stretch+back+contract-relax.png?format=1500w,"Shoulder, Chest",n/a,Shoulder internal rotation; Shoulder external rotation; Shoulder flexion; Shoulder horizontal adduction,none,"Shoulder Stretch - Miscellaneous, Chest Stretch",https://www.daniwinksflexibility.com/flexopedia/wall-chest-stretch-back-contract-relax-pnf
Wall Chest Stretch Pec Contract-Relax (PNF),"This variation of a Wall Chest Stretch works to strengthen the chest muscles while they’re in a stretched position. Start in a Wall Chest Stretch with your elbow at shoulder height. Press your forearm into the wall, as if you were going to push the arm forwards through the wall. You should feel some tension in your chest and the front of the shoulder as those muscles contract - but don’t let your chest or arm actually move. Hold this push for 10 seconds. Relax the arm, and if it feels good, sink a little deeper into the chest stretch. If you feel tingles in your fingers, you’ve pushed too far, come out of the stretch (and consider testing to see if you have any ulnar or median nerve tension ). Repeat for another 2-3 rounds total. Keep the stretch small - instead of leaning forwards into your 100% intense stretch, start in a stretch that feels more comfortable, like 50% or 60% of a stretch, and strengthen that range of motion before trying to go deeper. Reach the non-wall arm backwards (palm facing out, arm at shoulder height) to add a chest stretch through the other shoulder as well.",All Levels,Active Static,http://static1.squarespace.com/static/5ea57caad08f387b2e9827bd/61c7ae9bf497521cde72e756/6437430b5ba20f48a3803200/1696969078667/wall+chest+stretch+pec+contract-relax.png?format=1500w,"Shoulder, Chest",n/a,Shoulder internal rotation; Shoulder external rotation; Shoulder flexion; Shoulder horizontal adduction,none,"Shoulder Stretch - Miscellaneous, Chest Stretch",https://www.daniwinksflexibility.com/flexopedia/wall-chest-stretch-pec-contract-relax-pnf
Wall Devils,"Range of Motion Strengthened: Shoulder internal rotation This is a challenging companion drill to wall angels . Unlike the hands-up wall angels that help strengthen our shoulder external rotation , these hands-down wall “devils” will target your shoulder internal rotation . Start standing with your back to the wall. Bend your elbows and bring your hands to your low back, palms facing the wall. If you can, lean your upper back into the wall so the top of your shoulders and your entire upper arm and forearm is touching the wall. Keeping everything in contact with the wall, slowly start to slide your elbows out and up the wall, separating your hands (you may not be able to lift the elbows very high - that’s OK!) Then lower the elbows and bring the fingertips back to touch behind your low back. That’s one rep, repeat for 8-12 arm slides. Keep it small! You may start with only sliding your elbows an inch out to the sides Keep palms on the wall, but peel the elbows off (forwards) , keep the elbows an inch(ish) away from the wall as you do your wall devils",All Levels,Active Dynamic,http://static1.squarespace.com/static/5ea57caad08f387b2e9827bd/61c7ae9bf497521cde72e756/6540f430c95deb602296b7a3/1702826969357/wall+devils.png?format=1500w,Shoulder,n/a,Shoulder internal rotation; Shoulder external rotation; Shoulder flexion,none,Active Shoulder Stretch - Internal Rotation,https://www.daniwinksflexibility.com/flexopedia/wall-devils
Wall Heel Slides,"Flexibility Focus: Hip Flexion This is a more active variation of the Legs Up the Wall hamstring stretch, which is great for beginners with tight hamstrings. By keeping our back on the floor, it helps us maintain the “flat back” position we (usually) want when stretching our hamstrings, ensuring our pelvis stays stationary as we extend our legs to stretch our hips. Start lying on your back with your butt close to (or touching) the wall, knees bent, feet resting on the wall. I suggest starting with your butt an inch or two away from the wall, and you can scoot closer if you need to make this drill harder. With your feet resting against the wall, hip width apart, start to straighten your legs, sliding your feet up the wall. Straighten your legs as much as you comfortably can until you feel a hamstring stretch (in the back of your thighs). It’s OK if your legs don’t go all the way straight. Hold this position for just a second or two, then relax your legs, bending your knees, sliding your feet a couple of inches down the wall to release the stretch. Repeat for 8-15 reps. Scoot your butt farther away from the wall. Don’t worry about straightening your legs all the way. As long as you’re feeling a stretch in your hamstrings, you’ll be benefiting from this exercise! Start with your butt touching the wall . Add a leg lift. Once you’ve straightened your legs all the way, try and pull both feet away from the wall, kicking (with control) both legs towards your torso.",All Levels,Active Dynamic,http://static1.squarespace.com/static/5ea57caad08f387b2e9827bd/61c7ae9bf497521cde72e756/6388df174fe5a37dd8b6d42a/1671125580502/Wall+Heel+Slides+-+Thumb.png?format=1500w,Hamstrings,n/a,Hip extension; Knee flexion,none,Active Hamstring Stretch - Quads,https://www.daniwinksflexibility.com/flexopedia/wall-heel-slides
Wall Split Handstand Back Leg Pulses,"This is one of several drills I like to work on active split flexibility for aerial splits when we’re upside down (and no longer have gravity help open our legs, but rather have to use our leg muscles to widen our split. Specifically, this drill works on strengthening the glutes for our back leg in our split to pull it lower to the ground. Pair this with Wall Split Handstand Front Leg Pulses to hit both legs! While this drill is written for students working on their splits in a handstand, you could also do this in a forearm stand (not recommended for headstands). Note: This is an advanced drill that assumes you already know proper core/shoulder engagement and handbalancing technique for handstands. That technique is not covered in this how-to. Start sitting in a pike on the floor with your feet touching the wall (to measure how long your legs are). Plant your hand by the side of your butt to “mark” where your butt is on the floor, then flip over and plant your hands where you were just sitting on your butt. Keeping your hands planted, walk your feet up the wall to hip height. Keeping one foot firmly planted on the wall, extend the other leg away overhead, as far as you can, kicking it out into a split. Try to keep both legs straight. Don’t let the foot on the wall slip! That foot will be our anchor, if you let it slip, this may turn into an unintentional walkover… (I suggest doing this in sneakers or barefoot, socks can be a bit slippery) Keep reaching your free leg as far away from the wall as you can (without letting the knee bend!) - this should feel like a strong squeeze in your glutes trying to pull that leg toward the floor. Slowly pulse that leg 8-12 times, trying to pulse to your maximum end range each time. Then switch legs. Slightly bend the knee of the leg that’s on the wall to lessen the hamstring stretch. Come onto the ball of the foot of the foot on the wall instead of keeping the foot flexed (only if you can keep strong contact with the foot on the wa",Advanced,Active Dynamic,http://static1.squarespace.com/static/5ea57caad08f387b2e9827bd/61c7ae9bf497521cde72e756/63bb67fbc094280e65599503/1675876950487/Wall+Split+Handstand+Back+Leg+Pulses.png?format=1500w,"Hip Flexors, Hamstrings",n/a,Hip flexion; Hip extension; Knee flexion,Flat front split & comfortable handstand at the wall,"Active Hip Flexor Stretch - Glutes, Passive Hamstring Stretch",https://www.daniwinksflexibility.com/flexopedia/wall-split-handstand-back-leg-pulses
Wall Split Handstand Front Leg Pulses,"This is one of several drills I like to work on active split flexibility for flatter splits in a handstand (where we no longer have gravity helping smoosh our bodyweight into a flat split, but rather have to use our hip flexors and glutes to split our legs apart ourselves). Specifically, this drill works on strengthening the hip flexors in the front leg of our split to pull it lower to the ground. Pair this with Wall Split Handstand Back Leg Pulses to hit both legs! While this drill is written for students working on their split handstands, you could absolutely do this in a forearm stand as well (but I would not recommend it for headstands). Note: this is an advanced drill that assumes you already know proper handstand technique. This how-to does not cover the shoulder/core engagement needed/used in a backbendy wall handstand. Start about a leg’s distance away from the wall, kicking into a handstand with both feet reaching to the wall. Keeping one foot firmly pasted on the wall the whole time, extend the other leg away from the wall, kicking it as far away and down toward the floor as you can. Once you’ve reached the working leg away from the wall as far as you can (essentially doing a contortion handstand split with your other foot on the wall for balance/support), pulse your straight free leg down to the floor. Pulse your leg for 8-12 slow and controlled pulses, then switch legs. Work on your pulses in a forearm stand instead of a handstand. Keep the wall leg higher up the wall, opening your legs into as wide a “V” as you can instead of a split. Experiment with other shoulder positions (ex. open/hollowback shoulders vs. closed/contortion handstand shoulders).",Advanced,Active Dynamic,http://static1.squarespace.com/static/5ea57caad08f387b2e9827bd/61c7ae9bf497521cde72e756/63bb689f1af837411e5ad372/1675876857843/Wall+Split+Handstand+Front+Leg+Pulses.png?format=1500w,Hamstrings,n/a,Hip extension; Knee flexion,Flat front split & comfortable handstand at the wall,Active Hamstring Stretch - Hip Flexors,https://www.daniwinksflexibility.com/flexopedia/wall-split-handstand-front-leg-pulses
Wall Standing Split,"Working on standing splits is a great way to add an extra challenge to your hamstrings in your traditional split. This variation that uses a wall for support is a bit easier than an unsupported standing split because you can use your hands to press your hips towards the wall for a deeper stretch. Plant one foot on the floor close to the wall: If you splits are flat or close-to-flat, plant the heel right against the wall If your splits are a bit farther from being flat, start with the foot a couple of inches (or more) away from the wall If you are working on oversplits, start with the foot an inch or two away from the wall Kick your other leg up the wall, reaching your toes towards the ceiling. If you can, try and straighten the lifted leg, rather than resting the knee on the wall. If you have tighter hips, this may mean walking the bottom foot farther away from the wall, or accepting a bit of a knee bend. Make sure the leg is “pointing” straight up the wall, and not drifting over to one side. Both hips should still be “square” (not tilted). Press into your hands (or put your hands on blocks if you feel like you can’t get a good “push” into the floor) to press your groin towards the wall. Hold this passive stretch for 20-30 seconds. Prop your bottom heel up on a yoga block to elevate the heel and lessen the calf stretch. Plant your bottom foot way farther away from the wall. Bend the lifted leg. Actively straighten the top leg and keep it straight the whole time , pressing the top foot into the wall. Walk your bottom foot farther away from the wall to work on your oversplits.",Intermediate,Passive Static,http://static1.squarespace.com/static/5ea57caad08f387b2e9827bd/61c7ae9bf497521cde72e756/63d829bc8af67f195a943196/1676301541228/Wall+Standing+Split.png?format=1500w,Hamstrings,n/a,Hip extension; Knee flexion,Can comfortably get hands to the floor in a standing forward fold.,Passive Hamstring Stretch,https://www.daniwinksflexibility.com/flexopedia/wall-standing-split
Wall Standing Split Kicks,"This is a much more active (and more challenging!) variation of a regular wall standing split - great for students working towards doing a full flat/straight standing split unassisted away from the wall. Start in a standing split against the wall . This does not have to be a flat split (remember, you can take your bottom foot farther away from the wall and lean forwards to make this a bit easier), but you do want to make sure your hips are “square” (not tilting/opening to one side) Leaning forwards slightly to lessen the weight in the leg extended up the wall, engage your glutes to pull the lifted leg away from the wall just for a moment, then lower it back to the wall. Do not pull the foot away by bending the knee! Ideally you should be leaning enough towards the wall that this is challenging . If you can pull the lifted leg farther away than a couple of inches, press your hips closer to the wall to increase the challenge. Repeat for 8-12 reps. Walk your foot/hands farther away from the wall. Elevate the heel of the bottom leg to minimize the calf stretch. Lose the wall and try three-legged down dog leg lifts or standing split kicks instead . Press the hips closer to the wall so you’re working in a deeper standing split.",Intermediate,Dynamic Active,http://static1.squarespace.com/static/5ea57caad08f387b2e9827bd/61c7ae9bf497521cde72e756/63ea51d1178fc335cf5c8957/1676301734875/Wall+Standing+Split+Kicks.png?format=1500w,"Hip Flexors, Hamstrings",n/a,Hip flexion; Hip extension; Knee flexion,Can do a version of a wall standing split (does not have to be flat!),"Active Hip Flexor Stretch - Glutes, Active Hamstring Stretch - Hip Flexors, Passive Hamstring Stretch",https://www.daniwinksflexibility.com/flexopedia/wall-standing-split-kicks
Wide Legged Good Mornings,"Good mornings are a great hamstring strengthen-while-you-stretch exercise, and these wide-legged ones are no exception. This drill is a great hamstring strengthener for students working on their straddles and straddle pancakes, and is a bit easier doing it standing (where gravity is helping pull us into a deeper forward fold) vs sitting. Start standing with feet wider than mat-width apart (I like to aim for about a 90 degree angle between my legs, but it doesn’t have to be exact). If you’ve got tight hamstrings, feel free to bend your knees a little. Keeping your back flat, hinge at the hips to lean forwards. Focus on rotating the front of your hip bones towards the floor, lifting your sits bones and tailbone away from the ground - you should be feeling a stretch in the back of your thighs (hamstrings). You may feel your butt drift backwards to counterbalance the weight of your upper body, that’s OK. Once you’ve leaned as far forwards as you can with a flat back (even if that’s not yet parallel to the floor), press both feet into the floor as you lift your torso back up to standing. Intentionally pushing your feet into the floor is something you need to add to help engage your hamstrings - without the “foot press” engagement, our back muscles do more of the work to lift our torso. Repeat for 8-12 reps. Bend your knees even more. As long as you’re still feeling a stretch in your hamstrings, you can bend your knees as much as you need to for this to feel comfortable-but-challenging. Brace your hands against your thighs for support. Straighten your legs. Reach your arms out to the side, or overhead - this will make the “lever arm” of your upper body feel heavier, so your hamstrings will have to work harder to lift the weight. Add weight. Hold weights in your hands, or a barbell on your back. For the purposes of flexibility training, pick a weight that still allows you to go through the same range of motion that you can as before you added weight.",All Levels,Active Dynamic,http://static1.squarespace.com/static/5ea57caad08f387b2e9827bd/61c7ae9bf497521cde72e756/638fcfd352d2d11f270bc795/1671125713662/Wide+Stance+Good+Mornings+-+Thumb.png?format=1500w,Hamstrings,n/a,Hip extension; Knee flexion,none,Active Hamstring Stretch - Hamstrings,https://www.daniwinksflexibility.com/flexopedia/wide-legged-good-mornings
Windmill Twist,"Ranges of Motion Trained: Spinal rotation (twisting) * while this isn’t literally a passive stretch (because it takes energy to move!), we’re letting momentum pull us into a deeper stretch, so I like to consider it passive (as opposed to an “active” strengthening drill) This is another relaxed easy spinal twist I like to do in my warm up (often right after a standing floppy arm twist ). Start standing with feet a bit wider than hip width apart. Lean forwards (you can bend your knees if you’d like) and twist your torso to one side, and the other, letting your arms swing in front and behind your chest. You may feel a bit of a stretch across your chest on the side that’s twisting towards the ceiling. Twist back and forth 5-10 times.",All Levels,Passive* Dynamic,http://static1.squarespace.com/static/5ea57caad08f387b2e9827bd/61c7ae9bf497521cde72e756/6436b7a16ae0da5194a73540/1682626722829/Windmill+Twist.png?format=1500w,Back,n/a,Spinal extension; Shoulder retraction,none,Passive Back Stretch - Spinal Rotation,https://www.daniwinksflexibility.com/flexopedia/windmill-twist
Windshield Wipers,"* while this isn’t literally a passive stretch (because we need to move our hip muscles to move our legs), it’s not much of a strengthening drill so I’m considering it “passive” compared to the other drills in the Flexopedia “Windshield wipers” are one of my go-to hip mobilizers as part of my warm up, or as a “reset” movement I do whenever I need to give my hips a break from more challenging stretches. This gentle movement allows our hips to work through a comfortable range of hip internal and external rotation. If you’re looking for a more active/strengthening hip rotation exercise, you can add a resistance band . Start sitting on the floor, with knees bent, feet splayed wider than hip-width apart (feel free to experiment taking the feet wider, narrower, closer to your butt, father away from your butt…). Keeping both feet on the floor and both butt cheeks on the floor, flop your knees over to one side. Just let them fall as far as is comfortable, you don’t have to push it and they don’t have to touch the floor. Then flop your knees over to the other side. Continue “windshield wiper-ing” your knees side to side for 5-10 reps. Lean back slightly. Add a resistance band to turn this into banded windshield wipers .",All Levels,“Passive” Dynamic,http://static1.squarespace.com/static/5ea57caad08f387b2e9827bd/61c7ae9bf497521cde72e756/639795089930985fda4abdb1/1671319280714/Windshield+Wipers+-+Thumb.png?format=1500w,,"Hip Internal Rotation, Hip External Rotation",Hip flexion; Hip extension; Hip rotation,none,"Passive Hip Internal Rotation, Passive Hip External Rotation",https://www.daniwinksflexibility.com/flexopedia/windshield-wipers
Yogi Squat,"Yogi squat (also referred to as Malasana in yoga, or ""garland pose”) is a deep squat that works your inner thigh, glute, and even ankle flexibility. While it is a deep hip opener, there are plenty of modifications for even stiffer bodies to work on this pose in a way that’s still effective for them! From standing, take feet wider than hip-width apart and angle your toes out to the sides about 45 degrees. Bend your knees and sink your butt down into a squat position. If this feels very challenging, hard to balance, or your ankles lift, you can grab a yoga block (or two!) to sit your butt on in your squat position. Once you feel like you’ve got your hips in a comfortable position, use your elbows and upper arms to brace against your inner thighs to press your knees open behind you (hands can come together in front of your chest if you like). You should be feeling a stretch in your inner thighs (and possibly your glutes as well). Keep your torso as lifted as possible. Hold for 20-30 seconds. Support your heels with a rolled up yoga mat or blanket. Especially if you have tight ankles, elevating your heels on top of a low bolster like a rolled up towel can take some strain off your ankle. Lift your toes off the ground . While this doesn’t actually change the inner thigh stretch at all, it’s a fun balance challenge that can strengthen the muscles in your feet! Lean back into a wall. Do your yogi squat with the back of your hips leaning into a wall, and challenge yourself to see how high you can lift your torso and try and press the outside of your knees to the wall.",All Levels,Passive Static,http://static1.squarespace.com/static/5ea57caad08f387b2e9827bd/61c7ae9bf497521cde72e756/6396a50468f3ef40c67ae769/1671290766539/Yogi+Squat.png?format=1500w,"Adductors, Glutes",n/a,Hip adduction; Hip extension; Hip external rotation,none,"Passive Adductor Stretch, Passive Glute Stretch",https://www.daniwinksflexibility.com/flexopedia/yogi-squat
Zombie Roll Ups,"Range of Motion Stretched: Spinal Flexion (Rounding) This is one of my favorite back stretches to do after a bunch of backbends - but you could do this anytime you want to stretch out the muscles of your back. This drill can be tailored to be more, or less “active” depending on the challenge you’d like. Start standing with knees slightly bent, arms relaxed (either dangling by your side, or crossed in front of your belly) Slowly start to round your spine, starting with your neck: drop your chin towards your chest to round the back of your neck, then let the wait of your arms start to round your upper back as your chest starts to lower. Try to reach your chest towards your belly/hips (this will feel like a bit of a squeeze in the abs) as you continue to lower down, rounding into the low back. Roll all the way down until you are in a relaxed dangle-y forward fold - you can bend your knees as much as you want to make this more comfortable on your hips. Then we’re going to reverese the movement - rolling up to standing one vertebrae at a time. To make this more active, we’re going to try to keep ourselves in a compact round ball as we go. Starting with the hips, tuck the tailbone towards the floor to round the low back and lift the belly. Keep your chest reaching towards your thighs/hips as you lift your belly button, then chest, then shoulders, and finally your neck and head roll up last. That’s one rep (down-and-up), repeat for 3-5 slow reps. Bend the knees more to avoid this feeling like an intense hamstring stretch - we want to focus more on being able to round the back Make this more passive / less active by relaxing the torso as you lift and lower (as opposed to actively curling into a compact ball) Add light weights to the hands (10-20lb total) to turn this into a Jefferson Curl",All Levels,Active Dynamic,http://static1.squarespace.com/static/5ea57caad08f387b2e9827bd/61c7ae9bf497521cde72e756/653bd067a303a9642ccd4c03/1698430169742/zombie+roll+ups.png?format=1500w,Back,n/a,Spinal extension; Shoulder retraction,none,Active Back Stretch - Spinal Flexion,https://www.daniwinksflexibility.com/flexopedia/zombie-roll-ups
