"Workout #";"Date";"Workout Name";"Duration (sec)";"Exercise Name";"Set Order";"Weight (kg)";"Reps";"RPE";"Distance (meters)";"Seconds";"Notes";"Workout Notes"
"1";"2025-01-08 12:03:21";"Rési doigts";"43";"Pyramide échauffement doigts";"1";"40.0";"3";"";"";"";"";""
"1";"2025-01-08 12:03:21";"Rési doigts";"43";"Pyramide échauffement doigts";"2";"40.0";"5";"";"";"";"";""
"1";"2025-01-08 12:03:21";"Rési doigts";"43";"Rési Doigts";"1";"22.0";"3";"";"";"";"";""
"1";"2025-01-08 12:03:21";"Rési doigts";"43";"Rési Doigts";"2";"22.0";"3";"";"";"";"";""
"2";"2025-01-10 09:44:07";"Force Doigts";"5077";"Pyramide échauffement doigts";"1";"40.0";"4";"";"";"";"";"Force Doigts"
"2";"2025-01-10 09:44:07";"Force Doigts";"5077";"Pyramide échauffement doigts";"2";"40.0";"5";"";"";"";"";"Force Doigts"
"2";"2025-01-10 09:44:07";"Force Doigts";"5077";"Force Doigts Crimp";"1";"42.0";"3";"";"";"";"";"Force Doigts"
"2";"2025-01-10 09:44:07";"Force Doigts";"5077";"Force Doigts Crimp";"2";"42.0";"2";"";"";"";"";"Force Doigts"
"2";"2025-01-10 09:44:07";"Force Doigts";"5077";"Force Doigts Crimp";"3";"40.0";"4";"";"";"";"";"Force Doigts"
"2";"2025-01-10 09:44:07";"Force Doigts";"5077";"Force Doigts Crimp";"4";"40.0";"4";"";"";"";"";"Force Doigts"
"2";"2025-01-10 09:44:07";"Force Doigts";"5077";"Force Doigts Crimp";"5";"40.0";"2";"";"";"";"";"Force Doigts"
"2";"2025-01-10 09:44:07";"Force Doigts";"5077";"Force Doigts Crimp";"1";"42.0";"3";"";"";"";"";"Force Doigts"
"2";"2025-01-10 09:44:07";"Force Doigts";"5077";"Force Doigts Crimp";"2";"42.0";"4";"";"";"";"";"Force Doigts"
"2";"2025-01-10 09:44:07";"Force Doigts";"5077";"Force Doigts Crimp";"3";"42.0";"5";"";"";"";"";"Force Doigts"
"2";"2025-01-10 09:44:07";"Force Doigts";"5077";"Force Doigts Crimp";"4";"42.0";"4";"";"";"";"";"Force Doigts"
"2";"2025-01-10 09:44:07";"Force Doigts";"5077";"Force Doigts Crimp";"5";"42.0";"3";"";"";"";"";"Force Doigts"
"2";"2025-01-10 09:44:07";"Force Doigts";"5077";"Force Doigts 3 finger drag";"1";"32.0";"3";"";"";"";"";"Force Doigts"
"2";"2025-01-10 09:44:07";"Force Doigts";"5077";"Force Doigts 3 finger drag";"2";"32.0";"4";"";"";"";"";"Force Doigts"
"2";"2025-01-10 09:44:07";"Force Doigts";"5077";"Force Doigts 3 finger drag";"3";"32.0";"4";"";"";"";"";"Force Doigts"
"2";"2025-01-10 09:44:07";"Force Doigts";"5077";"Force Doigts 3 finger drag";"4";"32.0";"3";"";"";"";"";"Force Doigts"
"2";"2025-01-10 09:44:07";"Force Doigts";"5077";"Force Doigts 3 finger drag";"1";"32.0";"3";"";"";"";"";"Force Doigts"
"2";"2025-01-10 09:44:07";"Force Doigts";"5077";"Force Doigts 3 finger drag";"2";"32.0";"5";"";"";"";"";"Force Doigts"
"2";"2025-01-10 09:44:07";"Force Doigts";"5077";"Force Doigts 3 finger drag";"3";"32.0";"5";"";"";"";"";"Force Doigts"
"2";"2025-01-10 09:44:07";"Force Doigts";"5077";"Force Doigts 3 finger drag";"4";"32.0";"5";"";"";"";"";"Force Doigts"
"2";"2025-01-10 09:44:07";"Force Doigts";"5077";"Force Doigts Pinch";"1";"22.0";"3";"";"";"";"";"Force Doigts"
"2";"2025-01-10 09:44:07";"Force Doigts";"5077";"Force Doigts Pinch";"2";"22.0";"3";"";"";"";"";"Force Doigts"
"2";"2025-01-10 09:44:07";"Force Doigts";"5077";"Force Doigts Pinch";"3";"22.0";"2";"";"";"";"";"Force Doigts"
"2";"2025-01-10 09:44:07";"Force Doigts";"5077";"Force Doigts Pinch";"1";"22.0";"3";"";"";"";"";"Force Doigts"
"2";"2025-01-10 09:44:07";"Force Doigts";"5077";"Force Doigts Pinch";"2";"22.0";"3";"";"";"";"";"Force Doigts"
"2";"2025-01-10 09:44:07";"Force Doigts";"5077";"Force Doigts Pinch";"3";"22.0";"2";"";"";"";"";"Force Doigts"
"2";"2025-01-10 09:44:07";"Force Doigts";"5077";"Force Doigts Sloper";"1";"15.0";"5";"";"";"";"";"Force Doigts"
"2";"2025-01-10 09:44:07";"Force Doigts";"5077";"Force Doigts Sloper";"2";"15.0";"5";"";"";"";"";"Force Doigts"
"2";"2025-01-10 09:44:07";"Force Doigts";"5077";"Force Doigts Sloper";"3";"15.0";"4";"";"";"";"";"Force Doigts"
"2";"2025-01-10 09:44:07";"Force Doigts";"5077";"Force Doigts Sloper";"1";"15.0";"5";"";"";"";"";"Force Doigts"
"2";"2025-01-10 09:44:07";"Force Doigts";"5077";"Force Doigts Sloper";"2";"15.0";"5";"";"";"";"";"Force Doigts"
"2";"2025-01-10 09:44:07";"Force Doigts";"5077";"Force Doigts Sloper";"3";"15.0";"5";"";"";"";"";"Force Doigts"
"3";"2025-01-10 11:11:33";"Muscu";"3712";"Pull Up";"W";"20.0";"5";"";"";"";"";""
"3";"2025-01-10 11:11:33";"Muscu";"3712";"Pull Up";"1";"25.0";"4";"";"";"";"";""
"3";"2025-01-10 11:11:33";"Muscu";"3712";"Pull Up";"2";"25.0";"3";"";"";"";"";""
"3";"2025-01-10 11:11:33";"Muscu";"3712";"Pull Up";"3";"25.0";"3";"";"";"";"";""
"3";"2025-01-10 11:11:33";"Muscu";"3712";"Handstand Push Up";"Note";"";"";"";"";"";"Negative, 1 half positive ";""
"3";"2025-01-10 11:11:33";"Muscu";"3712";"Handstand Push Up";"1";"0.0";"3";"";"";"";"";""
"3";"2025-01-10 11:11:33";"Muscu";"3712";"Handstand Push Up";"2";"0.0";"3";"";"";"";"";""
"3";"2025-01-10 11:11:33";"Muscu";"3712";"Handstand Push Up";"3";"0.0";"3";"";"";"";"";""
"3";"2025-01-10 11:11:33";"Muscu";"3712";"Hanging Knee Raise";"1";"";"5";"";"";"";"";""
"3";"2025-01-10 11:11:33";"Muscu";"3712";"Hanging Knee Raise";"2";"";"5";"";"";"";"";""
"3";"2025-01-10 11:11:33";"Muscu";"3712";"Hanging Knee Raise";"3";"";"5";"";"";"";"";""
"3";"2025-01-10 11:11:33";"Muscu";"3712";"Push Up";"Note";"";"";"";"";"";"One arm on chair";""
"3";"2025-01-10 11:11:33";"Muscu";"3712";"Push Up";"1";"0.0";"5";"";"";"";"";""
"3";"2025-01-10 11:11:33";"Muscu";"3712";"Push Up";"2";"0.0";"5";"";"";"";"";""
"3";"2025-01-10 11:11:33";"Muscu";"3712";"Push Up";"3";"0.0";"5";"";"";"";"";""
"3";"2025-01-10 11:11:33";"Muscu";"3712";"Chest Dip";"1";"0.0";"5";"";"";"";"";""
"3";"2025-01-10 11:11:33";"Muscu";"3712";"Chest Dip";"2";"0.0";"3";"";"";"";"";""
"3";"2025-01-10 11:11:33";"Muscu";"3712";"Chest Dip";"3";"0.0";"3";"";"";"";"";""
"3";"2025-01-10 11:11:33";"Muscu";"3712";"Push-ups taps";"Note";"";"";"";"";"";"Less than middle ";""
"3";"2025-01-10 11:11:33";"Muscu";"3712";"Push-ups taps";"1";"0.0";"5";"";"";"";"";""
"3";"2025-01-10 11:11:33";"Muscu";"3712";"Push-ups taps";"2";"0.0";"4";"";"";"";"";""
"3";"2025-01-10 11:11:33";"Muscu";"3712";"Push-ups taps";"3";"0.0";"4";"";"";"";"";""
"4";"2025-01-14 09:33:49";"Force Doigts";"5471";"Pyramide échauffement doigts";"1";"40.0";"5";"";"";"";"";"Force Doigts"
"4";"2025-01-14 09:33:49";"Force Doigts";"5471";"Pyramide échauffement doigts";"2";"40.0";"5";"";"";"";"";"Force Doigts"
"4";"2025-01-14 09:33:49";"Force Doigts";"5471";"Force Doigts Crimp";"1";"40.0";"3";"";"";"";"";"Force Doigts"
"4";"2025-01-14 09:33:49";"Force Doigts";"5471";"Force Doigts Crimp";"2";"40.0";"3";"";"";"";"";"Force Doigts"
"4";"2025-01-14 09:33:49";"Force Doigts";"5471";"Force Doigts Crimp";"3";"40.0";"3";"";"";"";"";"Force Doigts"
"4";"2025-01-14 09:33:49";"Force Doigts";"5471";"Force Doigts Crimp";"4";"40.0";"3";"";"";"";"";"Force Doigts"
"4";"2025-01-14 09:33:49";"Force Doigts";"5471";"Force Doigts Crimp";"5";"40.0";"3";"";"";"";"";"Force Doigts"
"4";"2025-01-14 09:33:49";"Force Doigts";"5471";"Force Doigts Crimp";"1";"42.0";"5";"";"";"";"";"Force Doigts"
"4";"2025-01-14 09:33:49";"Force Doigts";"5471";"Force Doigts Crimp";"2";"42.0";"5";"";"";"";"";"Force Doigts"
"4";"2025-01-14 09:33:49";"Force Doigts";"5471";"Force Doigts Crimp";"3";"42.0";"4";"";"";"";"";"Force Doigts"
"4";"2025-01-14 09:33:49";"Force Doigts";"5471";"Force Doigts Crimp";"4";"42.0";"5";"";"";"";"";"Force Doigts"
"4";"2025-01-14 09:33:49";"Force Doigts";"5471";"Force Doigts Crimp";"5";"42.0";"3";"";"";"";"";"Force Doigts"
"4";"2025-01-14 09:33:49";"Force Doigts";"5471";"Force Doigts 3 finger drag";"1";"32.0";"4";"";"";"";"";"Force Doigts"
"4";"2025-01-14 09:33:49";"Force Doigts";"5471";"Force Doigts 3 finger drag";"2";"32.0";"4";"";"";"";"";"Force Doigts"
"4";"2025-01-14 09:33:49";"Force Doigts";"5471";"Force Doigts 3 finger drag";"3";"32.0";"4";"";"";"";"";"Force Doigts"
"4";"2025-01-14 09:33:49";"Force Doigts";"5471";"Force Doigts 3 finger drag";"4";"32.0";"4";"";"";"";"";"Force Doigts"
"4";"2025-01-14 09:33:49";"Force Doigts";"5471";"Force Doigts 3 finger drag";"1";"32.0";"5";"";"";"";"";"Force Doigts"
"4";"2025-01-14 09:33:49";"Force Doigts";"5471";"Force Doigts 3 finger drag";"2";"32.0";"5";"";"";"";"";"Force Doigts"
"4";"2025-01-14 09:33:49";"Force Doigts";"5471";"Force Doigts 3 finger drag";"3";"32.0";"5";"";"";"";"";"Force Doigts"
"4";"2025-01-14 09:33:49";"Force Doigts";"5471";"Force Doigts 3 finger drag";"4";"32.0";"5";"";"";"";"";"Force Doigts"
"4";"2025-01-14 09:33:49";"Force Doigts";"5471";"Force Doigts Pinch";"1";"22.0";"3";"";"";"";"";"Force Doigts"
"4";"2025-01-14 09:33:49";"Force Doigts";"5471";"Force Doigts Pinch";"2";"22.0";"3";"";"";"";"";"Force Doigts"
"4";"2025-01-14 09:33:49";"Force Doigts";"5471";"Force Doigts Pinch";"3";"22.0";"3";"";"";"";"";"Force Doigts"
"4";"2025-01-14 09:33:49";"Force Doigts";"5471";"Force Doigts Pinch";"1";"22.0";"3";"";"";"";"";"Force Doigts"
"4";"2025-01-14 09:33:49";"Force Doigts";"5471";"Force Doigts Pinch";"2";"22.0";"3";"";"";"";"";"Force Doigts"
"4";"2025-01-14 09:33:49";"Force Doigts";"5471";"Force Doigts Pinch";"3";"22.0";"3";"";"";"";"";"Force Doigts"
"4";"2025-01-14 09:33:49";"Force Doigts";"5471";"Force Doigts Sloper";"1";"15.0";"5";"";"";"";"";"Force Doigts"
"4";"2025-01-14 09:33:49";"Force Doigts";"5471";"Force Doigts Sloper";"2";"15.0";"5";"";"";"";"";"Force Doigts"
"4";"2025-01-14 09:33:49";"Force Doigts";"5471";"Force Doigts Sloper";"3";"15.0";"5";"";"";"";"";"Force Doigts"
"4";"2025-01-14 09:33:49";"Force Doigts";"5471";"Force Doigts Sloper";"1";"15.0";"5";"";"";"";"";"Force Doigts"
"4";"2025-01-14 09:33:49";"Force Doigts";"5471";"Force Doigts Sloper";"2";"15.0";"5";"";"";"";"";"Force Doigts"
"4";"2025-01-14 09:33:49";"Force Doigts";"5471";"Force Doigts Sloper";"3";"15.0";"5";"";"";"";"";"Force Doigts"
"5";"2025-01-14 11:10:23";"Muscu";"3893";"Pull Up";"W";"20.0";"5";"";"";"";"";""
"5";"2025-01-14 11:10:23";"Muscu";"3893";"Pull Up";"1";"25.0";"4";"";"";"";"";""
"5";"2025-01-14 11:10:23";"Muscu";"3893";"Pull Up";"2";"25.0";"4";"";"";"";"";""
"5";"2025-01-14 11:10:23";"Muscu";"3893";"Pull Up";"3";"25.0";"3";"";"";"";"";""
"5";"2025-01-14 11:10:23";"Muscu";"3893";"Handstand Push Up";"Note";"";"";"";"";"";"Negative ";""
"5";"2025-01-14 11:10:23";"Muscu";"3893";"Handstand Push Up";"1";"0.0";"3";"";"";"";"";""
"5";"2025-01-14 11:10:23";"Muscu";"3893";"Handstand Push Up";"2";"0.0";"3";"";"";"";"";""
"5";"2025-01-14 11:10:23";"Muscu";"3893";"Handstand Push Up";"3";"0.0";"3";"";"";"";"";""
"5";"2025-01-14 11:10:23";"Muscu";"3893";"Hanging Knee Raise";"1";"";"5";"";"";"";"";""
"5";"2025-01-14 11:10:23";"Muscu";"3893";"Hanging Knee Raise";"2";"";"5";"";"";"";"";""
"5";"2025-01-14 11:10:23";"Muscu";"3893";"Hanging Knee Raise";"3";"";"5";"";"";"";"";""
"5";"2025-01-14 11:10:23";"Muscu";"3893";"Push Up";"Note";"";"";"";"";"";"One arm on chair";""
"5";"2025-01-14 11:10:23";"Muscu";"3893";"Push Up";"1";"0.0";"5";"";"";"";"";""
"5";"2025-01-14 11:10:23";"Muscu";"3893";"Push Up";"2";"0.0";"5";"";"";"";"";""
"5";"2025-01-14 11:10:23";"Muscu";"3893";"Push Up";"3";"0.0";"5";"";"";"";"";""
"5";"2025-01-14 11:10:23";"Muscu";"3893";"Chest Dip";"1";"0.0";"5";"";"";"";"";""
"5";"2025-01-14 11:10:23";"Muscu";"3893";"Chest Dip";"2";"0.0";"3";"";"";"";"";""
"5";"2025-01-14 11:10:23";"Muscu";"3893";"Chest Dip";"3";"0.0";"3";"";"";"";"";""
"5";"2025-01-14 11:10:23";"Muscu";"3893";"Push-ups taps";"Note";"";"";"";"";"";"Less than middle ";""
"5";"2025-01-14 11:10:23";"Muscu";"3893";"Push-ups taps";"1";"0.0";"5";"";"";"";"";""
"5";"2025-01-14 11:10:23";"Muscu";"3893";"Push-ups taps";"2";"0.0";"4";"";"";"";"";""
"5";"2025-01-14 11:10:23";"Muscu";"3893";"Push-ups taps";"3";"0.0";"4";"";"";"";"";""
"6";"2025-01-18 12:29:51";"Rési doigts";"1853";"Pyramide échauffement doigts";"1";"40.0";"4";"";"";"";"";""
"6";"2025-01-18 12:29:51";"Rési doigts";"1853";"Pyramide échauffement doigts";"2";"40.0";"5";"";"";"";"";""
"6";"2025-01-18 12:29:51";"Rési doigts";"1853";"Rési Doigts";"1";"22.0";"4";"";"";"";"";""
"6";"2025-01-18 12:29:51";"Rési doigts";"1853";"Rési Doigts";"2";"22.0";"4";"";"";"";"";""
"7";"2025-01-20 10:54:44";"Force Doigts";"4109";"Pyramide échauffement doigts";"1";"40.0";"5";"";"";"";"";"Force Doigts"
"7";"2025-01-20 10:54:44";"Force Doigts";"4109";"Pyramide échauffement doigts";"2";"40.0";"5";"";"";"";"";"Force Doigts"
"7";"2025-01-20 10:54:44";"Force Doigts";"4109";"Force Doigts Crimp";"1";"40.0";"4";"";"";"";"";"Force Doigts"
"7";"2025-01-20 10:54:44";"Force Doigts";"4109";"Force Doigts Crimp";"2";"40.0";"3";"";"";"";"";"Force Doigts"
"7";"2025-01-20 10:54:44";"Force Doigts";"4109";"Force Doigts Crimp";"3";"40.0";"4";"";"";"";"";"Force Doigts"
"7";"2025-01-20 10:54:44";"Force Doigts";"4109";"Force Doigts Crimp";"4";"40.0";"2";"";"";"";"";"Force Doigts"
"7";"2025-01-20 10:54:44";"Force Doigts";"4109";"Force Doigts Crimp";"5";"40.0";"2";"";"";"";"";"Force Doigts"
"7";"2025-01-20 10:54:44";"Force Doigts";"4109";"Force Doigts Crimp";"1";"42.0";"4";"";"";"";"";"Force Doigts"
"7";"2025-01-20 10:54:44";"Force Doigts";"4109";"Force Doigts Crimp";"2";"42.0";"5";"";"";"";"";"Force Doigts"
"7";"2025-01-20 10:54:44";"Force Doigts";"4109";"Force Doigts Crimp";"3";"42.0";"4";"";"";"";"";"Force Doigts"
"7";"2025-01-20 10:54:44";"Force Doigts";"4109";"Force Doigts Crimp";"4";"42.0";"4";"";"";"";"";"Force Doigts"
"7";"2025-01-20 10:54:44";"Force Doigts";"4109";"Force Doigts Crimp";"5";"42.0";"3";"";"";"";"";"Force Doigts"
"7";"2025-01-20 10:54:44";"Force Doigts";"4109";"Force Doigts 3 finger drag";"1";"32.0";"5";"";"";"";"";"Force Doigts"
"7";"2025-01-20 10:54:44";"Force Doigts";"4109";"Force Doigts 3 finger drag";"2";"32.0";"5";"";"";"";"";"Force Doigts"
"7";"2025-01-20 10:54:44";"Force Doigts";"4109";"Force Doigts 3 finger drag";"3";"32.0";"5";"";"";"";"";"Force Doigts"
"7";"2025-01-20 10:54:44";"Force Doigts";"4109";"Force Doigts 3 finger drag";"4";"32.0";"4";"";"";"";"";"Force Doigts"
"7";"2025-01-20 10:54:44";"Force Doigts";"4109";"Force Doigts 3 finger drag";"1";"34.0";"3";"";"";"";"";"Force Doigts"
"7";"2025-01-20 10:54:44";"Force Doigts";"4109";"Force Doigts 3 finger drag";"2";"34.0";"3";"";"";"";"";"Force Doigts"
"7";"2025-01-20 10:54:44";"Force Doigts";"4109";"Force Doigts 3 finger drag";"3";"34.0";"4";"";"";"";"";"Force Doigts"
"7";"2025-01-20 10:54:44";"Force Doigts";"4109";"Force Doigts 3 finger drag";"4";"34.0";"3";"";"";"";"";"Force Doigts"
"7";"2025-01-20 10:54:44";"Force Doigts";"4109";"Force Doigts Pinch";"1";"22.0";"3";"";"";"";"";"Force Doigts"
"7";"2025-01-20 10:54:44";"Force Doigts";"4109";"Force Doigts Pinch";"2";"22.0";"3";"";"";"";"";"Force Doigts"
"7";"2025-01-20 10:54:44";"Force Doigts";"4109";"Force Doigts Pinch";"3";"22.0";"3";"";"";"";"";"Force Doigts"
"7";"2025-01-20 10:54:44";"Force Doigts";"4109";"Force Doigts Pinch";"1";"22.0";"3";"";"";"";"";"Force Doigts"
"7";"2025-01-20 10:54:44";"Force Doigts";"4109";"Force Doigts Pinch";"2";"22.0";"3";"";"";"";"";"Force Doigts"
"7";"2025-01-20 10:54:44";"Force Doigts";"4109";"Force Doigts Pinch";"3";"22.0";"3";"";"";"";"";"Force Doigts"
"7";"2025-01-20 10:54:44";"Force Doigts";"4109";"Force Doigts Sloper";"1";"15.0";"5";"";"";"";"";"Force Doigts"
"7";"2025-01-20 10:54:44";"Force Doigts";"4109";"Force Doigts Sloper";"2";"15.0";"5";"";"";"";"";"Force Doigts"
"7";"2025-01-20 10:54:44";"Force Doigts";"4109";"Force Doigts Sloper";"3";"15.0";"5";"";"";"";"";"Force Doigts"
"7";"2025-01-20 10:54:44";"Force Doigts";"4109";"Force Doigts Sloper";"1";"15.0";"5";"";"";"";"";"Force Doigts"
"7";"2025-01-20 10:54:44";"Force Doigts";"4109";"Force Doigts Sloper";"2";"15.0";"5";"";"";"";"";"Force Doigts"
"7";"2025-01-20 10:54:44";"Force Doigts";"4109";"Force Doigts Sloper";"3";"15.0";"5";"";"";"";"";"Force Doigts"
"8";"2025-01-20 12:03:37";"Muscu";"3753";"Pull Up";"W";"20.0";"5";"";"";"";"";""
"8";"2025-01-20 12:03:37";"Muscu";"3753";"Pull Up";"1";"25.0";"4";"";"";"";"";""
"8";"2025-01-20 12:03:37";"Muscu";"3753";"Pull Up";"2";"25.0";"4";"";"";"";"";""
"8";"2025-01-20 12:03:37";"Muscu";"3753";"Pull Up";"3";"25.0";"3";"";"";"";"";""
"8";"2025-01-20 12:03:37";"Muscu";"3753";"Handstand Push Up";"Note";"";"";"";"";"";"Negative ";""
"8";"2025-01-20 12:03:37";"Muscu";"3753";"Handstand Push Up";"1";"0.0";"3";"";"";"";"";""
"8";"2025-01-20 12:03:37";"Muscu";"3753";"Handstand Push Up";"2";"0.0";"3";"";"";"";"";""
"8";"2025-01-20 12:03:37";"Muscu";"3753";"Handstand Push Up";"3";"0.0";"3";"";"";"";"";""
"8";"2025-01-20 12:03:37";"Muscu";"3753";"Hanging Knee Raise";"1";"";"5";"";"";"";"";""
"8";"2025-01-20 12:03:37";"Muscu";"3753";"Hanging Knee Raise";"2";"";"5";"";"";"";"";""
"8";"2025-01-20 12:03:37";"Muscu";"3753";"Hanging Knee Raise";"3";"";"5";"";"";"";"";""
"8";"2025-01-20 12:03:37";"Muscu";"3753";"Push Up";"Note";"";"";"";"";"";"One arm on chair";""
"8";"2025-01-20 12:03:37";"Muscu";"3753";"Push Up";"1";"0.0";"5";"";"";"";"";""
"8";"2025-01-20 12:03:37";"Muscu";"3753";"Push Up";"2";"0.0";"5";"";"";"";"";""
"8";"2025-01-20 12:03:37";"Muscu";"3753";"Push Up";"3";"0.0";"5";"";"";"";"";""
"8";"2025-01-20 12:03:37";"Muscu";"3753";"Push Up";"Note";"";"";"";"";"";"One arm on chair";""
"8";"2025-01-20 12:03:37";"Muscu";"3753";"Push Up";"1";"0.0";"5";"";"";"";"";""
"8";"2025-01-20 12:03:37";"Muscu";"3753";"Push Up";"2";"0.0";"5";"";"";"";"";""
"8";"2025-01-20 12:03:37";"Muscu";"3753";"Push Up";"3";"0.0";"5";"";"";"";"";""
"8";"2025-01-20 12:03:37";"Muscu";"3753";"Chest Dip";"1";"0.0";"5";"";"";"";"";""
"8";"2025-01-20 12:03:37";"Muscu";"3753";"Chest Dip";"2";"0.0";"4";"";"";"";"";""
"8";"2025-01-20 12:03:37";"Muscu";"3753";"Chest Dip";"3";"0.0";"4";"";"";"";"";""
"8";"2025-01-20 12:03:37";"Muscu";"3753";"Push-ups taps";"Note";"";"";"";"";"";"Less than middle ";""
"8";"2025-01-20 12:03:37";"Muscu";"3753";"Push-ups taps";"1";"0.0";"5";"";"";"";"";""
"8";"2025-01-20 12:03:37";"Muscu";"3753";"Push-ups taps";"2";"0.0";"5";"";"";"";"";""
"8";"2025-01-20 12:03:37";"Muscu";"3753";"Push-ups taps";"3";"0.0";"4";"";"";"";"";""
"9";"2025-01-21 11:27:46";"Rési doigts";"17";"Pyramide échauffement doigts";"1";"40.0";"4";"";"";"";"";""
"9";"2025-01-21 11:27:46";"Rési doigts";"17";"Pyramide échauffement doigts";"2";"40.0";"5";"";"";"";"";""
"9";"2025-01-21 11:27:46";"Rési doigts";"17";"Rési Doigts";"Note";"";"";"";"";"";"Hard !!";""
"9";"2025-01-21 11:27:46";"Rési doigts";"17";"Rési Doigts";"1";"22.0";"4";"";"";"";"";""
"9";"2025-01-21 11:27:46";"Rési doigts";"17";"Rési Doigts";"2";"22.0";"4";"";"";"";"";""
"10";"2025-01-24 14:34:11";"Force Doigts";"3884";"Pyramide échauffement doigts";"1";"40.0";"5";"";"";"";"";"Force Doigts / grimpe avant !"
"10";"2025-01-24 14:34:11";"Force Doigts";"3884";"Pyramide échauffement doigts";"2";"40.0";"5";"";"";"";"";"Force Doigts / grimpe avant !"
"10";"2025-01-24 14:34:11";"Force Doigts";"3884";"Force Doigts Crimp";"1";"40.0";"5";"";"";"";"";"Force Doigts / grimpe avant !"
"10";"2025-01-24 14:34:11";"Force Doigts";"3884";"Force Doigts Crimp";"2";"42.0";"2";"";"";"";"";"Force Doigts / grimpe avant !"
"10";"2025-01-24 14:34:11";"Force Doigts";"3884";"Force Doigts Crimp";"3";"40.0";"5";"";"";"";"";"Force Doigts / grimpe avant !"
"10";"2025-01-24 14:34:11";"Force Doigts";"3884";"Force Doigts Crimp";"4";"40.0";"4";"";"";"";"";"Force Doigts / grimpe avant !"
"10";"2025-01-24 14:34:11";"Force Doigts";"3884";"Force Doigts Crimp";"5";"40.0";"4";"";"";"";"";"Force Doigts / grimpe avant !"
"10";"2025-01-24 14:34:11";"Force Doigts";"3884";"Force Doigts Crimp";"1";"42.0";"5";"";"";"";"";"Force Doigts / grimpe avant !"
"10";"2025-01-24 14:34:11";"Force Doigts";"3884";"Force Doigts Crimp";"2";"42.0";"5";"";"";"";"";"Force Doigts / grimpe avant !"
"10";"2025-01-24 14:34:11";"Force Doigts";"3884";"Force Doigts Crimp";"3";"42.0";"5";"";"";"";"";"Force Doigts / grimpe avant !"
"10";"2025-01-24 14:34:11";"Force Doigts";"3884";"Force Doigts Crimp";"4";"42.0";"5";"";"";"";"";"Force Doigts / grimpe avant !"
"10";"2025-01-24 14:34:11";"Force Doigts";"3884";"Force Doigts Crimp";"5";"42.0";"5";"";"";"";"";"Force Doigts / grimpe avant !"
"10";"2025-01-24 14:34:11";"Force Doigts";"3884";"Force Doigts 3 finger drag";"1";"32.0";"5";"";"";"";"";"Force Doigts / grimpe avant !"
"10";"2025-01-24 14:34:11";"Force Doigts";"3884";"Force Doigts 3 finger drag";"2";"32.0";"5";"";"";"";"";"Force Doigts / grimpe avant !"
"10";"2025-01-24 14:34:11";"Force Doigts";"3884";"Force Doigts 3 finger drag";"3";"32.0";"5";"";"";"";"";"Force Doigts / grimpe avant !"
"10";"2025-01-24 14:34:11";"Force Doigts";"3884";"Force Doigts 3 finger drag";"4";"32.0";"5";"";"";"";"";"Force Doigts / grimpe avant !"
"10";"2025-01-24 14:34:11";"Force Doigts";"3884";"Force Doigts 3 finger drag";"1";"34.0";"4";"";"";"";"";"Force Doigts / grimpe avant !"
"10";"2025-01-24 14:34:11";"Force Doigts";"3884";"Force Doigts 3 finger drag";"2";"34.0";"4";"";"";"";"";"Force Doigts / grimpe avant !"
"10";"2025-01-24 14:34:11";"Force Doigts";"3884";"Force Doigts 3 finger drag";"3";"34.0";"5";"";"";"";"";"Force Doigts / grimpe avant !"
"10";"2025-01-24 14:34:11";"Force Doigts";"3884";"Force Doigts 3 finger drag";"4";"34.0";"5";"";"";"";"";"Force Doigts / grimpe avant !"
"10";"2025-01-24 14:34:11";"Force Doigts";"3884";"Force Doigts Pinch";"1";"22.0";"3";"";"";"";"";"Force Doigts / grimpe avant !"
"10";"2025-01-24 14:34:11";"Force Doigts";"3884";"Force Doigts Pinch";"2";"22.0";"3";"";"";"";"";"Force Doigts / grimpe avant !"
"10";"2025-01-24 14:34:11";"Force Doigts";"3884";"Force Doigts Pinch";"3";"22.0";"3";"";"";"";"";"Force Doigts / grimpe avant !"
"10";"2025-01-24 14:34:11";"Force Doigts";"3884";"Force Doigts Pinch";"1";"22.0";"3";"";"";"";"";"Force Doigts / grimpe avant !"
"10";"2025-01-24 14:34:11";"Force Doigts";"3884";"Force Doigts Pinch";"2";"22.0";"3";"";"";"";"";"Force Doigts / grimpe avant !"
"10";"2025-01-24 14:34:11";"Force Doigts";"3884";"Force Doigts Pinch";"3";"22.0";"3";"";"";"";"";"Force Doigts / grimpe avant !"
"10";"2025-01-24 14:34:11";"Force Doigts";"3884";"Force Doigts Sloper";"1";"15.0";"5";"";"";"";"";"Force Doigts / grimpe avant !"
"10";"2025-01-24 14:34:11";"Force Doigts";"3884";"Force Doigts Sloper";"2";"15.0";"5";"";"";"";"";"Force Doigts / grimpe avant !"
"10";"2025-01-24 14:34:11";"Force Doigts";"3884";"Force Doigts Sloper";"3";"15.0";"5";"";"";"";"";"Force Doigts / grimpe avant !"
"10";"2025-01-24 14:34:11";"Force Doigts";"3884";"Force Doigts Sloper";"1";"15.0";"5";"";"";"";"";"Force Doigts / grimpe avant !"
"10";"2025-01-24 14:34:11";"Force Doigts";"3884";"Force Doigts Sloper";"2";"15.0";"5";"";"";"";"";"Force Doigts / grimpe avant !"
"10";"2025-01-24 14:34:11";"Force Doigts";"3884";"Force Doigts Sloper";"3";"15.0";"5";"";"";"";"";"Force Doigts / grimpe avant !"
"11";"2025-01-28 10:54:30";"Force Doigts";"4623";"Pyramide échauffement doigts";"1";"40.0";"5";"";"";"";"";"Force Doigts"
"11";"2025-01-28 10:54:30";"Force Doigts";"4623";"Pyramide échauffement doigts";"2";"40.0";"5";"";"";"";"";"Force Doigts"
"11";"2025-01-28 10:54:30";"Force Doigts";"4623";"Force Doigts Crimp";"1";"40.0";"5";"";"";"";"";"Force Doigts"
"11";"2025-01-28 10:54:30";"Force Doigts";"4623";"Force Doigts Crimp";"2";"40.0";"5";"";"";"";"";"Force Doigts"
"11";"2025-01-28 10:54:30";"Force Doigts";"4623";"Force Doigts Crimp";"3";"40.0";"5";"";"";"";"";"Force Doigts"
"11";"2025-01-28 10:54:30";"Force Doigts";"4623";"Force Doigts Crimp";"4";"40.0";"5";"";"";"";"";"Force Doigts"
"11";"2025-01-28 10:54:30";"Force Doigts";"4623";"Force Doigts Crimp";"5";"40.0";"2";"";"";"";"";"Force Doigts"
"11";"2025-01-28 10:54:30";"Force Doigts";"4623";"Force Doigts Crimp";"1";"42.0";"5";"";"";"";"";"Force Doigts"
"11";"2025-01-28 10:54:30";"Force Doigts";"4623";"Force Doigts Crimp";"2";"42.0";"5";"";"";"";"";"Force Doigts"
"11";"2025-01-28 10:54:30";"Force Doigts";"4623";"Force Doigts Crimp";"3";"42.0";"5";"";"";"";"";"Force Doigts"
"11";"2025-01-28 10:54:30";"Force Doigts";"4623";"Force Doigts Crimp";"4";"42.0";"5";"";"";"";"";"Force Doigts"
"11";"2025-01-28 10:54:30";"Force Doigts";"4623";"Force Doigts Crimp";"5";"42.0";"4";"";"";"";"";"Force Doigts"
"11";"2025-01-28 10:54:30";"Force Doigts";"4623";"Force Doigts 3 finger drag";"1";"34.0";"4";"";"";"";"";"Force Doigts"
"11";"2025-01-28 10:54:30";"Force Doigts";"4623";"Force Doigts 3 finger drag";"2";"34.0";"3";"";"";"";"";"Force Doigts"
"11";"2025-01-28 10:54:30";"Force Doigts";"4623";"Force Doigts 3 finger drag";"3";"34.0";"4";"";"";"";"";"Force Doigts"
"11";"2025-01-28 10:54:30";"Force Doigts";"4623";"Force Doigts 3 finger drag";"4";"34.0";"5";"";"";"";"";"Force Doigts"
"11";"2025-01-28 10:54:30";"Force Doigts";"4623";"Force Doigts 3 finger drag";"1";"34.0";"3";"";"";"";"";"Force Doigts"
"11";"2025-01-28 10:54:30";"Force Doigts";"4623";"Force Doigts 3 finger drag";"2";"34.0";"4";"";"";"";"";"Force Doigts"
"11";"2025-01-28 10:54:30";"Force Doigts";"4623";"Force Doigts 3 finger drag";"3";"34.0";"4";"";"";"";"";"Force Doigts"
"11";"2025-01-28 10:54:30";"Force Doigts";"4623";"Force Doigts 3 finger drag";"4";"34.0";"4";"";"";"";"";"Force Doigts"
"11";"2025-01-28 10:54:30";"Force Doigts";"4623";"Force Doigts Pinch";"1";"22.0";"3";"";"";"";"";"Force Doigts"
"11";"2025-01-28 10:54:30";"Force Doigts";"4623";"Force Doigts Pinch";"2";"22.0";"3";"";"";"";"";"Force Doigts"
"11";"2025-01-28 10:54:30";"Force Doigts";"4623";"Force Doigts Pinch";"3";"22.0";"3";"";"";"";"";"Force Doigts"
"11";"2025-01-28 10:54:30";"Force Doigts";"4623";"Force Doigts Pinch";"1";"22.0";"4";"";"";"";"";"Force Doigts"
"11";"2025-01-28 10:54:30";"Force Doigts";"4623";"Force Doigts Pinch";"2";"22.0";"3";"";"";"";"";"Force Doigts"
"11";"2025-01-28 10:54:30";"Force Doigts";"4623";"Force Doigts Pinch";"3";"22.0";"2";"";"";"";"";"Force Doigts"
"11";"2025-01-28 10:54:30";"Force Doigts";"4623";"Force Doigts Sloper";"1";"15.0";"5";"";"";"";"";"Force Doigts"
"11";"2025-01-28 10:54:30";"Force Doigts";"4623";"Force Doigts Sloper";"2";"15.0";"5";"";"";"";"";"Force Doigts"
"11";"2025-01-28 10:54:30";"Force Doigts";"4623";"Force Doigts Sloper";"3";"15.0";"5";"";"";"";"";"Force Doigts"
"11";"2025-01-28 10:54:30";"Force Doigts";"4623";"Force Doigts Sloper";"1";"15.0";"5";"";"";"";"";"Force Doigts"
"11";"2025-01-28 10:54:30";"Force Doigts";"4623";"Force Doigts Sloper";"2";"15.0";"5";"";"";"";"";"Force Doigts"
"11";"2025-01-28 10:54:30";"Force Doigts";"4623";"Force Doigts Sloper";"3";"15.0";"5";"";"";"";"";"Force Doigts"
"12";"2025-01-28 12:17:03";"Muscu";"3660";"Pull Up";"W";"20.0";"5";"";"";"";"";""
"12";"2025-01-28 12:17:03";"Muscu";"3660";"Pull Up";"1";"25.0";"4";"";"";"";"";""
"12";"2025-01-28 12:17:03";"Muscu";"3660";"Pull Up";"2";"25.0";"4";"";"";"";"";""
"12";"2025-01-28 12:17:03";"Muscu";"3660";"Pull Up";"3";"25.0";"3";"";"";"";"";""
"12";"2025-01-28 12:17:03";"Muscu";"3660";"Handstand Push Up";"Note";"";"";"";"";"";"Negative ";""
"12";"2025-01-28 12:17:03";"Muscu";"3660";"Handstand Push Up";"1";"0.0";"3";"";"";"";"";""
"12";"2025-01-28 12:17:03";"Muscu";"3660";"Handstand Push Up";"2";"0.0";"3";"";"";"";"";""
"12";"2025-01-28 12:17:03";"Muscu";"3660";"Handstand Push Up";"3";"0.0";"3";"";"";"";"";""
"12";"2025-01-28 12:17:03";"Muscu";"3660";"Hanging Knee Raise";"1";"";"5";"";"";"";"";""
"12";"2025-01-28 12:17:03";"Muscu";"3660";"Hanging Knee Raise";"2";"";"5";"";"";"";"";""
"12";"2025-01-28 12:17:03";"Muscu";"3660";"Hanging Knee Raise";"3";"";"5";"";"";"";"";""
"12";"2025-01-28 12:17:03";"Muscu";"3660";"Push Up";"Note";"";"";"";"";"";"One arm on chair";""
"12";"2025-01-28 12:17:03";"Muscu";"3660";"Push Up";"1";"0.0";"5";"";"";"";"";""
"12";"2025-01-28 12:17:03";"Muscu";"3660";"Push Up";"2";"0.0";"5";"";"";"";"";""
"12";"2025-01-28 12:17:03";"Muscu";"3660";"Push Up";"3";"0.0";"5";"";"";"";"";""
"12";"2025-01-28 12:17:03";"Muscu";"3660";"Push Up";"Note";"";"";"";"";"";"One arm on chair";""
"12";"2025-01-28 12:17:03";"Muscu";"3660";"Push Up";"1";"0.0";"5";"";"";"";"";""
"12";"2025-01-28 12:17:03";"Muscu";"3660";"Push Up";"2";"0.0";"5";"";"";"";"";""
"12";"2025-01-28 12:17:03";"Muscu";"3660";"Push Up";"3";"0.0";"5";"";"";"";"";""
"12";"2025-01-28 12:17:03";"Muscu";"3660";"Chest Dip";"1";"0.0";"5";"";"";"";"";""
"12";"2025-01-28 12:17:03";"Muscu";"3660";"Chest Dip";"2";"0.0";"5";"";"";"";"";""
"12";"2025-01-28 12:17:03";"Muscu";"3660";"Chest Dip";"3";"0.0";"4";"";"";"";"";""
"12";"2025-01-28 12:17:03";"Muscu";"3660";"Push-ups taps";"Note";"";"";"";"";"";"Less than middle ";""
"12";"2025-01-28 12:17:03";"Muscu";"3660";"Push-ups taps";"1";"0.0";"5";"";"";"";"";""
"12";"2025-01-28 12:17:03";"Muscu";"3660";"Push-ups taps";"2";"0.0";"5";"";"";"";"";""
"12";"2025-01-28 12:17:03";"Muscu";"3660";"Push-ups taps";"3";"0.0";"4";"";"";"";"";""
"13";"2025-01-29 11:36:12";"Rési doigts";"1965";"Pyramide échauffement doigts";"1";"40.0";"5";"";"";"";"";""
"13";"2025-01-29 11:36:12";"Rési doigts";"1965";"Pyramide échauffement doigts";"2";"40.0";"5";"";"";"";"";""
"13";"2025-01-29 11:36:12";"Rési doigts";"1965";"Rési Doigts";"1";"22.0";"4";"";"";"";"";""
"13";"2025-01-29 11:36:12";"Rési doigts";"1965";"Rési Doigts";"2";"22.0";"5";"";"";"";"";""
"14";"2025-02-04 10:15:04";"Force Doigts";"3843";"Pyramide échauffement doigts";"1";"40.0";"4";"";"";"";"";"Force Doigts"
"14";"2025-02-04 10:15:04";"Force Doigts";"3843";"Pyramide échauffement doigts";"2";"40.0";"5";"";"";"";"";"Force Doigts"
"14";"2025-02-04 10:15:04";"Force Doigts";"3843";"Force Doigts Crimp";"1";"40.0";"3";"";"";"";"";"Force Doigts"
"14";"2025-02-04 10:15:04";"Force Doigts";"3843";"Force Doigts Crimp";"2";"40.0";"3";"";"";"";"";"Force Doigts"
"14";"2025-02-04 10:15:04";"Force Doigts";"3843";"Force Doigts Crimp";"3";"40.0";"2";"";"";"";"";"Force Doigts"
"14";"2025-02-04 10:15:04";"Force Doigts";"3843";"Force Doigts Crimp";"4";"40.0";"2";"";"";"";"";"Force Doigts"
"14";"2025-02-04 10:15:04";"Force Doigts";"3843";"Force Doigts Crimp";"5";"40.0";"2";"";"";"";"";"Force Doigts"
"14";"2025-02-04 10:15:04";"Force Doigts";"3843";"Force Doigts Crimp";"1";"42.0";"4";"";"";"";"";"Force Doigts"
"14";"2025-02-04 10:15:04";"Force Doigts";"3843";"Force Doigts Crimp";"2";"42.0";"5";"";"";"";"";"Force Doigts"
"14";"2025-02-04 10:15:04";"Force Doigts";"3843";"Force Doigts Crimp";"3";"42.0";"3";"";"";"";"";"Force Doigts"
"14";"2025-02-04 10:15:04";"Force Doigts";"3843";"Force Doigts Crimp";"4";"42.0";"2";"";"";"";"";"Force Doigts"
"14";"2025-02-04 10:15:04";"Force Doigts";"3843";"Force Doigts Crimp";"5";"42.0";"2";"";"";"";"";"Force Doigts"
"14";"2025-02-04 10:15:04";"Force Doigts";"3843";"Force Doigts 3 finger drag";"1";"34.0";"2";"";"";"";"";"Force Doigts"
"14";"2025-02-04 10:15:04";"Force Doigts";"3843";"Force Doigts 3 finger drag";"2";"34.0";"3";"";"";"";"";"Force Doigts"
"14";"2025-02-04 10:15:04";"Force Doigts";"3843";"Force Doigts 3 finger drag";"3";"34.0";"4";"";"";"";"";"Force Doigts"
"14";"2025-02-04 10:15:04";"Force Doigts";"3843";"Force Doigts 3 finger drag";"4";"34.0";"2";"";"";"";"";"Force Doigts"
"14";"2025-02-04 10:15:04";"Force Doigts";"3843";"Force Doigts 3 finger drag";"1";"34.0";"4";"";"";"";"";"Force Doigts"
"14";"2025-02-04 10:15:04";"Force Doigts";"3843";"Force Doigts 3 finger drag";"2";"34.0";"4";"";"";"";"";"Force Doigts"
"14";"2025-02-04 10:15:04";"Force Doigts";"3843";"Force Doigts 3 finger drag";"3";"34.0";"4";"";"";"";"";"Force Doigts"
"14";"2025-02-04 10:15:04";"Force Doigts";"3843";"Force Doigts 3 finger drag";"4";"34.0";"4";"";"";"";"";"Force Doigts"
"14";"2025-02-04 10:15:04";"Force Doigts";"3843";"Force Doigts Pinch";"1";"22.0";"2";"";"";"";"";"Force Doigts"
"14";"2025-02-04 10:15:04";"Force Doigts";"3843";"Force Doigts Pinch";"1";"22.0";"2";"";"";"";"";"Force Doigts"
"15";"2025-02-05 11:10:27";"Rési doigts";"2026";"Pyramide échauffement doigts";"1";"40.0";"5";"";"";"";"";""
"15";"2025-02-05 11:10:27";"Rési doigts";"2026";"Pyramide échauffement doigts";"2";"40.0";"5";"";"";"";"";""
"15";"2025-02-05 11:10:27";"Rési doigts";"2026";"Rési Doigts";"1";"22.0";"5";"";"";"";"";""
"15";"2025-02-05 11:10:27";"Rési doigts";"2026";"Rési Doigts";"2";"22.0";"5";"";"";"";"";""
"16";"2025-02-08 09:56:15";"Force Doigts";"943";"Pyramide échauffement doigts";"1";"40.0";"2";"";"";"";"";"Force Doigts"
"16";"2025-02-08 09:56:15";"Force Doigts";"943";"Pyramide échauffement doigts";"2";"40.0";"5";"";"";"";"";"Force Doigts"
"16";"2025-02-08 09:56:15";"Force Doigts";"943";"Force Doigts Crimp";"1";"38.0";"4";"";"";"";"";"Force Doigts"
"16";"2025-02-08 09:56:15";"Force Doigts";"943";"Force Doigts Crimp";"2";"38.0";"5";"";"";"";"";"Force Doigts"
"16";"2025-02-08 09:56:15";"Force Doigts";"943";"Force Doigts Crimp";"3";"38.0";"5";"";"";"";"";"Force Doigts"
"16";"2025-02-08 09:56:15";"Force Doigts";"943";"Force Doigts Crimp";"4";"40.0";"2";"";"";"";"";"Force Doigts"
"16";"2025-02-08 09:56:15";"Force Doigts";"943";"Force Doigts Crimp";"5";"38.0";"5";"";"";"";"";"Force Doigts"
"16";"2025-02-08 09:56:15";"Force Doigts";"943";"Force Doigts Crimp";"1";"40.0";"5";"";"";"";"";"Force Doigts"
"16";"2025-02-08 09:56:15";"Force Doigts";"943";"Force Doigts Crimp";"2";"40.0";"5";"";"";"";"";"Force Doigts"
"16";"2025-02-08 09:56:15";"Force Doigts";"943";"Force Doigts Crimp";"3";"40.0";"5";"";"";"";"";"Force Doigts"
"16";"2025-02-08 09:56:15";"Force Doigts";"943";"Force Doigts Crimp";"4";"40.0";"5";"";"";"";"";"Force Doigts"
"16";"2025-02-08 09:56:15";"Force Doigts";"943";"Force Doigts Crimp";"5";"40.0";"5";"";"";"";"";"Force Doigts"
"17";"2025-02-14 09:50:36";"Force Doigts";"5371";"Pyramide échauffement doigts";"1";"40.0";"5";"";"";"";"";"Force Doigts"
"17";"2025-02-14 09:50:36";"Force Doigts";"5371";"Pyramide échauffement doigts";"2";"40.0";"5";"";"";"";"";"Force Doigts"
"17";"2025-02-14 09:50:36";"Force Doigts";"5371";"Force Doigts Crimp";"1";"40.0";"5";"";"";"";"";"Force Doigts"
"17";"2025-02-14 09:50:36";"Force Doigts";"5371";"Force Doigts Crimp";"2";"40.0";"5";"";"";"";"";"Force Doigts"
"17";"2025-02-14 09:50:36";"Force Doigts";"5371";"Force Doigts Crimp";"3";"40.0";"5";"";"";"";"";"Force Doigts"
"17";"2025-02-14 09:50:36";"Force Doigts";"5371";"Force Doigts Crimp";"4";"40.0";"5";"";"";"";"";"Force Doigts"
"17";"2025-02-14 09:50:36";"Force Doigts";"5371";"Force Doigts Crimp";"5";"40.0";"5";"";"";"";"";"Force Doigts"
"17";"2025-02-14 09:50:36";"Force Doigts";"5371";"Force Doigts Crimp";"1";"42.0";"5";"";"";"";"";"Force Doigts"
"17";"2025-02-14 09:50:36";"Force Doigts";"5371";"Force Doigts Crimp";"2";"42.0";"5";"";"";"";"";"Force Doigts"
"17";"2025-02-14 09:50:36";"Force Doigts";"5371";"Force Doigts Crimp";"3";"42.0";"5";"";"";"";"";"Force Doigts"
"17";"2025-02-14 09:50:36";"Force Doigts";"5371";"Force Doigts Crimp";"4";"42.0";"5";"";"";"";"";"Force Doigts"
"17";"2025-02-14 09:50:36";"Force Doigts";"5371";"Force Doigts Crimp";"5";"42.0";"5";"";"";"";"";"Force Doigts"
"17";"2025-02-14 09:50:36";"Force Doigts";"5371";"Force Doigts 3 finger drag";"1";"34.0";"5";"";"";"";"";"Force Doigts"
"17";"2025-02-14 09:50:36";"Force Doigts";"5371";"Force Doigts 3 finger drag";"2";"34.0";"5";"";"";"";"";"Force Doigts"
"17";"2025-02-14 09:50:36";"Force Doigts";"5371";"Force Doigts 3 finger drag";"3";"34.0";"5";"";"";"";"";"Force Doigts"
"17";"2025-02-14 09:50:36";"Force Doigts";"5371";"Force Doigts 3 finger drag";"4";"34.0";"4";"";"";"";"";"Force Doigts"
"17";"2025-02-14 09:50:36";"Force Doigts";"5371";"Force Doigts 3 finger drag";"1";"34.0";"5";"";"";"";"";"Force Doigts"
"17";"2025-02-14 09:50:36";"Force Doigts";"5371";"Force Doigts 3 finger drag";"2";"34.0";"5";"";"";"";"";"Force Doigts"
"17";"2025-02-14 09:50:36";"Force Doigts";"5371";"Force Doigts 3 finger drag";"3";"34.0";"5";"";"";"";"";"Force Doigts"
"17";"2025-02-14 09:50:36";"Force Doigts";"5371";"Force Doigts 3 finger drag";"4";"34.0";"5";"";"";"";"";"Force Doigts"
"17";"2025-02-14 09:50:36";"Force Doigts";"5371";"Force Doigts Pinch";"1";"22.0";"3";"";"";"";"";"Force Doigts"
"17";"2025-02-14 09:50:36";"Force Doigts";"5371";"Force Doigts Pinch";"2";"22.0";"3";"";"";"";"";"Force Doigts"
"17";"2025-02-14 09:50:36";"Force Doigts";"5371";"Force Doigts Pinch";"3";"22.0";"3";"";"";"";"";"Force Doigts"
"17";"2025-02-14 09:50:36";"Force Doigts";"5371";"Force Doigts Pinch";"1";"22.0";"2";"";"";"";"";"Force Doigts"
"17";"2025-02-14 09:50:36";"Force Doigts";"5371";"Force Doigts Pinch";"2";"21.0";"4";"";"";"";"";"Force Doigts"
"17";"2025-02-14 09:50:36";"Force Doigts";"5371";"Force Doigts Pinch";"3";"21.0";"4";"";"";"";"";"Force Doigts"
"17";"2025-02-14 09:50:36";"Force Doigts";"5371";"Force Doigts Sloper";"1";"15.0";"5";"";"";"";"";"Force Doigts"
"17";"2025-02-14 09:50:36";"Force Doigts";"5371";"Force Doigts Sloper";"2";"15.0";"5";"";"";"";"";"Force Doigts"
"17";"2025-02-14 09:50:36";"Force Doigts";"5371";"Force Doigts Sloper";"3";"15.0";"5";"";"";"";"";"Force Doigts"
"17";"2025-02-14 09:50:36";"Force Doigts";"5371";"Force Doigts Sloper";"1";"15.0";"5";"";"";"";"";"Force Doigts"
"17";"2025-02-14 09:50:36";"Force Doigts";"5371";"Force Doigts Sloper";"2";"15.0";"5";"";"";"";"";"Force Doigts"
"17";"2025-02-14 09:50:36";"Force Doigts";"5371";"Force Doigts Sloper";"3";"15.0";"5";"";"";"";"";"Force Doigts"
"18";"2025-02-14 11:33:53";"Muscu";"2894";"Pull Up";"W";"20.0";"5";"";"";"";"";""
"18";"2025-02-14 11:33:53";"Muscu";"2894";"Pull Up";"1";"25.0";"5";"";"";"";"";""
"18";"2025-02-14 11:33:53";"Muscu";"2894";"Pull Up";"2";"25.0";"4";"";"";"";"";""
"18";"2025-02-14 11:33:53";"Muscu";"2894";"Pull Up";"3";"25.0";"3";"";"";"";"";""
"18";"2025-02-14 11:33:53";"Muscu";"2894";"Handstand Push Up";"Note";"";"";"";"";"";"Negative ";""
"18";"2025-02-14 11:33:53";"Muscu";"2894";"Handstand Push Up";"1";"0.0";"3";"";"";"";"";""
"18";"2025-02-14 11:33:53";"Muscu";"2894";"Handstand Push Up";"2";"0.0";"3";"";"";"";"";""
"18";"2025-02-14 11:33:53";"Muscu";"2894";"Handstand Push Up";"3";"0.0";"3";"";"";"";"";""
"18";"2025-02-14 11:33:53";"Muscu";"2894";"Hanging Knee Raise";"1";"";"3";"";"";"";"";""
"18";"2025-02-14 11:33:53";"Muscu";"2894";"Hanging Knee Raise";"2";"";"3";"";"";"";"";""
"18";"2025-02-14 11:33:53";"Muscu";"2894";"Hanging Knee Raise";"3";"";"3";"";"";"";"";""
"18";"2025-02-14 11:33:53";"Muscu";"2894";"Push Up";"Note";"";"";"";"";"";"One arm on chair";""
"18";"2025-02-14 11:33:53";"Muscu";"2894";"Push Up";"1";"0.0";"5";"";"";"";"";""
"18";"2025-02-14 11:33:53";"Muscu";"2894";"Push Up";"2";"0.0";"4";"";"";"";"";""
"18";"2025-02-14 11:33:53";"Muscu";"2894";"Push Up";"3";"0.0";"5";"";"";"";"";""
"18";"2025-02-14 11:33:53";"Muscu";"2894";"Push Up";"Note";"";"";"";"";"";"One arm on chair";""
"18";"2025-02-14 11:33:53";"Muscu";"2894";"Push Up";"1";"0.0";"5";"";"";"";"";""
"18";"2025-02-14 11:33:53";"Muscu";"2894";"Push Up";"2";"0.0";"5";"";"";"";"";""
"18";"2025-02-14 11:33:53";"Muscu";"2894";"Push Up";"3";"0.0";"5";"";"";"";"";""
"18";"2025-02-14 11:33:53";"Muscu";"2894";"Chest Dip";"1";"0.0";"5";"";"";"";"";""
"18";"2025-02-14 11:33:53";"Muscu";"2894";"Chest Dip";"2";"5.0";"5";"";"";"";"";""
"18";"2025-02-14 11:33:53";"Muscu";"2894";"Chest Dip";"3";"5.0";"3";"";"";"";"";""
"18";"2025-02-14 11:33:53";"Muscu";"2894";"Push-ups taps";"Note";"";"";"";"";"";"Less than middle / 16kg biceps curl";""
"18";"2025-02-14 11:33:53";"Muscu";"2894";"Push-ups taps";"1";"14.0";"5";"";"";"";"";""
"18";"2025-02-14 11:33:53";"Muscu";"2894";"Push-ups taps";"2";"16.0";"5";"";"";"";"";""
"18";"2025-02-14 11:33:53";"Muscu";"2894";"Push-ups taps";"3";"16.0";"5";"";"";"";"";""
"19";"2025-02-24 10:12:12";"Force Doigts";"4642";"Pyramide échauffement doigts";"1";"40.0";"5";"";"";"";"";"Force Doigts"
"19";"2025-02-24 10:12:12";"Force Doigts";"4642";"Pyramide échauffement doigts";"2";"40.0";"5";"";"";"";"";"Force Doigts"
"19";"2025-02-24 10:12:12";"Force Doigts";"4642";"Force Doigts Crimp";"1";"40.0";"3";"";"";"";"";"Force Doigts"
"19";"2025-02-24 10:12:12";"Force Doigts";"4642";"Force Doigts Crimp";"2";"40.0";"3";"";"";"";"";"Force Doigts"
"19";"2025-02-24 10:12:12";"Force Doigts";"4642";"Force Doigts Crimp";"3";"40.0";"3";"";"";"";"";"Force Doigts"
"19";"2025-02-24 10:12:12";"Force Doigts";"4642";"Force Doigts Crimp";"4";"40.0";"3";"";"";"";"";"Force Doigts"
"19";"2025-02-24 10:12:12";"Force Doigts";"4642";"Force Doigts Crimp";"5";"40.0";"3";"";"";"";"";"Force Doigts"
"19";"2025-02-24 10:12:12";"Force Doigts";"4642";"Force Doigts Crimp";"1";"42.0";"5";"";"";"";"";"Force Doigts"
"19";"2025-02-24 10:12:12";"Force Doigts";"4642";"Force Doigts Crimp";"2";"42.0";"3";"";"";"";"";"Force Doigts"
"19";"2025-02-24 10:12:12";"Force Doigts";"4642";"Force Doigts Crimp";"3";"42.0";"3";"";"";"";"";"Force Doigts"
"19";"2025-02-24 10:12:12";"Force Doigts";"4642";"Force Doigts Crimp";"4";"42.0";"3";"";"";"";"";"Force Doigts"
"19";"2025-02-24 10:12:12";"Force Doigts";"4642";"Force Doigts Crimp";"5";"42.0";"2";"";"";"";"";"Force Doigts"
"19";"2025-02-24 10:12:12";"Force Doigts";"4642";"Force Doigts 3 finger drag";"1";"34.0";"2";"";"";"";"";"Force Doigts"
"19";"2025-02-24 10:12:12";"Force Doigts";"4642";"Force Doigts 3 finger drag";"2";"34.0";"3";"";"";"";"";"Force Doigts"
"19";"2025-02-24 10:12:12";"Force Doigts";"4642";"Force Doigts 3 finger drag";"3";"34.0";"3";"";"";"";"";"Force Doigts"
"19";"2025-02-24 10:12:12";"Force Doigts";"4642";"Force Doigts 3 finger drag";"4";"34.0";"2";"";"";"";"";"Force Doigts"
"19";"2025-02-24 10:12:12";"Force Doigts";"4642";"Force Doigts 3 finger drag";"1";"34.0";"4";"";"";"";"";"Force Doigts"
"19";"2025-02-24 10:12:12";"Force Doigts";"4642";"Force Doigts 3 finger drag";"2";"34.0";"4";"";"";"";"";"Force Doigts"
"19";"2025-02-24 10:12:12";"Force Doigts";"4642";"Force Doigts 3 finger drag";"3";"34.0";"4";"";"";"";"";"Force Doigts"
"19";"2025-02-24 10:12:12";"Force Doigts";"4642";"Force Doigts 3 finger drag";"4";"34.0";"3";"";"";"";"";"Force Doigts"
"19";"2025-02-24 10:12:12";"Force Doigts";"4642";"Force Doigts Pinch";"1";"21.0";"4";"";"";"";"";"Force Doigts"
"19";"2025-02-24 10:12:12";"Force Doigts";"4642";"Force Doigts Pinch";"2";"21.0";"4";"";"";"";"";"Force Doigts"
"19";"2025-02-24 10:12:12";"Force Doigts";"4642";"Force Doigts Pinch";"3";"21.0";"4";"";"";"";"";"Force Doigts"
"19";"2025-02-24 10:12:12";"Force Doigts";"4642";"Force Doigts Pinch";"1";"21.0";"4";"";"";"";"";"Force Doigts"
"19";"2025-02-24 10:12:12";"Force Doigts";"4642";"Force Doigts Pinch";"2";"21.0";"3";"";"";"";"";"Force Doigts"
"19";"2025-02-24 10:12:12";"Force Doigts";"4642";"Force Doigts Pinch";"3";"21.0";"2";"";"";"";"";"Force Doigts"
"19";"2025-02-24 10:12:12";"Force Doigts";"4642";"Force Doigts Sloper";"1";"15.0";"5";"";"";"";"";"Force Doigts"
"19";"2025-02-24 10:12:12";"Force Doigts";"4642";"Force Doigts Sloper";"2";"15.0";"5";"";"";"";"";"Force Doigts"
"19";"2025-02-24 10:12:12";"Force Doigts";"4642";"Force Doigts Sloper";"3";"15.0";"5";"";"";"";"";"Force Doigts"
"19";"2025-02-24 10:12:12";"Force Doigts";"4642";"Force Doigts Sloper";"1";"15.0";"5";"";"";"";"";"Force Doigts"
"19";"2025-02-24 10:12:12";"Force Doigts";"4642";"Force Doigts Sloper";"2";"15.0";"5";"";"";"";"";"Force Doigts"
"19";"2025-02-24 10:12:12";"Force Doigts";"4642";"Force Doigts Sloper";"3";"15.0";"5";"";"";"";"";"Force Doigts"
"20";"2025-03-22 09:02:17";"Rési doigts";"1821";"Pyramide échauffement doigts";"1";"40.0";"2";"";"";"";"";""
"20";"2025-03-22 09:02:17";"Rési doigts";"1821";"Pyramide échauffement doigts";"2";"40.0";"4";"";"";"";"";""
"20";"2025-03-22 09:02:17";"Rési doigts";"1821";"Rési Doigts";"1";"22.0";"4";"";"";"";"";""
"20";"2025-03-22 09:02:17";"Rési doigts";"1821";"Rési Doigts";"2";"22.0";"4";"";"";"";"";""
"21";"2025-03-24 09:25:58";"Force Doigts";"4566";"Pyramide échauffement doigts";"1";"40.0";"5";"";"";"";"";"Force Doigts"
"21";"2025-03-24 09:25:58";"Force Doigts";"4566";"Pyramide échauffement doigts";"2";"40.0";"5";"";"";"";"";"Force Doigts"
"21";"2025-03-24 09:25:58";"Force Doigts";"4566";"Force Doigts Crimp";"1";"40.0";"5";"";"";"";"";"Force Doigts"
"21";"2025-03-24 09:25:58";"Force Doigts";"4566";"Force Doigts Crimp";"2";"40.0";"3";"";"";"";"";"Force Doigts"
"21";"2025-03-24 09:25:58";"Force Doigts";"4566";"Force Doigts Crimp";"3";"40.0";"3";"";"";"";"";"Force Doigts"
"21";"2025-03-24 09:25:58";"Force Doigts";"4566";"Force Doigts Crimp";"4";"40.0";"3";"";"";"";"";"Force Doigts"
"21";"2025-03-24 09:25:58";"Force Doigts";"4566";"Force Doigts Crimp";"5";"40.0";"2";"";"";"";"";"Force Doigts"
"21";"2025-03-24 09:25:58";"Force Doigts";"4566";"Force Doigts Crimp";"1";"42.0";"5";"";"";"";"";"Force Doigts"
"21";"2025-03-24 09:25:58";"Force Doigts";"4566";"Force Doigts Crimp";"2";"42.0";"4";"";"";"";"";"Force Doigts"
"21";"2025-03-24 09:25:58";"Force Doigts";"4566";"Force Doigts Crimp";"3";"42.0";"4";"";"";"";"";"Force Doigts"
"21";"2025-03-24 09:25:58";"Force Doigts";"4566";"Force Doigts Crimp";"4";"42.0";"3";"";"";"";"";"Force Doigts"
"21";"2025-03-24 09:25:58";"Force Doigts";"4566";"Force Doigts Crimp";"5";"42.0";"3";"";"";"";"";"Force Doigts"
"21";"2025-03-24 09:25:58";"Force Doigts";"4566";"Force Doigts 3 finger drag";"1";"34.0";"3";"";"";"";"";"Force Doigts"
"21";"2025-03-24 09:25:58";"Force Doigts";"4566";"Force Doigts 3 finger drag";"2";"34.0";"3";"";"";"";"";"Force Doigts"
"21";"2025-03-24 09:25:58";"Force Doigts";"4566";"Force Doigts 3 finger drag";"3";"34.0";"2";"";"";"";"";"Force Doigts"
"21";"2025-03-24 09:25:58";"Force Doigts";"4566";"Force Doigts 3 finger drag";"4";"34.0";"3";"";"";"";"";"Force Doigts"
"21";"2025-03-24 09:25:58";"Force Doigts";"4566";"Force Doigts 3 finger drag";"1";"34.0";"4";"";"";"";"";"Force Doigts"
"21";"2025-03-24 09:25:58";"Force Doigts";"4566";"Force Doigts 3 finger drag";"2";"34.0";"3";"";"";"";"";"Force Doigts"
"21";"2025-03-24 09:25:58";"Force Doigts";"4566";"Force Doigts 3 finger drag";"3";"34.0";"4";"";"";"";"";"Force Doigts"
"21";"2025-03-24 09:25:58";"Force Doigts";"4566";"Force Doigts 3 finger drag";"4";"34.0";"4";"";"";"";"";"Force Doigts"
"21";"2025-03-24 09:25:58";"Force Doigts";"4566";"Force Doigts Pinch";"1";"21.0";"4";"";"";"";"";"Force Doigts"
"21";"2025-03-24 09:25:58";"Force Doigts";"4566";"Force Doigts Pinch";"2";"21.0";"4";"";"";"";"";"Force Doigts"
"21";"2025-03-24 09:25:58";"Force Doigts";"4566";"Force Doigts Pinch";"3";"21.0";"4";"";"";"";"";"Force Doigts"
"21";"2025-03-24 09:25:58";"Force Doigts";"4566";"Force Doigts Pinch";"1";"21.0";"4";"";"";"";"";"Force Doigts"
"21";"2025-03-24 09:25:58";"Force Doigts";"4566";"Force Doigts Pinch";"2";"21.0";"3";"";"";"";"";"Force Doigts"
"21";"2025-03-24 09:25:58";"Force Doigts";"4566";"Force Doigts Pinch";"3";"21.0";"3";"";"";"";"";"Force Doigts"
"21";"2025-03-24 09:25:58";"Force Doigts";"4566";"Force Doigts Sloper";"1";"15.0";"5";"";"";"";"";"Force Doigts"
"21";"2025-03-24 09:25:58";"Force Doigts";"4566";"Force Doigts Sloper";"2";"15.0";"5";"";"";"";"";"Force Doigts"
"21";"2025-03-24 09:25:58";"Force Doigts";"4566";"Force Doigts Sloper";"3";"15.0";"5";"";"";"";"";"Force Doigts"
"21";"2025-03-24 09:25:58";"Force Doigts";"4566";"Force Doigts Sloper";"1";"15.0";"5";"";"";"";"";"Force Doigts"
"21";"2025-03-24 09:25:58";"Force Doigts";"4566";"Force Doigts Sloper";"2";"15.0";"5";"";"";"";"";"Force Doigts"
"21";"2025-03-24 09:25:58";"Force Doigts";"4566";"Force Doigts Sloper";"3";"15.0";"5";"";"";"";"";"Force Doigts"
"22";"2025-03-24 10:42:16";"Muscu";"1634";"Pull Up";"W";"0.0";"7";"";"";"";"";""
"22";"2025-03-24 10:42:16";"Muscu";"1634";"Pull Up";"1";"10.0";"5";"";"";"";"";""
"22";"2025-03-24 10:42:16";"Muscu";"1634";"Pull Up";"2";"10.0";"5";"";"";"";"";""
"22";"2025-03-24 10:42:16";"Muscu";"1634";"Pull Up";"3";"10.0";"5";"";"";"";"";""
"22";"2025-03-24 10:42:16";"Muscu";"1634";"Handstand Push Up";"Note";"";"";"";"";"";"Table ";""
"22";"2025-03-24 10:42:16";"Muscu";"1634";"Handstand Push Up";"1";"0.0";"5";"";"";"";"";""
"22";"2025-03-24 10:42:16";"Muscu";"1634";"Handstand Push Up";"2";"0.0";"5";"";"";"";"";""
"22";"2025-03-24 10:42:16";"Muscu";"1634";"Handstand Push Up";"3";"0.0";"4";"";"";"";"";""
"22";"2025-03-24 10:42:16";"Muscu";"1634";"Hanging Knee Raise";"1";"";"3";"";"";"";"";""
"22";"2025-03-24 10:42:16";"Muscu";"1634";"Hanging Knee Raise";"2";"";"3";"";"";"";"";""
"22";"2025-03-24 10:42:16";"Muscu";"1634";"Hanging Knee Raise";"3";"";"3";"";"";"";"";""
"22";"2025-03-24 10:42:16";"Muscu";"1634";"Push Up";"Note";"";"";"";"";"";"One arm on chair";""
"22";"2025-03-24 10:42:16";"Muscu";"1634";"Push Up";"1";"0.0";"5";"";"";"";"";""
"22";"2025-03-24 10:42:16";"Muscu";"1634";"Push Up";"2";"0.0";"4";"";"";"";"";""
"22";"2025-03-24 10:42:16";"Muscu";"1634";"Push Up";"Note";"";"";"";"";"";"One arm on chair";""
"22";"2025-03-24 10:42:16";"Muscu";"1634";"Push Up";"1";"0.0";"5";"";"";"";"";""
"22";"2025-03-24 10:42:16";"Muscu";"1634";"Push Up";"2";"0.0";"5";"";"";"";"";""
"23";"2025-03-27 10:11:58";"Force Doigts";"4247";"Pyramide échauffement doigts";"1";"40.0";"5";"";"";"";"";"Force Doigts"
"23";"2025-03-27 10:11:58";"Force Doigts";"4247";"Pyramide échauffement doigts";"2";"40.0";"5";"";"";"";"";"Force Doigts"
"23";"2025-03-27 10:11:58";"Force Doigts";"4247";"Force Doigts Crimp";"1";"40.0";"5";"";"";"";"";"Force Doigts"
"23";"2025-03-27 10:11:58";"Force Doigts";"4247";"Force Doigts Crimp";"2";"40.0";"5";"";"";"";"";"Force Doigts"
"23";"2025-03-27 10:11:58";"Force Doigts";"4247";"Force Doigts Crimp";"3";"40.0";"5";"";"";"";"";"Force Doigts"
"23";"2025-03-27 10:11:58";"Force Doigts";"4247";"Force Doigts Crimp";"4";"40.0";"5";"";"";"";"";"Force Doigts"
"23";"2025-03-27 10:11:58";"Force Doigts";"4247";"Force Doigts Crimp";"5";"40.0";"5";"";"";"";"";"Force Doigts"
"23";"2025-03-27 10:11:58";"Force Doigts";"4247";"Force Doigts Crimp";"1";"42.0";"5";"";"";"";"";"Force Doigts"
"23";"2025-03-27 10:11:58";"Force Doigts";"4247";"Force Doigts Crimp";"2";"42.0";"5";"";"";"";"";"Force Doigts"
"23";"2025-03-27 10:11:58";"Force Doigts";"4247";"Force Doigts Crimp";"3";"42.0";"5";"";"";"";"";"Force Doigts"
"23";"2025-03-27 10:11:58";"Force Doigts";"4247";"Force Doigts Crimp";"4";"42.0";"5";"";"";"";"";"Force Doigts"
"23";"2025-03-27 10:11:58";"Force Doigts";"4247";"Force Doigts Crimp";"5";"42.0";"5";"";"";"";"";"Force Doigts"
"23";"2025-03-27 10:11:58";"Force Doigts";"4247";"Force Doigts 3 finger drag";"1";"34.0";"5";"";"";"";"";"Force Doigts"
"23";"2025-03-27 10:11:58";"Force Doigts";"4247";"Force Doigts 3 finger drag";"2";"34.0";"5";"";"";"";"";"Force Doigts"
"23";"2025-03-27 10:11:58";"Force Doigts";"4247";"Force Doigts 3 finger drag";"3";"34.0";"5";"";"";"";"";"Force Doigts"
"23";"2025-03-27 10:11:58";"Force Doigts";"4247";"Force Doigts 3 finger drag";"4";"34.0";"5";"";"";"";"";"Force Doigts"
"23";"2025-03-27 10:11:58";"Force Doigts";"4247";"Force Doigts 3 finger drag";"1";"34.0";"5";"";"";"";"";"Force Doigts"
"23";"2025-03-27 10:11:58";"Force Doigts";"4247";"Force Doigts 3 finger drag";"2";"34.0";"5";"";"";"";"";"Force Doigts"
"23";"2025-03-27 10:11:58";"Force Doigts";"4247";"Force Doigts 3 finger drag";"3";"34.0";"5";"";"";"";"";"Force Doigts"
"23";"2025-03-27 10:11:58";"Force Doigts";"4247";"Force Doigts 3 finger drag";"4";"34.0";"5";"";"";"";"";"Force Doigts"
"23";"2025-03-27 10:11:58";"Force Doigts";"4247";"Force Doigts Pinch";"1";"21.0";"4";"";"";"";"";"Force Doigts"
"23";"2025-03-27 10:11:58";"Force Doigts";"4247";"Force Doigts Pinch";"2";"21.0";"3";"";"";"";"";"Force Doigts"
"23";"2025-03-27 10:11:58";"Force Doigts";"4247";"Force Doigts Pinch";"3";"21.0";"3";"";"";"";"";"Force Doigts"
"23";"2025-03-27 10:11:58";"Force Doigts";"4247";"Force Doigts Pinch";"1";"21.0";"4";"";"";"";"";"Force Doigts"
"23";"2025-03-27 10:11:58";"Force Doigts";"4247";"Force Doigts Pinch";"2";"21.0";"3";"";"";"";"";"Force Doigts"
"23";"2025-03-27 10:11:58";"Force Doigts";"4247";"Force Doigts Pinch";"3";"21.0";"3";"";"";"";"";"Force Doigts"
"23";"2025-03-27 10:11:58";"Force Doigts";"4247";"Force Doigts Sloper";"1";"15.0";"5";"";"";"";"";"Force Doigts"
"23";"2025-03-27 10:11:58";"Force Doigts";"4247";"Force Doigts Sloper";"2";"15.0";"5";"";"";"";"";"Force Doigts"
"23";"2025-03-27 10:11:58";"Force Doigts";"4247";"Force Doigts Sloper";"3";"15.0";"5";"";"";"";"";"Force Doigts"
"23";"2025-03-27 10:11:58";"Force Doigts";"4247";"Force Doigts Sloper";"1";"15.0";"5";"";"";"";"";"Force Doigts"
"23";"2025-03-27 10:11:58";"Force Doigts";"4247";"Force Doigts Sloper";"2";"15.0";"5";"";"";"";"";"Force Doigts"
"23";"2025-03-27 10:11:58";"Force Doigts";"4247";"Force Doigts Sloper";"3";"15.0";"5";"";"";"";"";"Force Doigts"
"24";"2025-04-03 12:21:55";"Rési doigts";"1954";"Pyramide échauffement doigts";"1";"40.0";"5";"";"";"";"";""
"24";"2025-04-03 12:21:55";"Rési doigts";"1954";"Pyramide échauffement doigts";"2";"40.0";"5";"";"";"";"";""
"24";"2025-04-03 12:21:55";"Rési doigts";"1954";"Rési Doigts";"1";"22.0";"5";"";"";"";"";""
"24";"2025-04-03 12:21:55";"Rési doigts";"1954";"Rési Doigts";"2";"22.0";"5";"";"";"";"";""
"25";"2025-04-29 15:32:42";"Rési doigts";"10472";"Pyramide échauffement doigts";"1";"40.0";"4";"";"";"";"";""
"25";"2025-04-29 15:32:42";"Rési doigts";"10472";"Pyramide échauffement doigts";"2";"40.0";"5";"";"";"";"";""
"25";"2025-04-29 15:32:42";"Rési doigts";"10472";"Rési Doigts";"1";"22.0";"2";"";"";"";"";""
"25";"2025-04-29 15:32:42";"Rési doigts";"10472";"Rési Doigts";"2";"22.0";"2";"";"";"";"";""
"26";"2025-05-04 16:21:07";"Force Doigts";"3742";"Pyramide échauffement doigts";"1";"40.0";"5";"";"";"";"";"Force Doigts"
"26";"2025-05-04 16:21:07";"Force Doigts";"3742";"Pyramide échauffement doigts";"2";"40.0";"5";"";"";"";"";"Force Doigts"
"26";"2025-05-04 16:21:07";"Force Doigts";"3742";"Force Doigts Crimp";"1";"40.0";"5";"";"";"";"";"Force Doigts"
"26";"2025-05-04 16:21:07";"Force Doigts";"3742";"Force Doigts Crimp";"2";"40.0";"5";"";"";"";"";"Force Doigts"
"26";"2025-05-04 16:21:07";"Force Doigts";"3742";"Force Doigts Crimp";"3";"40.0";"5";"";"";"";"";"Force Doigts"
"26";"2025-05-04 16:21:07";"Force Doigts";"3742";"Force Doigts Crimp";"4";"40.0";"4";"";"";"";"";"Force Doigts"
"26";"2025-05-04 16:21:07";"Force Doigts";"3742";"Force Doigts Crimp";"5";"40.0";"4";"";"";"";"";"Force Doigts"
"26";"2025-05-04 16:21:07";"Force Doigts";"3742";"Force Doigts Crimp";"1";"42.0";"5";"";"";"";"";"Force Doigts"
"26";"2025-05-04 16:21:07";"Force Doigts";"3742";"Force Doigts Crimp";"2";"42.0";"5";"";"";"";"";"Force Doigts"
"26";"2025-05-04 16:21:07";"Force Doigts";"3742";"Force Doigts Crimp";"3";"42.0";"5";"";"";"";"";"Force Doigts"
"26";"2025-05-04 16:21:07";"Force Doigts";"3742";"Force Doigts Crimp";"4";"42.0";"5";"";"";"";"";"Force Doigts"
"26";"2025-05-04 16:21:07";"Force Doigts";"3742";"Force Doigts Crimp";"5";"42.0";"5";"";"";"";"";"Force Doigts"
"26";"2025-05-04 16:21:07";"Force Doigts";"3742";"Force Doigts 3 finger drag";"1";"34.0";"4";"";"";"";"";"Force Doigts"
"26";"2025-05-04 16:21:07";"Force Doigts";"3742";"Force Doigts 3 finger drag";"2";"34.0";"4";"";"";"";"";"Force Doigts"
"26";"2025-05-04 16:21:07";"Force Doigts";"3742";"Force Doigts 3 finger drag";"3";"34.0";"4";"";"";"";"";"Force Doigts"
"26";"2025-05-04 16:21:07";"Force Doigts";"3742";"Force Doigts 3 finger drag";"4";"34.0";"5";"";"";"";"";"Force Doigts"
"26";"2025-05-04 16:21:07";"Force Doigts";"3742";"Force Doigts 3 finger drag";"1";"34.0";"5";"";"";"";"";"Force Doigts"
"26";"2025-05-04 16:21:07";"Force Doigts";"3742";"Force Doigts 3 finger drag";"2";"34.0";"5";"";"";"";"";"Force Doigts"
"26";"2025-05-04 16:21:07";"Force Doigts";"3742";"Force Doigts 3 finger drag";"3";"34.0";"5";"";"";"";"";"Force Doigts"
"26";"2025-05-04 16:21:07";"Force Doigts";"3742";"Force Doigts 3 finger drag";"4";"34.0";"5";"";"";"";"";"Force Doigts"
"26";"2025-05-04 16:21:07";"Force Doigts";"3742";"Force Doigts Pinch";"1";"20.0";"5";"";"";"";"";"Force Doigts"
"26";"2025-05-04 16:21:07";"Force Doigts";"3742";"Force Doigts Pinch";"2";"20.0";"5";"";"";"";"";"Force Doigts"
"26";"2025-05-04 16:21:07";"Force Doigts";"3742";"Force Doigts Pinch";"3";"20.0";"5";"";"";"";"";"Force Doigts"
"26";"2025-05-04 16:21:07";"Force Doigts";"3742";"Force Doigts Pinch";"1";"20.0";"5";"";"";"";"";"Force Doigts"
"26";"2025-05-04 16:21:07";"Force Doigts";"3742";"Force Doigts Pinch";"2";"20.0";"5";"";"";"";"";"Force Doigts"
"26";"2025-05-04 16:21:07";"Force Doigts";"3742";"Force Doigts Pinch";"3";"20.0";"5";"";"";"";"";"Force Doigts"
"26";"2025-05-04 16:21:07";"Force Doigts";"3742";"Force Doigts Sloper";"1";"15.0";"5";"";"";"";"";"Force Doigts"
"26";"2025-05-04 16:21:07";"Force Doigts";"3742";"Force Doigts Sloper";"2";"15.0";"5";"";"";"";"";"Force Doigts"
"26";"2025-05-04 16:21:07";"Force Doigts";"3742";"Force Doigts Sloper";"3";"15.0";"5";"";"";"";"";"Force Doigts"
"26";"2025-05-04 16:21:07";"Force Doigts";"3742";"Force Doigts Sloper";"1";"15.0";"5";"";"";"";"";"Force Doigts"
"26";"2025-05-04 16:21:07";"Force Doigts";"3742";"Force Doigts Sloper";"2";"15.0";"5";"";"";"";"";"Force Doigts"
"26";"2025-05-04 16:21:07";"Force Doigts";"3742";"Force Doigts Sloper";"3";"15.0";"5";"";"";"";"";"Force Doigts"
"27";"2025-05-28 13:02:48";"Force Doigts";"2216";"Pyramide échauffement doigts";"1";"40.0";"3";"";"";"";"";"Force Doigts"
"27";"2025-05-28 13:02:48";"Force Doigts";"2216";"Pyramide échauffement doigts";"2";"40.0";"4";"";"";"";"";"Force Doigts"
"27";"2025-05-28 13:02:48";"Force Doigts";"2216";"Force Doigts Crimp";"1";"40.0";"2";"";"";"";"";"Force Doigts"
"27";"2025-05-28 13:02:48";"Force Doigts";"2216";"Force Doigts Crimp";"2";"38.0";"5";"";"";"";"";"Force Doigts"
"27";"2025-05-28 13:02:48";"Force Doigts";"2216";"Force Doigts Crimp";"3";"38.0";"5";"";"";"";"";"Force Doigts"
"27";"2025-05-28 13:02:48";"Force Doigts";"2216";"Force Doigts Crimp";"4";"38.0";"5";"";"";"";"";"Force Doigts"
"27";"2025-05-28 13:02:48";"Force Doigts";"2216";"Force Doigts Crimp";"5";"38.0";"5";"";"";"";"";"Force Doigts"
"27";"2025-05-28 13:02:48";"Force Doigts";"2216";"Force Doigts Crimp";"1";"40.0";"4";"";"";"";"";"Force Doigts"
"27";"2025-05-28 13:02:48";"Force Doigts";"2216";"Force Doigts Crimp";"2";"40.0";"5";"";"";"";"";"Force Doigts"
"27";"2025-05-28 13:02:48";"Force Doigts";"2216";"Force Doigts Crimp";"3";"40.0";"5";"";"";"";"";"Force Doigts"
"27";"2025-05-28 13:02:48";"Force Doigts";"2216";"Force Doigts Crimp";"4";"40.0";"5";"";"";"";"";"Force Doigts"
"27";"2025-05-28 13:02:48";"Force Doigts";"2216";"Force Doigts Crimp";"5";"40.0";"5";"";"";"";"";"Force Doigts"
"28";"2025-06-02 10:35:05";"Force Doigts";"4183";"Pyramide échauffement doigts";"1";"40.0";"5";"";"";"";"";"Force Doigts"
"28";"2025-06-02 10:35:05";"Force Doigts";"4183";"Pyramide échauffement doigts";"2";"40.0";"5";"";"";"";"";"Force Doigts"
"28";"2025-06-02 10:35:05";"Force Doigts";"4183";"Force Doigts Crimp";"1";"40.0";"5";"";"";"";"";"Force Doigts"
"28";"2025-06-02 10:35:05";"Force Doigts";"4183";"Force Doigts Crimp";"2";"40.0";"5";"";"";"";"";"Force Doigts"
"28";"2025-06-02 10:35:05";"Force Doigts";"4183";"Force Doigts Crimp";"3";"40.0";"4";"";"";"";"";"Force Doigts"
"28";"2025-06-02 10:35:05";"Force Doigts";"4183";"Force Doigts Crimp";"4";"40.0";"4";"";"";"";"";"Force Doigts"
"28";"2025-06-02 10:35:05";"Force Doigts";"4183";"Force Doigts Crimp";"5";"40.0";"3";"";"";"";"";"Force Doigts"
"28";"2025-06-02 10:35:05";"Force Doigts";"4183";"Force Doigts Crimp";"1";"42.0";"5";"";"";"";"";"Force Doigts"
"28";"2025-06-02 10:35:05";"Force Doigts";"4183";"Force Doigts Crimp";"2";"42.0";"5";"";"";"";"";"Force Doigts"
"28";"2025-06-02 10:35:05";"Force Doigts";"4183";"Force Doigts Crimp";"3";"42.0";"5";"";"";"";"";"Force Doigts"
"28";"2025-06-02 10:35:05";"Force Doigts";"4183";"Force Doigts Crimp";"4";"42.0";"5";"";"";"";"";"Force Doigts"
"28";"2025-06-02 10:35:05";"Force Doigts";"4183";"Force Doigts Crimp";"5";"42.0";"4";"";"";"";"";"Force Doigts"
"28";"2025-06-02 10:35:05";"Force Doigts";"4183";"Force Doigts 3 finger drag";"1";"34.0";"4";"";"";"";"";"Force Doigts"
"28";"2025-06-02 10:35:05";"Force Doigts";"4183";"Force Doigts 3 finger drag";"2";"34.0";"3";"";"";"";"";"Force Doigts"
"28";"2025-06-02 10:35:05";"Force Doigts";"4183";"Force Doigts 3 finger drag";"3";"34.0";"4";"";"";"";"";"Force Doigts"
"28";"2025-06-02 10:35:05";"Force Doigts";"4183";"Force Doigts 3 finger drag";"4";"34.0";"4";"";"";"";"";"Force Doigts"
"28";"2025-06-02 10:35:05";"Force Doigts";"4183";"Force Doigts 3 finger drag";"1";"34.0";"4";"";"";"";"";"Force Doigts"
"28";"2025-06-02 10:35:05";"Force Doigts";"4183";"Force Doigts 3 finger drag";"2";"34.0";"3";"";"";"";"";"Force Doigts"
"28";"2025-06-02 10:35:05";"Force Doigts";"4183";"Force Doigts 3 finger drag";"3";"34.0";"4";"";"";"";"";"Force Doigts"
"28";"2025-06-02 10:35:05";"Force Doigts";"4183";"Force Doigts 3 finger drag";"4";"34.0";"4";"";"";"";"";"Force Doigts"
"28";"2025-06-02 10:35:05";"Force Doigts";"4183";"Force Doigts Pinch";"1";"20.0";"4";"";"";"";"";"Force Doigts"
"28";"2025-06-02 10:35:05";"Force Doigts";"4183";"Force Doigts Pinch";"2";"20.0";"3";"";"";"";"";"Force Doigts"
"28";"2025-06-02 10:35:05";"Force Doigts";"4183";"Force Doigts Pinch";"3";"20.0";"3";"";"";"";"";"Force Doigts"
"28";"2025-06-02 10:35:05";"Force Doigts";"4183";"Force Doigts Pinch";"1";"20.0";"5";"";"";"";"";"Force Doigts"
"28";"2025-06-02 10:35:05";"Force Doigts";"4183";"Force Doigts Pinch";"2";"20.0";"4";"";"";"";"";"Force Doigts"
"28";"2025-06-02 10:35:05";"Force Doigts";"4183";"Force Doigts Pinch";"3";"20.0";"3";"";"";"";"";"Force Doigts"
"28";"2025-06-02 10:35:05";"Force Doigts";"4183";"Force Doigts Sloper";"1";"15.0";"5";"";"";"";"";"Force Doigts"
"28";"2025-06-02 10:35:05";"Force Doigts";"4183";"Force Doigts Sloper";"2";"15.0";"5";"";"";"";"";"Force Doigts"
"28";"2025-06-02 10:35:05";"Force Doigts";"4183";"Force Doigts Sloper";"3";"15.0";"5";"";"";"";"";"Force Doigts"
"28";"2025-06-02 10:35:05";"Force Doigts";"4183";"Force Doigts Sloper";"1";"15.0";"5";"";"";"";"";"Force Doigts"
"28";"2025-06-02 10:35:05";"Force Doigts";"4183";"Force Doigts Sloper";"2";"15.0";"5";"";"";"";"";"Force Doigts"
"28";"2025-06-02 10:35:05";"Force Doigts";"4183";"Force Doigts Sloper";"3";"15.0";"5";"";"";"";"";"Force Doigts"
"29";"2025-06-02 11:50:37";"Muscu";"4416";"Pull Up";"W";"10.0";"7";"";"";"";"";""
"29";"2025-06-02 11:50:37";"Muscu";"4416";"Pull Up";"1";"15.0";"5";"";"";"";"";""
"29";"2025-06-02 11:50:37";"Muscu";"4416";"Pull Up";"2";"15.0";"4";"";"";"";"";""
"29";"2025-06-02 11:50:37";"Muscu";"4416";"Pull Up";"3";"15.0";"4";"";"";"";"";""
"29";"2025-06-02 11:50:37";"Muscu";"4416";"Handstand Push Up";"Note";"";"";"";"";"";"Table";""
"29";"2025-06-02 11:50:37";"Muscu";"4416";"Handstand Push Up";"1";"0.0";"5";"";"";"";"";""
"29";"2025-06-02 11:50:37";"Muscu";"4416";"Handstand Push Up";"2";"0.0";"3";"";"";"";"";""
"29";"2025-06-02 11:50:37";"Muscu";"4416";"Handstand Push Up";"3";"0.0";"2";"";"";"";"";""
"29";"2025-06-02 11:50:37";"Muscu";"4416";"Hanging Knee Raise";"1";"";"3";"";"";"";"";""
"29";"2025-06-02 11:50:37";"Muscu";"4416";"Hanging Knee Raise";"2";"";"3";"";"";"";"";""
"29";"2025-06-02 11:50:37";"Muscu";"4416";"Hanging Knee Raise";"3";"";"2";"";"";"";"";""
"29";"2025-06-02 11:50:37";"Muscu";"4416";"Push Up";"Note";"";"";"";"";"";"One arm aid";""
"29";"2025-06-02 11:50:37";"Muscu";"4416";"Push Up";"1";"0.0";"5";"";"";"";"";""
"29";"2025-06-02 11:50:37";"Muscu";"4416";"Push Up";"2";"0.0";"5";"";"";"";"";""
"29";"2025-06-02 11:50:37";"Muscu";"4416";"Push Up";"3";"0.0";"5";"";"";"";"";""
"29";"2025-06-02 11:50:37";"Muscu";"4416";"Push Up";"Note";"";"";"";"";"";"One arm aid";""
"29";"2025-06-02 11:50:37";"Muscu";"4416";"Push Up";"1";"0.0";"4";"";"";"";"";""
"29";"2025-06-02 11:50:37";"Muscu";"4416";"Push Up";"2";"0.0";"4";"";"";"";"";""
"29";"2025-06-02 11:50:37";"Muscu";"4416";"Push Up";"3";"0.0";"3";"";"";"";"";""
"29";"2025-06-02 11:50:37";"Muscu";"4416";"Chest Dip";"1";"0.0";"5";"";"";"";"";""
"29";"2025-06-02 11:50:37";"Muscu";"4416";"Chest Dip";"2";"0.0";"3";"";"";"";"";""
"30";"2025-06-05 10:53:31";"Force Doigts";"4206";"Pyramide échauffement doigts";"1";"40.0";"3";"";"";"";"";"Force Doigts fatigué "
"30";"2025-06-05 10:53:31";"Force Doigts";"4206";"Pyramide échauffement doigts";"2";"40.0";"4";"";"";"";"";"Force Doigts fatigué "
"30";"2025-06-05 10:53:31";"Force Doigts";"4206";"Force Doigts Crimp";"1";"38.0";"5";"";"";"";"";"Force Doigts fatigué "
"30";"2025-06-05 10:53:31";"Force Doigts";"4206";"Force Doigts Crimp";"2";"37.0";"5";"";"";"";"";"Force Doigts fatigué "
"30";"2025-06-05 10:53:31";"Force Doigts";"4206";"Force Doigts Crimp";"3";"37.0";"5";"";"";"";"";"Force Doigts fatigué "
"30";"2025-06-05 10:53:31";"Force Doigts";"4206";"Force Doigts Crimp";"4";"37.0";"4";"";"";"";"";"Force Doigts fatigué "
"30";"2025-06-05 10:53:31";"Force Doigts";"4206";"Force Doigts Crimp";"1";"38.0";"5";"";"";"";"";"Force Doigts fatigué "
"30";"2025-06-05 10:53:31";"Force Doigts";"4206";"Force Doigts Crimp";"2";"38.0";"5";"";"";"";"";"Force Doigts fatigué "
"30";"2025-06-05 10:53:31";"Force Doigts";"4206";"Force Doigts Crimp";"3";"38.0";"5";"";"";"";"";"Force Doigts fatigué "
"30";"2025-06-05 10:53:31";"Force Doigts";"4206";"Force Doigts Crimp";"4";"38.0";"5";"";"";"";"";"Force Doigts fatigué "
"31";"2025-06-10 11:02:31";"Force Doigts";"5446";"Pyramide échauffement doigts";"1";"40.0";"4";"";"";"";"";"Force Doigts"
"31";"2025-06-10 11:02:31";"Force Doigts";"5446";"Pyramide échauffement doigts";"2";"40.0";"5";"";"";"";"";"Force Doigts"
"31";"2025-06-10 11:02:31";"Force Doigts";"5446";"Force Doigts Crimp";"1";"40.0";"4";"";"";"";"";"Force Doigts"
"31";"2025-06-10 11:02:31";"Force Doigts";"5446";"Force Doigts Crimp";"2";"40.0";"3";"";"";"";"";"Force Doigts"
"31";"2025-06-10 11:02:31";"Force Doigts";"5446";"Force Doigts Crimp";"3";"40.0";"4";"";"";"";"";"Force Doigts"
"31";"2025-06-10 11:02:31";"Force Doigts";"5446";"Force Doigts Crimp";"4";"40.0";"3";"";"";"";"";"Force Doigts"
"31";"2025-06-10 11:02:31";"Force Doigts";"5446";"Force Doigts Crimp";"5";"40.0";"3";"";"";"";"";"Force Doigts"
"31";"2025-06-10 11:02:31";"Force Doigts";"5446";"Force Doigts Crimp";"1";"42.0";"4";"";"";"";"";"Force Doigts"
"31";"2025-06-10 11:02:31";"Force Doigts";"5446";"Force Doigts Crimp";"2";"42.0";"3";"";"";"";"";"Force Doigts"
"31";"2025-06-10 11:02:31";"Force Doigts";"5446";"Force Doigts Crimp";"3";"42.0";"4";"";"";"";"";"Force Doigts"
"31";"2025-06-10 11:02:31";"Force Doigts";"5446";"Force Doigts Crimp";"4";"42.0";"4";"";"";"";"";"Force Doigts"
"31";"2025-06-10 11:02:31";"Force Doigts";"5446";"Force Doigts Crimp";"5";"42.0";"3";"";"";"";"";"Force Doigts"
"31";"2025-06-10 11:02:31";"Force Doigts";"5446";"Force Doigts 3 finger drag";"1";"34.0";"5";"";"";"";"";"Force Doigts"
"31";"2025-06-10 11:02:31";"Force Doigts";"5446";"Force Doigts 3 finger drag";"2";"34.0";"4";"";"";"";"";"Force Doigts"
"31";"2025-06-10 11:02:31";"Force Doigts";"5446";"Force Doigts 3 finger drag";"3";"34.0";"4";"";"";"";"";"Force Doigts"
"31";"2025-06-10 11:02:31";"Force Doigts";"5446";"Force Doigts 3 finger drag";"4";"34.0";"2";"";"";"";"";"Force Doigts"
"31";"2025-06-10 11:02:31";"Force Doigts";"5446";"Force Doigts 3 finger drag";"1";"34.0";"4";"";"";"";"";"Force Doigts"
"31";"2025-06-10 11:02:31";"Force Doigts";"5446";"Force Doigts 3 finger drag";"2";"34.0";"4";"";"";"";"";"Force Doigts"
"31";"2025-06-10 11:02:31";"Force Doigts";"5446";"Force Doigts 3 finger drag";"3";"34.0";"4";"";"";"";"";"Force Doigts"
"31";"2025-06-10 11:02:31";"Force Doigts";"5446";"Force Doigts 3 finger drag";"4";"34.0";"4";"";"";"";"";"Force Doigts"
"31";"2025-06-10 11:02:31";"Force Doigts";"5446";"Force Doigts Pinch";"1";"20.0";"5";"";"";"";"";"Force Doigts"
"31";"2025-06-10 11:02:31";"Force Doigts";"5446";"Force Doigts Pinch";"2";"20.0";"4";"";"";"";"";"Force Doigts"
"31";"2025-06-10 11:02:31";"Force Doigts";"5446";"Force Doigts Pinch";"3";"20.0";"4";"";"";"";"";"Force Doigts"
"31";"2025-06-10 11:02:31";"Force Doigts";"5446";"Force Doigts Pinch";"1";"20.0";"5";"";"";"";"";"Force Doigts"
"31";"2025-06-10 11:02:31";"Force Doigts";"5446";"Force Doigts Pinch";"2";"20.0";"5";"";"";"";"";"Force Doigts"
"31";"2025-06-10 11:02:31";"Force Doigts";"5446";"Force Doigts Pinch";"3";"20.0";"7";"";"";"";"";"Force Doigts"
"31";"2025-06-10 11:02:31";"Force Doigts";"5446";"Force Doigts Sloper";"1";"15.0";"5";"";"";"";"";"Force Doigts"
"31";"2025-06-10 11:02:31";"Force Doigts";"5446";"Force Doigts Sloper";"2";"15.0";"5";"";"";"";"";"Force Doigts"
"31";"2025-06-10 11:02:31";"Force Doigts";"5446";"Force Doigts Sloper";"3";"15.0";"5";"";"";"";"";"Force Doigts"
"31";"2025-06-10 11:02:31";"Force Doigts";"5446";"Force Doigts Sloper";"1";"15.0";"5";"";"";"";"";"Force Doigts"
"31";"2025-06-10 11:02:31";"Force Doigts";"5446";"Force Doigts Sloper";"2";"15.0";"5";"";"";"";"";"Force Doigts"
"31";"2025-06-10 11:02:31";"Force Doigts";"5446";"Force Doigts Sloper";"3";"15.0";"5";"";"";"";"";"Force Doigts"
"32";"2025-06-10 12:38:23";"Muscu";"2055";"Pull Up";"W";"10.0";"7";"";"";"";"";""
"32";"2025-06-10 12:38:23";"Muscu";"2055";"Pull Up";"1";"15.0";"5";"";"";"";"";""
"32";"2025-06-10 12:38:23";"Muscu";"2055";"Pull Up";"2";"15.0";"5";"";"";"";"";""
"32";"2025-06-10 12:38:23";"Muscu";"2055";"Pull Up";"3";"15.0";"4";"";"";"";"";""
"32";"2025-06-10 12:38:23";"Muscu";"2055";"Handstand Push Up";"Note";"";"";"";"";"";"on chair";""
"32";"2025-06-10 12:38:23";"Muscu";"2055";"Handstand Push Up";"1";"0.0";"5";"";"";"";"";""
"32";"2025-06-10 12:38:23";"Muscu";"2055";"Handstand Push Up";"2";"0.0";"5";"";"";"";"";""
"32";"2025-06-10 12:38:23";"Muscu";"2055";"Handstand Push Up";"3";"0.0";"4";"";"";"";"";""
"32";"2025-06-10 12:38:23";"Muscu";"2055";"Hanging Knee Raise";"1";"";"5";"";"";"";"";""
"32";"2025-06-10 12:38:23";"Muscu";"2055";"Hanging Knee Raise";"2";"";"3";"";"";"";"";""
"32";"2025-06-10 12:38:23";"Muscu";"2055";"Hanging Knee Raise";"3";"";"3";"";"";"";"";""
"32";"2025-06-10 12:38:23";"Muscu";"2055";"Push Up";"Note";"";"";"";"";"";"Floor assisted ";""
"32";"2025-06-10 12:38:23";"Muscu";"2055";"Push Up";"1";"0.0";"5";"";"";"";"";""
"32";"2025-06-10 12:38:23";"Muscu";"2055";"Push Up";"2";"0.0";"4";"";"";"";"";""
"32";"2025-06-10 12:38:23";"Muscu";"2055";"Push Up";"3";"0.0";"0";"";"";"";"";""
"32";"2025-06-10 12:38:23";"Muscu";"2055";"Push Up";"Note";"";"";"";"";"";"Floor assisted";""
"32";"2025-06-10 12:38:23";"Muscu";"2055";"Push Up";"1";"0.0";"5";"";"";"";"";""
"32";"2025-06-10 12:38:23";"Muscu";"2055";"Push Up";"2";"0.0";"4";"";"";"";"";""
"32";"2025-06-10 12:38:23";"Muscu";"2055";"Push Up";"3";"0.0";"0";"";"";"";"";""
"33";"2025-06-13 10:48:54";"Force Doigts";"2094";"Pyramide échauffement doigts";"1";"40.0";"3";"";"";"";"";"Force Doigts"
"33";"2025-06-13 10:48:54";"Force Doigts";"2094";"Pyramide échauffement doigts";"2";"40.0";"5";"";"";"";"";"Force Doigts"
"33";"2025-06-13 10:48:54";"Force Doigts";"2094";"Force Doigts Crimp";"1";"40.0";"3";"";"";"";"";"Force Doigts"
"33";"2025-06-13 10:48:54";"Force Doigts";"2094";"Force Doigts Crimp";"2";"40.0";"3";"";"";"";"";"Force Doigts"
"33";"2025-06-13 10:48:54";"Force Doigts";"2094";"Force Doigts Crimp";"3";"40.0";"3";"";"";"";"";"Force Doigts"
"33";"2025-06-13 10:48:54";"Force Doigts";"2094";"Force Doigts Crimp";"4";"45.0";"4";"";"";"";"";"Force Doigts"
"33";"2025-06-13 10:48:54";"Force Doigts";"2094";"Force Doigts Crimp";"5";"45.0";"4";"";"";"";"";"Force Doigts"
"33";"2025-06-13 10:48:54";"Force Doigts";"2094";"Force Doigts Crimp";"1";"42.0";"4";"";"";"";"";"Force Doigts"
"33";"2025-06-13 10:48:54";"Force Doigts";"2094";"Force Doigts Crimp";"2";"42.0";"4";"";"";"";"";"Force Doigts"
"33";"2025-06-13 10:48:54";"Force Doigts";"2094";"Force Doigts Crimp";"3";"42.0";"3";"";"";"";"";"Force Doigts"
"33";"2025-06-13 10:48:54";"Force Doigts";"2094";"Force Doigts Crimp";"4";"45.0";"5";"";"";"";"";"Force Doigts"
"33";"2025-06-13 10:48:54";"Force Doigts";"2094";"Force Doigts Crimp";"5";"47.0";"4";"";"";"";"";"Force Doigts"
"33";"2025-06-13 10:48:54";"Force Doigts";"2094";"Force Doigts 3 finger drag";"1";"40.0";"5";"";"";"";"";"Force Doigts"
"33";"2025-06-13 10:48:54";"Force Doigts";"2094";"Force Doigts 3 finger drag";"1";"40.0";"5";"";"";"";"";"Force Doigts"
"34";"2026-05-17 17:00:51";"Force Doigts";"1900";"Pyramide échauffement doigts";"1";"35.0";"3";"";"";"";"";"Force Doigts"
"34";"2026-05-17 17:00:51";"Force Doigts";"1900";"Pyramide échauffement doigts";"2";"35.0";"3";"";"";"";"";"Force Doigts"
"34";"2026-05-17 17:00:51";"Force Doigts";"1900";"Force Doigts Crimp";"1";"35.0";"3";"";"";"";"";"Force Doigts"
"34";"2026-05-17 17:00:51";"Force Doigts";"1900";"Force Doigts Crimp";"2";"35.0";"3";"";"";"";"";"Force Doigts"
"34";"2026-05-17 17:00:51";"Force Doigts";"1900";"Force Doigts Crimp";"3";"35.0";"3";"";"";"";"";"Force Doigts"
"34";"2026-05-17 17:00:51";"Force Doigts";"1900";"Force Doigts Crimp";"1";"35.0";"3";"";"";"";"";"Force Doigts"
"34";"2026-05-17 17:00:51";"Force Doigts";"1900";"Force Doigts Crimp";"2";"35.0";"3";"";"";"";"";"Force Doigts"
"34";"2026-05-17 17:00:51";"Force Doigts";"1900";"Force Doigts Crimp";"3";"35.0";"3";"";"";"";"";"Force Doigts"
"34";"2026-05-17 17:00:51";"Force Doigts";"1900";"Force Doigts 3 finger drag";"1";"25.0";"5";"";"";"";"";"Force Doigts"
"34";"2026-05-17 17:00:51";"Force Doigts";"1900";"Force Doigts 3 finger drag";"2";"25.0";"5";"";"";"";"";"Force Doigts"
"34";"2026-05-17 17:00:51";"Force Doigts";"1900";"Force Doigts 3 finger drag";"3";"25.0";"5";"";"";"";"";"Force Doigts"
"34";"2026-05-17 17:00:51";"Force Doigts";"1900";"Force Doigts 3 finger drag";"1";"25.0";"5";"";"";"";"";"Force Doigts"
"34";"2026-05-17 17:00:51";"Force Doigts";"1900";"Force Doigts 3 finger drag";"2";"25.0";"5";"";"";"";"";"Force Doigts"
"34";"2026-05-17 17:00:51";"Force Doigts";"1900";"Force Doigts 3 finger drag";"3";"25.0";"5";"";"";"";"";"Force Doigts"
"34";"2026-05-17 17:00:51";"Force Doigts";"1900";"Force Doigts Pinch";"1";"15.0";"5";"";"";"";"";"Force Doigts"
"34";"2026-05-17 17:00:51";"Force Doigts";"1900";"Force Doigts Pinch";"2";"18.0";"4";"";"";"";"";"Force Doigts"
"34";"2026-05-17 17:00:51";"Force Doigts";"1900";"Force Doigts Pinch";"3";"18.0";"4";"";"";"";"";"Force Doigts"
"34";"2026-05-17 17:00:51";"Force Doigts";"1900";"Force Doigts Pinch";"1";"15.0";"5";"";"";"";"";"Force Doigts"
"34";"2026-05-17 17:00:51";"Force Doigts";"1900";"Force Doigts Pinch";"2";"18.0";"5";"";"";"";"";"Force Doigts"
"34";"2026-05-17 17:00:51";"Force Doigts";"1900";"Force Doigts Pinch";"3";"18.0";"5";"";"";"";"";"Force Doigts"
"34";"2026-05-17 17:00:51";"Force Doigts";"1900";"Force Doigts Sloper";"1";"10.0";"5";"";"";"";"";"Force Doigts"
"34";"2026-05-17 17:00:51";"Force Doigts";"1900";"Force Doigts Sloper";"2";"10.0";"5";"";"";"";"";"Force Doigts"
"34";"2026-05-17 17:00:51";"Force Doigts";"1900";"Force Doigts Sloper";"3";"10.0";"5";"";"";"";"";"Force Doigts"
"34";"2026-05-17 17:00:51";"Force Doigts";"1900";"Force Doigts Sloper";"1";"10.0";"5";"";"";"";"";"Force Doigts"
"34";"2026-05-17 17:00:51";"Force Doigts";"1900";"Force Doigts Sloper";"2";"10.0";"5";"";"";"";"";"Force Doigts"
"34";"2026-05-17 17:00:51";"Force Doigts";"1900";"Force Doigts Sloper";"3";"10.0";"5";"";"";"";"";"Force Doigts"
"35";"2026-05-17 17:34:02";"Muscu";"1184";"Pull Up";"W";"0.0";"0";"";"";"";"";""
"35";"2026-05-17 17:34:02";"Muscu";"1184";"Pull Up";"1";"0.0";"4";"";"";"";"";""
"35";"2026-05-17 17:34:02";"Muscu";"1184";"Pull Up";"2";"0.0";"4";"";"";"";"";""
"35";"2026-05-17 17:34:02";"Muscu";"1184";"Pull Up";"3";"0.0";"4";"";"";"";"";""
"35";"2026-05-17 17:34:02";"Muscu";"1184";"Handstand Push Up";"Note";"";"";"";"";"";"Pike";""
"35";"2026-05-17 17:34:02";"Muscu";"1184";"Handstand Push Up";"1";"0.0";"3";"";"";"";"";""
"35";"2026-05-17 17:34:02";"Muscu";"1184";"Handstand Push Up";"2";"0.0";"3";"";"";"";"";""
"35";"2026-05-17 17:34:02";"Muscu";"1184";"Handstand Push Up";"3";"0.0";"2";"";"";"";"";""
"35";"2026-05-17 17:34:02";"Muscu";"1184";"Hanging Knee Raise";"1";"";"4";"";"";"";"";""
"35";"2026-05-17 17:34:02";"Muscu";"1184";"Hanging Knee Raise";"2";"";"4";"";"";"";"";""
"35";"2026-05-17 17:34:02";"Muscu";"1184";"Hanging Knee Raise";"3";"";"4";"";"";"";"";""
"35";"2026-05-17 17:34:02";"Muscu";"1184";"Push Up";"Note";"";"";"";"";"";"Archer bad form";""
"35";"2026-05-17 17:34:02";"Muscu";"1184";"Push Up";"1";"0.0";"3";"";"";"";"";""
"35";"2026-05-17 17:34:02";"Muscu";"1184";"Push Up";"2";"0.0";"3";"";"";"";"";""
"35";"2026-05-17 17:34:02";"Muscu";"1184";"Push Up";"3";"0.0";"0";"";"";"";"";""
"35";"2026-05-17 17:34:02";"Muscu";"1184";"Push Up";"Note";"";"";"";"";"";"Archer bad form";""
"35";"2026-05-17 17:34:02";"Muscu";"1184";"Push Up";"1";"0.0";"3";"";"";"";"";""
"35";"2026-05-17 17:34:02";"Muscu";"1184";"Push Up";"2";"0.0";"3";"";"";"";"";""
"35";"2026-05-17 17:34:02";"Muscu";"1184";"Push Up";"3";"0.0";"0";"";"";"";"";""
"35";"2026-05-17 17:34:02";"Muscu";"1184";"Chest Dip";"1";"0.0";"5";"";"";"";"";""
"35";"2026-05-17 17:34:02";"Muscu";"1184";"Chest Dip";"2";"0.0";"3";"";"";"";"";""
"35";"2026-05-17 17:34:02";"Muscu";"1184";"Chest Dip";"3";"5.0";"3";"";"";"";"";""
"35";"2026-05-17 17:34:02";"Muscu";"1184";"Push-ups taps";"Note";"";"";"";"";"";"Row";""
"35";"2026-05-17 17:34:02";"Muscu";"1184";"Push-ups taps";"1";"14.0";"5";"";"";"";"";""
"35";"2026-05-17 17:34:02";"Muscu";"1184";"Push-ups taps";"2";"16.0";"5";"";"";"";"";""
"35";"2026-05-17 17:34:02";"Muscu";"1184";"Push-ups taps";"3";"16.0";"5";"";"";"";"";""
"36";"2026-05-19 08:31:35";"Force Doigts";"1742";"Pyramide échauffement doigts";"1";"30.0";"5";"";"";"";"";"Force Doigts"
"36";"2026-05-19 08:31:35";"Force Doigts";"1742";"Pyramide échauffement doigts";"2";"30.0";"5";"";"";"";"";"Force Doigts"
"36";"2026-05-19 08:31:35";"Force Doigts";"1742";"Force Doigts Crimp";"1";"35.0";"3";"";"";"";"";"Force Doigts"
"36";"2026-05-19 08:31:35";"Force Doigts";"1742";"Force Doigts Crimp";"2";"35.0";"3";"";"";"";"";"Force Doigts"
"36";"2026-05-19 08:31:35";"Force Doigts";"1742";"Force Doigts Crimp";"3";"35.0";"3";"";"";"";"";"Force Doigts"
"36";"2026-05-19 08:31:35";"Force Doigts";"1742";"Force Doigts Crimp";"1";"35.0";"3";"";"";"";"";"Force Doigts"
"36";"2026-05-19 08:31:35";"Force Doigts";"1742";"Force Doigts Crimp";"2";"35.0";"3";"";"";"";"";"Force Doigts"
"36";"2026-05-19 08:31:35";"Force Doigts";"1742";"Force Doigts Crimp";"3";"35.0";"3";"";"";"";"";"Force Doigts"
"36";"2026-05-19 08:31:35";"Force Doigts";"1742";"Force Doigts 3 finger drag";"1";"25.0";"5";"";"";"";"";"Force Doigts"
"36";"2026-05-19 08:31:35";"Force Doigts";"1742";"Force Doigts 3 finger drag";"2";"25.0";"5";"";"";"";"";"Force Doigts"
"36";"2026-05-19 08:31:35";"Force Doigts";"1742";"Force Doigts 3 finger drag";"3";"25.0";"5";"";"";"";"";"Force Doigts"
"36";"2026-05-19 08:31:35";"Force Doigts";"1742";"Force Doigts 3 finger drag";"1";"25.0";"5";"";"";"";"";"Force Doigts"
"36";"2026-05-19 08:31:35";"Force Doigts";"1742";"Force Doigts 3 finger drag";"2";"25.0";"5";"";"";"";"";"Force Doigts"
"37";"2026-05-19 09:04:02";"Muscu";"966";"Pull Up";"W";"0.0";"0";"";"";"";"";""
"37";"2026-05-19 09:04:02";"Muscu";"966";"Pull Up";"1";"0.0";"4";"";"";"";"";""
"37";"2026-05-19 09:04:02";"Muscu";"966";"Handstand Push Up";"Note";"";"";"";"";"";"Pike";""
"37";"2026-05-19 09:04:02";"Muscu";"966";"Handstand Push Up";"1";"0.0";"3";"";"";"";"";""
"37";"2026-05-19 09:04:02";"Muscu";"966";"Handstand Push Up";"2";"0.0";"3";"";"";"";"";""
"37";"2026-05-19 09:04:02";"Muscu";"966";"Handstand Push Up";"3";"0.0";"2";"";"";"";"";""
"37";"2026-05-19 09:04:02";"Muscu";"966";"Hanging Knee Raise";"1";"";"4";"";"";"";"";""
"37";"2026-05-19 09:04:02";"Muscu";"966";"Hanging Knee Raise";"2";"";"4";"";"";"";"";""
"37";"2026-05-19 09:04:02";"Muscu";"966";"Hanging Knee Raise";"3";"";"4";"";"";"";"";""
"38";"2026-05-22 18:27:51";"Force Doigts";"1290";"Pyramide échauffement doigts";"1";"30.0";"5";"";"";"";"";"Force Doigts"
"38";"2026-05-22 18:27:51";"Force Doigts";"1290";"Pyramide échauffement doigts";"2";"30.0";"5";"";"";"";"";"Force Doigts"
"38";"2026-05-22 18:27:51";"Force Doigts";"1290";"Force Doigts Crimp";"1";"35.0";"3";"";"";"";"";"Force Doigts"
"38";"2026-05-22 18:27:51";"Force Doigts";"1290";"Force Doigts Crimp";"2";"35.0";"3";"";"";"";"";"Force Doigts"
"38";"2026-05-22 18:27:51";"Force Doigts";"1290";"Force Doigts Crimp";"3";"35.0";"3";"";"";"";"";"Force Doigts"
"38";"2026-05-22 18:27:51";"Force Doigts";"1290";"Force Doigts Crimp";"1";"35.0";"3";"";"";"";"";"Force Doigts"
"38";"2026-05-22 18:27:51";"Force Doigts";"1290";"Force Doigts Crimp";"2";"35.0";"3";"";"";"";"";"Force Doigts"
"38";"2026-05-22 18:27:51";"Force Doigts";"1290";"Force Doigts Crimp";"3";"35.0";"3";"";"";"";"";"Force Doigts"
"38";"2026-05-22 18:27:51";"Force Doigts";"1290";"Force Doigts 3 finger drag";"1";"25.0";"5";"";"";"";"";"Force Doigts"
"38";"2026-05-22 18:27:51";"Force Doigts";"1290";"Force Doigts 3 finger drag";"2";"25.0";"5";"";"";"";"";"Force Doigts"
"38";"2026-05-22 18:27:51";"Force Doigts";"1290";"Force Doigts 3 finger drag";"3";"25.0";"5";"";"";"";"";"Force Doigts"
"38";"2026-05-22 18:27:51";"Force Doigts";"1290";"Force Doigts 3 finger drag";"1";"25.0";"5";"";"";"";"";"Force Doigts"
"38";"2026-05-22 18:27:51";"Force Doigts";"1290";"Force Doigts 3 finger drag";"2";"25.0";"5";"";"";"";"";"Force Doigts"
"38";"2026-05-22 18:27:51";"Force Doigts";"1290";"Force Doigts 3 finger drag";"3";"25.0";"5";"";"";"";"";"Force Doigts"
"39";"2026-05-22 18:49:31";"Muscu";"2163";"Pull Up";"W";"0.0";"0";"";"";"";"";""
"39";"2026-05-22 18:49:31";"Muscu";"2163";"Pull Up";"1";"0.0";"3";"";"";"";"";""
"39";"2026-05-22 18:49:31";"Muscu";"2163";"Pull Up";"2";"0.0";"3";"";"";"";"";""
"39";"2026-05-22 18:49:31";"Muscu";"2163";"Pull Up";"3";"0.0";"3";"";"";"";"";""
"39";"2026-05-22 18:49:31";"Muscu";"2163";"Handstand Push Up";"Note";"";"";"";"";"";"Pike";""
"39";"2026-05-22 18:49:31";"Muscu";"2163";"Handstand Push Up";"1";"0.0";"3";"";"";"";"";""
"39";"2026-05-22 18:49:31";"Muscu";"2163";"Handstand Push Up";"2";"0.0";"3";"";"";"";"";""
"39";"2026-05-22 18:49:31";"Muscu";"2163";"Handstand Push Up";"3";"0.0";"2";"";"";"";"";""
"39";"2026-05-22 18:49:31";"Muscu";"2163";"Hanging Knee Raise";"1";"";"4";"";"";"";"";""
"39";"2026-05-22 18:49:31";"Muscu";"2163";"Hanging Knee Raise";"2";"";"4";"";"";"";"";""
"39";"2026-05-22 18:49:31";"Muscu";"2163";"Hanging Knee Raise";"3";"";"4";"";"";"";"";""
"39";"2026-05-22 18:49:31";"Muscu";"2163";"Push Up";"Note";"";"";"";"";"";"Archer bad form";""
"39";"2026-05-22 18:49:31";"Muscu";"2163";"Push Up";"1";"0.0";"3";"";"";"";"";""
"39";"2026-05-22 18:49:31";"Muscu";"2163";"Push Up";"2";"0.0";"3";"";"";"";"";""
"39";"2026-05-22 18:49:31";"Muscu";"2163";"Push Up";"3";"0.0";"3";"";"";"";"";""
"39";"2026-05-22 18:49:31";"Muscu";"2163";"Push Up";"Note";"";"";"";"";"";"Archer bad form";""
"39";"2026-05-22 18:49:31";"Muscu";"2163";"Push Up";"1";"0.0";"3";"";"";"";"";""
"39";"2026-05-22 18:49:31";"Muscu";"2163";"Push Up";"2";"0.0";"3";"";"";"";"";""
"39";"2026-05-22 18:49:31";"Muscu";"2163";"Push Up";"3";"0.0";"3";"";"";"";"";""
"39";"2026-05-22 18:49:31";"Muscu";"2163";"Chest Dip";"1";"6.0";"5";"";"";"";"";""
"39";"2026-05-22 18:49:31";"Muscu";"2163";"Chest Dip";"2";"6.0";"5";"";"";"";"";""
"39";"2026-05-22 18:49:31";"Muscu";"2163";"Push-ups taps";"Note";"";"";"";"";"";"Biceps pull ups ";""
"39";"2026-05-22 18:49:31";"Muscu";"2163";"Push-ups taps";"1";"0.0";"4";"";"";"";"";""
"39";"2026-05-22 18:49:31";"Muscu";"2163";"Push-ups taps";"2";"0.0";"4";"";"";"";"";""
"40";"2026-06-02 08:14:46";"Force Doigts";"1889";"Pyramide échauffement doigts";"1";"30.0";"5";"";"";"";"";"Force Doigts"
"40";"2026-06-02 08:14:46";"Force Doigts";"1889";"Pyramide échauffement doigts";"2";"30.0";"5";"";"";"";"";"Force Doigts"
"40";"2026-06-02 08:14:46";"Force Doigts";"1889";"Force Doigts Crimp";"1";"35.0";"3";"";"";"";"";"Force Doigts"
"40";"2026-06-02 08:14:46";"Force Doigts";"1889";"Force Doigts Crimp";"2";"35.0";"3";"";"";"";"";"Force Doigts"
"40";"2026-06-02 08:14:46";"Force Doigts";"1889";"Force Doigts Crimp";"3";"35.0";"3";"";"";"";"";"Force Doigts"
"40";"2026-06-02 08:14:46";"Force Doigts";"1889";"Force Doigts Crimp";"4";"35.0";"3";"";"";"";"";"Force Doigts"
"40";"2026-06-02 08:14:46";"Force Doigts";"1889";"Force Doigts Crimp";"1";"35.0";"3";"";"";"";"";"Force Doigts"
"40";"2026-06-02 08:14:46";"Force Doigts";"1889";"Force Doigts Crimp";"2";"35.0";"3";"";"";"";"";"Force Doigts"
"40";"2026-06-02 08:14:46";"Force Doigts";"1889";"Force Doigts Crimp";"3";"35.0";"3";"";"";"";"";"Force Doigts"
"40";"2026-06-02 08:14:46";"Force Doigts";"1889";"Force Doigts Crimp";"4";"35.0";"3";"";"";"";"";"Force Doigts"
"40";"2026-06-02 08:14:46";"Force Doigts";"1889";"Force Doigts 3 finger drag";"1";"25.0";"5";"";"";"";"";"Force Doigts"
"40";"2026-06-02 08:14:46";"Force Doigts";"1889";"Force Doigts 3 finger drag";"2";"25.0";"5";"";"";"";"";"Force Doigts"
"40";"2026-06-02 08:14:46";"Force Doigts";"1889";"Force Doigts 3 finger drag";"3";"25.0";"5";"";"";"";"";"Force Doigts"
"40";"2026-06-02 08:14:46";"Force Doigts";"1889";"Force Doigts 3 finger drag";"4";"25.0";"5";"";"";"";"";"Force Doigts"
"40";"2026-06-02 08:14:46";"Force Doigts";"1889";"Force Doigts 3 finger drag";"1";"25.0";"5";"";"";"";"";"Force Doigts"
"40";"2026-06-02 08:14:46";"Force Doigts";"1889";"Force Doigts 3 finger drag";"2";"25.0";"5";"";"";"";"";"Force Doigts"
"40";"2026-06-02 08:14:46";"Force Doigts";"1889";"Force Doigts 3 finger drag";"3";"25.0";"5";"";"";"";"";"Force Doigts"
"40";"2026-06-02 08:14:46";"Force Doigts";"1889";"Force Doigts 3 finger drag";"4";"25.0";"7";"";"";"";"";"Force Doigts"
"41";"2026-06-02 08:54:16";"Muscu";"947";"Pull Up";"W";"0.0";"0";"";"";"";"";""
"41";"2026-06-02 08:54:16";"Muscu";"947";"Pull Up";"1";"0.0";"4";"";"";"";"";""
"41";"2026-06-02 08:54:16";"Muscu";"947";"Pull Up";"2";"0.0";"4";"";"";"";"";""
"41";"2026-06-02 08:54:16";"Muscu";"947";"Handstand Push Up";"Note";"";"";"";"";"";"Pike";""
"41";"2026-06-02 08:54:16";"Muscu";"947";"Handstand Push Up";"1";"0.0";"3";"";"";"";"";""
"41";"2026-06-02 08:54:16";"Muscu";"947";"Handstand Push Up";"2";"0.0";"3";"";"";"";"";""
"41";"2026-06-02 08:54:16";"Muscu";"947";"Handstand Push Up";"3";"0.0";"3";"";"";"";"";""
"41";"2026-06-02 08:54:16";"Muscu";"947";"Hanging Knee Raise";"1";"";"4";"";"";"";"";""
"41";"2026-06-02 08:54:16";"Muscu";"947";"Hanging Knee Raise";"2";"";"4";"";"";"";"";""
"41";"2026-06-02 08:54:16";"Muscu";"947";"Hanging Knee Raise";"3";"";"4";"";"";"";"";""
"41";"2026-06-02 08:54:16";"Muscu";"947";"Push Up";"Note";"";"";"";"";"";"Archer bad form";""
"41";"2026-06-02 08:54:16";"Muscu";"947";"Push Up";"1";"0.0";"3";"";"";"";"";""
"41";"2026-06-02 08:54:16";"Muscu";"947";"Push Up";"2";"0.0";"3";"";"";"";"";""
"41";"2026-06-02 08:54:16";"Muscu";"947";"Push Up";"Note";"";"";"";"";"";"Archer bad form";""
"41";"2026-06-02 08:54:16";"Muscu";"947";"Push Up";"1";"0.0";"3";"";"";"";"";""
"41";"2026-06-02 08:54:16";"Muscu";"947";"Push Up";"2";"0.0";"3";"";"";"";"";""
"42";"2026-06-05 11:06:16";"Force Doigts";"1526";"Pyramide échauffement doigts";"1";"30.0";"5";"";"";"";"";"Force Doigts"
"42";"2026-06-05 11:06:16";"Force Doigts";"1526";"Pyramide échauffement doigts";"2";"30.0";"5";"";"";"";"";"Force Doigts"
"42";"2026-06-05 11:06:16";"Force Doigts";"1526";"Force Doigts Crimp";"1";"35.0";"4";"";"";"";"";"Force Doigts"
"42";"2026-06-05 11:06:16";"Force Doigts";"1526";"Force Doigts Crimp";"2";"35.0";"4";"";"";"";"";"Force Doigts"
"42";"2026-06-05 11:06:16";"Force Doigts";"1526";"Force Doigts Crimp";"3";"35.0";"4";"";"";"";"";"Force Doigts"
"42";"2026-06-05 11:06:16";"Force Doigts";"1526";"Force Doigts Crimp";"1";"35.0";"4";"";"";"";"";"Force Doigts"
"42";"2026-06-05 11:06:16";"Force Doigts";"1526";"Force Doigts Crimp";"2";"35.0";"4";"";"";"";"";"Force Doigts"
"42";"2026-06-05 11:06:16";"Force Doigts";"1526";"Force Doigts Crimp";"3";"35.0";"4";"";"";"";"";"Force Doigts"
"42";"2026-06-05 11:06:16";"Force Doigts";"1526";"Force Doigts 3 finger drag";"1";"25.0";"5";"";"";"";"";"Force Doigts"
"42";"2026-06-05 11:06:16";"Force Doigts";"1526";"Force Doigts 3 finger drag";"2";"25.0";"5";"";"";"";"";"Force Doigts"
"42";"2026-06-05 11:06:16";"Force Doigts";"1526";"Force Doigts 3 finger drag";"3";"25.0";"5";"";"";"";"";"Force Doigts"
"42";"2026-06-05 11:06:16";"Force Doigts";"1526";"Force Doigts 3 finger drag";"4";"25.0";"0";"";"";"";"";"Force Doigts"
"42";"2026-06-05 11:06:16";"Force Doigts";"1526";"Force Doigts 3 finger drag";"1";"25.0";"7";"";"";"";"";"Force Doigts"
"42";"2026-06-05 11:06:16";"Force Doigts";"1526";"Force Doigts 3 finger drag";"2";"25.0";"7";"";"";"";"";"Force Doigts"
"42";"2026-06-05 11:06:16";"Force Doigts";"1526";"Force Doigts 3 finger drag";"3";"25.0";"7";"";"";"";"";"Force Doigts"
"42";"2026-06-05 11:06:16";"Force Doigts";"1526";"Force Doigts 3 finger drag";"4";"25.0";"0";"";"";"";"";"Force Doigts"
"43";"2026-06-05 11:31:51";"Muscu";"1575";"Pull Up";"W";"0.0";"0";"";"";"";"";""
"43";"2026-06-05 11:31:51";"Muscu";"1575";"Pull Up";"1";"0.0";"5";"";"";"";"";""
"43";"2026-06-05 11:31:51";"Muscu";"1575";"Pull Up";"2";"0.0";"4";"";"";"";"";""
"43";"2026-06-05 11:31:51";"Muscu";"1575";"Pull Up";"3";"0.0";"4";"";"";"";"";""
"43";"2026-06-05 11:31:51";"Muscu";"1575";"Handstand Push Up";"Note";"";"";"";"";"";"Pike";""
"43";"2026-06-05 11:31:51";"Muscu";"1575";"Handstand Push Up";"1";"0.0";"4";"";"";"";"";""
"43";"2026-06-05 11:31:51";"Muscu";"1575";"Handstand Push Up";"2";"0.0";"4";"";"";"";"";""
"43";"2026-06-05 11:31:51";"Muscu";"1575";"Handstand Push Up";"3";"0.0";"3";"";"";"";"";""
"43";"2026-06-05 11:31:51";"Muscu";"1575";"Hanging Knee Raise";"Note";"";"";"";"";"";"Excentrique ";""
"43";"2026-06-05 11:31:51";"Muscu";"1575";"Hanging Knee Raise";"1";"";"3";"";"";"";"";""
"43";"2026-06-05 11:31:51";"Muscu";"1575";"Hanging Knee Raise";"2";"";"3";"";"";"";"";""
"43";"2026-06-05 11:31:51";"Muscu";"1575";"Hanging Knee Raise";"3";"";"3";"";"";"";"";""
"43";"2026-06-05 11:31:51";"Muscu";"1575";"Push Up";"Note";"";"";"";"";"";"Archer bad form";""
"43";"2026-06-05 11:31:51";"Muscu";"1575";"Push Up";"1";"0.0";"4";"";"";"";"";""
"43";"2026-06-05 11:31:51";"Muscu";"1575";"Push Up";"2";"0.0";"3";"";"";"";"";""
"43";"2026-06-05 11:31:51";"Muscu";"1575";"Push Up";"Note";"";"";"";"";"";"Archer bad form";""
"43";"2026-06-05 11:31:51";"Muscu";"1575";"Push Up";"1";"0.0";"4";"";"";"";"";""
"43";"2026-06-05 11:31:51";"Muscu";"1575";"Push Up";"2";"0.0";"3";"";"";"";"";""
"44";"2026-06-11 11:00:25";"Force Doigts";"1739";"Pyramide échauffement doigts";"1";"30.0";"7";"";"";"";"";"Force Doigts"
"44";"2026-06-11 11:00:25";"Force Doigts";"1739";"Pyramide échauffement doigts";"2";"30.0";"7";"";"";"";"";"Force Doigts"
"44";"2026-06-11 11:00:25";"Force Doigts";"1739";"Force Doigts Crimp";"1";"35.0";"5";"";"";"";"";"Force Doigts"
"44";"2026-06-11 11:00:25";"Force Doigts";"1739";"Force Doigts Crimp";"2";"35.0";"5";"";"";"";"";"Force Doigts"
"44";"2026-06-11 11:00:25";"Force Doigts";"1739";"Force Doigts Crimp";"3";"35.0";"5";"";"";"";"";"Force Doigts"
"44";"2026-06-11 11:00:25";"Force Doigts";"1739";"Force Doigts Crimp";"4";"0.0";"0";"";"";"";"";"Force Doigts"
"44";"2026-06-11 11:00:25";"Force Doigts";"1739";"Force Doigts Crimp";"1";"35.0";"5";"";"";"";"";"Force Doigts"
"44";"2026-06-11 11:00:25";"Force Doigts";"1739";"Force Doigts Crimp";"2";"35.0";"5";"";"";"";"";"Force Doigts"
"44";"2026-06-11 11:00:25";"Force Doigts";"1739";"Force Doigts Crimp";"3";"35.0";"4";"";"";"";"";"Force Doigts"
"44";"2026-06-11 11:00:25";"Force Doigts";"1739";"Force Doigts Crimp";"4";"0.0";"0";"";"";"";"";"Force Doigts"
"44";"2026-06-11 11:00:25";"Force Doigts";"1739";"Force Doigts 3 finger drag";"1";"25.0";"5";"";"";"";"";"Force Doigts"
"44";"2026-06-11 11:00:25";"Force Doigts";"1739";"Force Doigts 3 finger drag";"2";"25.0";"5";"";"";"";"";"Force Doigts"
"44";"2026-06-11 11:00:25";"Force Doigts";"1739";"Force Doigts 3 finger drag";"3";"25.0";"5";"";"";"";"";"Force Doigts"
"44";"2026-06-11 11:00:25";"Force Doigts";"1739";"Force Doigts 3 finger drag";"4";"25.0";"5";"";"";"";"";"Force Doigts"
"44";"2026-06-11 11:00:25";"Force Doigts";"1739";"Force Doigts 3 finger drag";"1";"25.0";"7";"";"";"";"";"Force Doigts"
"44";"2026-06-11 11:00:25";"Force Doigts";"1739";"Force Doigts 3 finger drag";"2";"27.0";"5";"";"";"";"";"Force Doigts"
"44";"2026-06-11 11:00:25";"Force Doigts";"1739";"Force Doigts 3 finger drag";"3";"27.0";"6";"";"";"";"";"Force Doigts"
"44";"2026-06-11 11:00:25";"Force Doigts";"1739";"Force Doigts 3 finger drag";"4";"27.0";"6";"";"";"";"";"Force Doigts"
"45";"2026-06-11 11:30:13";"Muscu";"2666";"Pull Up";"W";"0.0";"0";"";"";"";"";""
"45";"2026-06-11 11:30:13";"Muscu";"2666";"Pull Up";"1";"0.0";"4";"";"";"";"";""
"45";"2026-06-11 11:30:13";"Muscu";"2666";"Handstand Push Up";"Note";"";"";"";"";"";"Pike";""
"45";"2026-06-11 11:30:13";"Muscu";"2666";"Handstand Push Up";"1";"0.0";"4";"";"";"";"";""
"45";"2026-06-11 11:30:13";"Muscu";"2666";"Handstand Push Up";"2";"0.0";"4";"";"";"";"";""
"45";"2026-06-11 11:30:13";"Muscu";"2666";"Handstand Push Up";"3";"0.0";"3";"";"";"";"";""
"45";"2026-06-11 11:30:13";"Muscu";"2666";"Hanging Knee Raise";"1";"";"3";"";"";"";"";""
"45";"2026-06-11 11:30:13";"Muscu";"2666";"Hanging Knee Raise";"2";"";"3";"";"";"";"";""
"45";"2026-06-11 11:30:13";"Muscu";"2666";"Hanging Knee Raise";"3";"";"3";"";"";"";"";""
"46";"2026-06-17 10:27:33";"Force Doigts";"1992";"Pyramide échauffement doigts";"1";"30.0";"7";"";"";"";"";"Force Doigts"
"46";"2026-06-17 10:27:33";"Force Doigts";"1992";"Pyramide échauffement doigts";"2";"30.0";"7";"";"";"";"";"Force Doigts"
"46";"2026-06-17 10:27:33";"Force Doigts";"1992";"Force Doigts Crimp";"1";"35.0";"5";"";"";"";"";"Force Doigts"
"46";"2026-06-17 10:27:33";"Force Doigts";"1992";"Force Doigts Crimp";"2";"35.0";"5";"";"";"";"";"Force Doigts"
"46";"2026-06-17 10:27:33";"Force Doigts";"1992";"Force Doigts Crimp";"3";"35.0";"5";"";"";"";"";"Force Doigts"
"46";"2026-06-17 10:27:33";"Force Doigts";"1992";"Force Doigts Crimp";"1";"35.0";"5";"";"";"";"";"Force Doigts"
"46";"2026-06-17 10:27:33";"Force Doigts";"1992";"Force Doigts Crimp";"2";"35.0";"7";"";"";"";"";"Force Doigts"
"46";"2026-06-17 10:27:33";"Force Doigts";"1992";"Force Doigts Crimp";"3";"35.0";"6";"";"";"";"";"Force Doigts"
"46";"2026-06-17 10:27:33";"Force Doigts";"1992";"Force Doigts 3 finger drag";"1";"25.0";"7";"";"";"";"";"Force Doigts"
"46";"2026-06-17 10:27:33";"Force Doigts";"1992";"Force Doigts 3 finger drag";"2";"25.0";"5";"";"";"";"";"Force Doigts"
"46";"2026-06-17 10:27:33";"Force Doigts";"1992";"Force Doigts 3 finger drag";"3";"25.0";"6";"";"";"";"";"Force Doigts"
"46";"2026-06-17 10:27:33";"Force Doigts";"1992";"Force Doigts 3 finger drag";"4";"25.0";"6";"";"";"";"";"Force Doigts"
"46";"2026-06-17 10:27:33";"Force Doigts";"1992";"Force Doigts 3 finger drag";"1";"25.0";"7";"";"";"";"";"Force Doigts"
"46";"2026-06-17 10:27:33";"Force Doigts";"1992";"Force Doigts 3 finger drag";"2";"27.0";"6";"";"";"";"";"Force Doigts"
"46";"2026-06-17 10:27:33";"Force Doigts";"1992";"Force Doigts 3 finger drag";"3";"27.0";"6";"";"";"";"";"Force Doigts"
"46";"2026-06-17 10:27:33";"Force Doigts";"1992";"Force Doigts 3 finger drag";"4";"27.0";"5";"";"";"";"";"Force Doigts"
"47";"2026-06-17 11:07:04";"Muscu";"1484";"Pull Up";"W";"0.0";"0";"";"";"";"";""
"47";"2026-06-17 11:07:04";"Muscu";"1484";"Pull Up";"1";"0.0";"4";"";"";"";"";""
"47";"2026-06-17 11:07:04";"Muscu";"1484";"Pull Up";"2";"0.0";"4";"";"";"";"";""
"47";"2026-06-17 11:07:04";"Muscu";"1484";"Pull Up";"3";"0.0";"4";"";"";"";"";""
"47";"2026-06-17 11:07:04";"Muscu";"1484";"Handstand Push Up";"Note";"";"";"";"";"";"Pike";""
"47";"2026-06-17 11:07:04";"Muscu";"1484";"Handstand Push Up";"1";"0.0";"4";"";"";"";"";""
"47";"2026-06-17 11:07:04";"Muscu";"1484";"Handstand Push Up";"2";"0.0";"4";"";"";"";"";""
"47";"2026-06-17 11:07:04";"Muscu";"1484";"Handstand Push Up";"3";"0.0";"4";"";"";"";"";""
"47";"2026-06-17 11:07:04";"Muscu";"1484";"Hanging Knee Raise";"1";"";"3";"";"";"";"";""
"47";"2026-06-17 11:07:04";"Muscu";"1484";"Hanging Knee Raise";"2";"";"3";"";"";"";"";""
"47";"2026-06-17 11:07:04";"Muscu";"1484";"Hanging Knee Raise";"3";"";"3";"";"";"";"";""
"47";"2026-06-17 11:07:04";"Muscu";"1484";"Push Up";"Note";"";"";"";"";"";"Archer bad form";""
"47";"2026-06-17 11:07:04";"Muscu";"1484";"Push Up";"1";"0.0";"4";"";"";"";"";""
"47";"2026-06-17 11:07:04";"Muscu";"1484";"Push Up";"2";"0.0";"3";"";"";"";"";""
"47";"2026-06-17 11:07:04";"Muscu";"1484";"Push Up";"Note";"";"";"";"";"";"Archer bad form";""
"47";"2026-06-17 11:07:04";"Muscu";"1484";"Push Up";"1";"0.0";"4";"";"";"";"";""
"48";"2026-06-20 09:19:50";"Force Doigts";"1727";"Pyramide échauffement doigts";"1";"30.0";"7";"";"";"";"";"Force Doigts"
"48";"2026-06-20 09:19:50";"Force Doigts";"1727";"Pyramide échauffement doigts";"2";"30.0";"7";"";"";"";"";"Force Doigts"
"48";"2026-06-20 09:19:50";"Force Doigts";"1727";"Force Doigts Crimp";"1";"35.0";"5";"";"";"";"";"Force Doigts"
"48";"2026-06-20 09:19:50";"Force Doigts";"1727";"Force Doigts Crimp";"2";"35.0";"4";"";"";"";"";"Force Doigts"
"48";"2026-06-20 09:19:50";"Force Doigts";"1727";"Force Doigts Crimp";"3";"35.0";"4";"";"";"";"";"Force Doigts"
"48";"2026-06-20 09:19:50";"Force Doigts";"1727";"Force Doigts Crimp";"1";"35.0";"5";"";"";"";"";"Force Doigts"
"48";"2026-06-20 09:19:50";"Force Doigts";"1727";"Force Doigts Crimp";"2";"35.0";"5";"";"";"";"";"Force Doigts"
"48";"2026-06-20 09:19:50";"Force Doigts";"1727";"Force Doigts Crimp";"3";"35.0";"5";"";"";"";"";"Force Doigts"
"48";"2026-06-20 09:19:50";"Force Doigts";"1727";"Force Doigts 3 finger drag";"1";"25.0";"7";"";"";"";"";"Force Doigts"
"48";"2026-06-20 09:19:50";"Force Doigts";"1727";"Force Doigts 3 finger drag";"2";"27.0";"4";"";"";"";"";"Force Doigts"
"48";"2026-06-20 09:19:50";"Force Doigts";"1727";"Force Doigts 3 finger drag";"3";"27.0";"4";"";"";"";"";"Force Doigts"
"48";"2026-06-20 09:19:50";"Force Doigts";"1727";"Force Doigts 3 finger drag";"4";"25.0";"4";"";"";"";"";"Force Doigts"
"48";"2026-06-20 09:19:50";"Force Doigts";"1727";"Force Doigts 3 finger drag";"1";"25.0";"7";"";"";"";"";"Force Doigts"
"48";"2026-06-20 09:19:50";"Force Doigts";"1727";"Force Doigts 3 finger drag";"2";"27.0";"7";"";"";"";"";"Force Doigts"
"48";"2026-06-20 09:19:50";"Force Doigts";"1727";"Force Doigts 3 finger drag";"3";"27.0";"7";"";"";"";"";"Force Doigts"
"48";"2026-06-20 09:19:50";"Force Doigts";"1727";"Force Doigts 3 finger drag";"4";"27.0";"7";"";"";"";"";"Force Doigts"
"49";"2026-06-20 09:56:23";"Muscu";"1885";"Pull Up";"W";"0.0";"0";"";"";"";"";""
"49";"2026-06-20 09:56:23";"Muscu";"1885";"Pull Up";"1";"0.0";"5";"";"";"";"";""
"49";"2026-06-20 09:56:23";"Muscu";"1885";"Pull Up";"2";"0.0";"4";"";"";"";"";""
"49";"2026-06-20 09:56:23";"Muscu";"1885";"Pull Up";"3";"0.0";"3";"";"";"";"";""
"49";"2026-06-20 09:56:23";"Muscu";"1885";"Handstand Push Up";"Note";"";"";"";"";"";"Pike";""
"49";"2026-06-20 09:56:23";"Muscu";"1885";"Handstand Push Up";"1";"0.0";"4";"";"";"";"";""
"49";"2026-06-20 09:56:23";"Muscu";"1885";"Handstand Push Up";"2";"0.0";"4";"";"";"";"";""
"49";"2026-06-20 09:56:23";"Muscu";"1885";"Handstand Push Up";"3";"0.0";"4";"";"";"";"";""
"49";"2026-06-20 09:56:23";"Muscu";"1885";"Hanging Knee Raise";"1";"";"3";"";"";"";"";""
"49";"2026-06-20 09:56:23";"Muscu";"1885";"Hanging Knee Raise";"2";"";"3";"";"";"";"";""
"49";"2026-06-20 09:56:23";"Muscu";"1885";"Hanging Knee Raise";"3";"";"3";"";"";"";"";""
"49";"2026-06-20 09:56:23";"Muscu";"1885";"Push Up";"Note";"";"";"";"";"";"Archer bad form";""
"49";"2026-06-20 09:56:23";"Muscu";"1885";"Push Up";"1";"0.0";"4";"";"";"";"";""
"49";"2026-06-20 09:56:23";"Muscu";"1885";"Push Up";"2";"0.0";"4";"";"";"";"";""
"49";"2026-06-20 09:56:23";"Muscu";"1885";"Push Up";"Note";"";"";"";"";"";"Archer bad form";""
"49";"2026-06-20 09:56:23";"Muscu";"1885";"Push Up";"1";"0.0";"4";"";"";"";"";""
"49";"2026-06-20 09:56:23";"Muscu";"1885";"Push Up";"2";"0.0";"3";"";"";"";"";""
"50";"2026-06-26 11:19:52";"Muscu";"758";"Pull Up";"1";"0.0";"5";"";"";"";"";""
"50";"2026-06-26 11:19:52";"Muscu";"758";"Pull Up";"2";"0.0";"4";"";"";"";"";""
"50";"2026-06-26 11:19:52";"Muscu";"758";"Pull Up";"3";"0.0";"4";"";"";"";"";""
"50";"2026-06-26 11:19:52";"Muscu";"758";"Handstand Push Up";"Note";"";"";"";"";"";"Pike";""
"50";"2026-06-26 11:19:52";"Muscu";"758";"Handstand Push Up";"1";"0.0";"4";"";"";"";"";""
"50";"2026-06-26 11:19:52";"Muscu";"758";"Handstand Push Up";"2";"0.0";"4";"";"";"";"";""
"50";"2026-06-26 11:19:52";"Muscu";"758";"Hanging Knee Raise";"1";"";"3";"";"";"";"";""
"50";"2026-06-26 11:19:52";"Muscu";"758";"Hanging Knee Raise";"2";"";"3";"";"";"";"";""
"50";"2026-06-26 11:19:52";"Muscu";"758";"Hanging Knee Raise";"3";"";"3";"";"";"";"";""
"50";"2026-06-26 11:19:52";"Muscu";"758";"Push Up";"Note";"";"";"";"";"";"Archer bad form";""
"50";"2026-06-26 11:19:52";"Muscu";"758";"Push Up";"1";"0.0";"3";"";"";"";"";""
"50";"2026-06-26 11:19:52";"Muscu";"758";"Push Up";"2";"0.0";"3";"";"";"";"";""
"50";"2026-06-26 11:19:52";"Muscu";"758";"Push Up";"3";"0.0";"3";"";"";"";"";""
"50";"2026-06-26 11:19:52";"Muscu";"758";"Push Up";"Note";"";"";"";"";"";"Archer bad form";""
"50";"2026-06-26 11:19:52";"Muscu";"758";"Push Up";"1";"0.0";"3";"";"";"";"";""
"50";"2026-06-26 11:19:52";"Muscu";"758";"Push Up";"2";"0.0";"3";"";"";"";"";""
"50";"2026-06-26 11:19:52";"Muscu";"758";"Push Up";"3";"0.0";"3";"";"";"";"";""
"51";"2026-07-25 08:55:56";"Muscu";"2204";"Pull Up";"W";"0.0";"5";"";"";"";"";""
"51";"2026-07-25 08:55:56";"Muscu";"2204";"Pull Up";"1";"0.0";"5";"";"";"";"";""
"51";"2026-07-25 08:55:56";"Muscu";"2204";"Pull Up";"2";"0.0";"4";"";"";"";"";""
"51";"2026-07-25 08:55:56";"Muscu";"2204";"Pull Up";"3";"0.0";"5";"";"";"";"";""
"51";"2026-07-25 08:55:56";"Muscu";"2204";"Handstand Push Up";"Note";"";"";"";"";"";"Pike";""
"51";"2026-07-25 08:55:56";"Muscu";"2204";"Handstand Push Up";"1";"0.0";"4";"";"";"";"";""
"51";"2026-07-25 08:55:56";"Muscu";"2204";"Handstand Push Up";"2";"0.0";"4";"";"";"";"";""
"51";"2026-07-25 08:55:56";"Muscu";"2204";"Handstand Push Up";"3";"0.0";"4";"";"";"";"";""
"51";"2026-07-25 08:55:56";"Muscu";"2204";"Hanging Knee Raise";"1";"";"3";"";"";"";"";""
"51";"2026-07-25 08:55:56";"Muscu";"2204";"Hanging Knee Raise";"2";"";"3";"";"";"";"";""
"51";"2026-07-25 08:55:56";"Muscu";"2204";"Hanging Knee Raise";"3";"";"3";"";"";"";"";""
"51";"2026-07-25 08:55:56";"Muscu";"2204";"Push Up";"Note";"";"";"";"";"";"Archer bad form";""
"51";"2026-07-25 08:55:56";"Muscu";"2204";"Push Up";"1";"0.0";"3";"";"";"";"";""
"51";"2026-07-25 08:55:56";"Muscu";"2204";"Push Up";"2";"0.0";"3";"";"";"";"";""
"51";"2026-07-25 08:55:56";"Muscu";"2204";"Push Up";"Note";"";"";"";"";"";"Archer bad form";""
"51";"2026-07-25 08:55:56";"Muscu";"2204";"Push Up";"1";"0.0";"3";"";"";"";"";""
"51";"2026-07-25 08:55:56";"Muscu";"2204";"Push Up";"2";"0.0";"3";"";"";"";"";""
"51";"2026-07-25 08:55:56";"Muscu";"2204";"Chest Dip";"Note";"";"";"";"";"";"Biceps pull ups ";""
"51";"2026-07-25 08:55:56";"Muscu";"2204";"Chest Dip";"1";"0.0";"4";"";"";"";"";""
"51";"2026-07-25 08:55:56";"Muscu";"2204";"Chest Dip";"2";"0.0";"3";"";"";"";"";""
"51";"2026-07-25 08:55:56";"Muscu";"2204";"Chest Dip";"3";"0.0";"3";"";"";"";"";""
"51";"2026-07-25 08:55:56";"Muscu";"2204";"Push-ups taps";"Note";"";"";"";"";"";"Lsit kneen raise ";""
"51";"2026-07-25 08:55:56";"Muscu";"2204";"Push-ups taps";"1";"0.0";"20";"";"";"";"";""
"51";"2026-07-25 08:55:56";"Muscu";"2204";"Push-ups taps";"2";"0.0";"20";"";"";"";"";""
"51";"2026-07-25 08:55:56";"Muscu";"2204";"Push-ups taps";"3";"0.0";"12";"";"";"";"";""
"52";"2026-08-07 15:22:18";"Muscu";"2336";"Pull Up";"W";"0.0";"5";"";"";"";"";""
"52";"2026-08-07 15:22:18";"Muscu";"2336";"Pull Up";"1";"0.0";"5";"";"";"";"";""
"52";"2026-08-07 15:22:18";"Muscu";"2336";"Pull Up";"2";"0.0";"4";"";"";"";"";""
"52";"2026-08-07 15:22:18";"Muscu";"2336";"Pull Up";"3";"0.0";"4";"";"";"";"";""
"52";"2026-08-07 15:22:18";"Muscu";"2336";"Handstand Push Up";"Note";"";"";"";"";"";"Pike";""
"52";"2026-08-07 15:22:18";"Muscu";"2336";"Handstand Push Up";"1";"0.0";"3";"";"";"";"";""
"52";"2026-08-07 15:22:18";"Muscu";"2336";"Handstand Push Up";"2";"0.0";"3";"";"";"";"";""
"52";"2026-08-07 15:22:18";"Muscu";"2336";"Handstand Push Up";"3";"0.0";"3";"";"";"";"";""
"52";"2026-08-07 15:22:18";"Muscu";"2336";"Hanging Knee Raise";"1";"";"3";"";"";"";"";""
"52";"2026-08-07 15:22:18";"Muscu";"2336";"Hanging Knee Raise";"2";"";"3";"";"";"";"";""
"52";"2026-08-07 15:22:18";"Muscu";"2336";"Hanging Knee Raise";"3";"";"3";"";"";"";"";""
"52";"2026-08-07 15:22:18";"Muscu";"2336";"Push Up";"Note";"";"";"";"";"";"Archer bad form";""
"52";"2026-08-07 15:22:18";"Muscu";"2336";"Push Up";"1";"0.0";"4";"";"";"";"";""
"52";"2026-08-07 15:22:18";"Muscu";"2336";"Push Up";"2";"0.0";"4";"";"";"";"";""
"52";"2026-08-07 15:22:18";"Muscu";"2336";"Push Up";"3";"0.0";"4";"";"";"";"";""
"52";"2026-08-07 15:22:18";"Muscu";"2336";"Push Up";"Note";"";"";"";"";"";"Archer bad form";""
"52";"2026-08-07 15:22:18";"Muscu";"2336";"Push Up";"1";"0.0";"4";"";"";"";"";""
"52";"2026-08-07 15:22:18";"Muscu";"2336";"Push Up";"2";"0.0";"4";"";"";"";"";""
"52";"2026-08-07 15:22:18";"Muscu";"2336";"Push Up";"3";"0.0";"3";"";"";"";"";""
"52";"2026-08-07 15:22:18";"Muscu";"2336";"Chest Dip";"1";"0.0";"5";"";"";"";"";""
"52";"2026-08-07 15:22:18";"Muscu";"2336";"Chest Dip";"2";"0.0";"4";"";"";"";"";""
"52";"2026-08-07 15:22:18";"Muscu";"2336";"Chest Dip";"3";"0.0";"4";"";"";"";"";""
"52";"2026-08-07 15:22:18";"Muscu";"2336";"Push-ups taps";"Note";"";"";"";"";"";"Row";""
"52";"2026-08-07 15:22:18";"Muscu";"2336";"Push-ups taps";"1";"0.0";"12";"";"";"";"";""
"52";"2026-08-07 15:22:18";"Muscu";"2336";"Push-ups taps";"2";"0.0";"15";"";"";"";"";""
"52";"2026-08-07 15:22:18";"Muscu";"2336";"Push-ups taps";"3";"0.0";"0";"";"";"";"";""
"53";"2026-08-08 10:08:11";"Force Doigts";"3369";"Pyramide échauffement doigts";"1";"30.0";"7";"";"";"";"";"Force Doigts"
"53";"2026-08-08 10:08:11";"Force Doigts";"3369";"Pyramide échauffement doigts";"2";"30.0";"7";"";"";"";"";"Force Doigts"
"53";"2026-08-08 10:08:11";"Force Doigts";"3369";"Force Doigts Crimp";"1";"35.0";"5";"";"";"";"";"Force Doigts"
"53";"2026-08-08 10:08:11";"Force Doigts";"3369";"Force Doigts Crimp";"2";"35.0";"5";"";"";"";"";"Force Doigts"
"53";"2026-08-08 10:08:11";"Force Doigts";"3369";"Force Doigts Crimp";"3";"35.0";"5";"";"";"";"";"Force Doigts"
"53";"2026-08-08 10:08:11";"Force Doigts";"3369";"Force Doigts Crimp";"4";"0.0";"0";"";"";"";"";"Force Doigts"
"53";"2026-08-08 10:08:11";"Force Doigts";"3369";"Force Doigts Crimp";"1";"35.0";"7";"";"";"";"";"Force Doigts"
"53";"2026-08-08 10:08:11";"Force Doigts";"3369";"Force Doigts Crimp";"2";"35.0";"7";"";"";"";"";"Force Doigts"
"53";"2026-08-08 10:08:11";"Force Doigts";"3369";"Force Doigts Crimp";"3";"35.0";"7";"";"";"";"";"Force Doigts"
"53";"2026-08-08 10:08:11";"Force Doigts";"3369";"Force Doigts Crimp";"4";"0.0";"0";"";"";"";"";"Force Doigts"
"53";"2026-08-08 10:08:11";"Force Doigts";"3369";"Force Doigts 3 finger drag";"1";"25.0";"7";"";"";"";"";"Force Doigts"
"53";"2026-08-08 10:08:11";"Force Doigts";"3369";"Force Doigts 3 finger drag";"2";"27.0";"6";"";"";"";"";"Force Doigts"
"53";"2026-08-08 10:08:11";"Force Doigts";"3369";"Force Doigts 3 finger drag";"3";"27.0";"6";"";"";"";"";"Force Doigts"
"53";"2026-08-08 10:08:11";"Force Doigts";"3369";"Force Doigts 3 finger drag";"4";"25.0";"6";"";"";"";"";"Force Doigts"
"53";"2026-08-08 10:08:11";"Force Doigts";"3369";"Force Doigts 3 finger drag";"1";"25.0";"7";"";"";"";"";"Force Doigts"
"53";"2026-08-08 10:08:11";"Force Doigts";"3369";"Force Doigts 3 finger drag";"2";"27.0";"7";"";"";"";"";"Force Doigts"
"53";"2026-08-08 10:08:11";"Force Doigts";"3369";"Force Doigts 3 finger drag";"3";"27.0";"7";"";"";"";"";"Force Doigts"
"53";"2026-08-08 10:08:11";"Force Doigts";"3369";"Force Doigts 3 finger drag";"4";"27.0";"7";"";"";"";"";"Force Doigts"
"53";"2026-08-08 10:08:11";"Force Doigts";"3369";"Force Doigts Pinch";"1";"20.0";"4";"";"";"";"";"Force Doigts"
"53";"2026-08-08 10:08:11";"Force Doigts";"3369";"Force Doigts Pinch";"2";"20.0";"3";"";"";"";"";"Force Doigts"
"53";"2026-08-08 10:08:11";"Force Doigts";"3369";"Force Doigts Pinch";"3";"20.0";"4";"";"";"";"";"Force Doigts"
"53";"2026-08-08 10:08:11";"Force Doigts";"3369";"Force Doigts Pinch";"1";"20.0";"5";"";"";"";"";"Force Doigts"
"53";"2026-08-08 10:08:11";"Force Doigts";"3369";"Force Doigts Pinch";"2";"20.0";"4";"";"";"";"";"Force Doigts"
"53";"2026-08-08 10:08:11";"Force Doigts";"3369";"Force Doigts Pinch";"3";"20.0";"4";"";"";"";"";"Force Doigts"
"53";"2026-08-08 10:08:11";"Force Doigts";"3369";"Force Doigts Sloper";"1";"10.0";"5";"";"";"";"";"Force Doigts"
"53";"2026-08-08 10:08:11";"Force Doigts";"3369";"Force Doigts Sloper";"2";"15.0";"3";"";"";"";"";"Force Doigts"
"53";"2026-08-08 10:08:11";"Force Doigts";"3369";"Force Doigts Sloper";"3";"15.0";"3";"";"";"";"";"Force Doigts"
"53";"2026-08-08 10:08:11";"Force Doigts";"3369";"Force Doigts Sloper";"1";"10.0";"5";"";"";"";"";"Force Doigts"
"53";"2026-08-08 10:08:11";"Force Doigts";"3369";"Force Doigts Sloper";"2";"15.0";"3";"";"";"";"";"Force Doigts"
"53";"2026-08-08 10:08:11";"Force Doigts";"3369";"Force Doigts Sloper";"3";"15.0";"3";"";"";"";"";"Force Doigts"
"54";"2026-08-14 09:35:35";"Force Doigts";"3654";"Pyramide échauffement doigts";"1";"35.0";"7";"";"";"";"";"Force Doigts"
"54";"2026-08-14 09:35:35";"Force Doigts";"3654";"Pyramide échauffement doigts";"2";"35.0";"7";"";"";"";"";"Force Doigts"
"54";"2026-08-14 09:35:35";"Force Doigts";"3654";"Force Doigts Crimp";"1";"37.0";"3";"";"";"";"";"Force Doigts"
"54";"2026-08-14 09:35:35";"Force Doigts";"3654";"Force Doigts Crimp";"2";"37.0";"3";"";"";"";"";"Force Doigts"
"54";"2026-08-14 09:35:35";"Force Doigts";"3654";"Force Doigts Crimp";"3";"37.0";"4";"";"";"";"";"Force Doigts"
"54";"2026-08-14 09:35:35";"Force Doigts";"3654";"Force Doigts Crimp";"4";"0.0";"0";"";"";"";"";"Force Doigts"
"54";"2026-08-14 09:35:35";"Force Doigts";"3654";"Force Doigts Crimp";"1";"37.0";"5";"";"";"";"";"Force Doigts"
"54";"2026-08-14 09:35:35";"Force Doigts";"3654";"Force Doigts Crimp";"2";"37.0";"5";"";"";"";"";"Force Doigts"
"54";"2026-08-14 09:35:35";"Force Doigts";"3654";"Force Doigts Crimp";"3";"37.0";"5";"";"";"";"";"Force Doigts"
"54";"2026-08-14 09:35:35";"Force Doigts";"3654";"Force Doigts Crimp";"4";"0.0";"0";"";"";"";"";"Force Doigts"
"54";"2026-08-14 09:35:35";"Force Doigts";"3654";"Force Doigts 3 finger drag";"1";"25.0";"7";"";"";"";"";"Force Doigts"
"54";"2026-08-14 09:35:35";"Force Doigts";"3654";"Force Doigts 3 finger drag";"2";"30.0";"3";"";"";"";"";"Force Doigts"
"54";"2026-08-14 09:35:35";"Force Doigts";"3654";"Force Doigts 3 finger drag";"3";"30.0";"4";"";"";"";"";"Force Doigts"
"54";"2026-08-14 09:35:35";"Force Doigts";"3654";"Force Doigts 3 finger drag";"4";"30.0";"4";"";"";"";"";"Force Doigts"
"54";"2026-08-14 09:35:35";"Force Doigts";"3654";"Force Doigts 3 finger drag";"1";"25.0";"7";"";"";"";"";"Force Doigts"
"54";"2026-08-14 09:35:35";"Force Doigts";"3654";"Force Doigts 3 finger drag";"2";"30.0";"5";"";"";"";"";"Force Doigts"
"54";"2026-08-14 09:35:35";"Force Doigts";"3654";"Force Doigts 3 finger drag";"3";"30.0";"6";"";"";"";"";"Force Doigts"
"54";"2026-08-14 09:35:35";"Force Doigts";"3654";"Force Doigts 3 finger drag";"4";"30.0";"6";"";"";"";"";"Force Doigts"
"54";"2026-08-14 09:35:35";"Force Doigts";"3654";"Force Doigts Pinch";"1";"15.0";"7";"";"";"";"";"Force Doigts"
"54";"2026-08-14 09:35:35";"Force Doigts";"3654";"Force Doigts Pinch";"2";"20.0";"5";"";"";"";"";"Force Doigts"
"54";"2026-08-14 09:35:35";"Force Doigts";"3654";"Force Doigts Pinch";"3";"20.0";"5";"";"";"";"";"Force Doigts"
"54";"2026-08-14 09:35:35";"Force Doigts";"3654";"Force Doigts Pinch";"4";"20.0";"5";"";"";"";"";"Force Doigts"
"54";"2026-08-14 09:35:35";"Force Doigts";"3654";"Force Doigts Pinch";"1";"15.0";"7";"";"";"";"";"Force Doigts"
"54";"2026-08-14 09:35:35";"Force Doigts";"3654";"Force Doigts Pinch";"2";"20.0";"7";"";"";"";"";"Force Doigts"
"54";"2026-08-14 09:35:35";"Force Doigts";"3654";"Force Doigts Pinch";"3";"20.0";"6";"";"";"";"";"Force Doigts"
"54";"2026-08-14 09:35:35";"Force Doigts";"3654";"Force Doigts Pinch";"4";"20.0";"5";"";"";"";"";"Force Doigts"
"54";"2026-08-14 09:35:35";"Force Doigts";"3654";"Force Doigts Sloper";"1";"10.0";"6";"";"";"";"";"Force Doigts"
"54";"2026-08-14 09:35:35";"Force Doigts";"3654";"Force Doigts Sloper";"2";"15.0";"4";"";"";"";"";"Force Doigts"
"54";"2026-08-14 09:35:35";"Force Doigts";"3654";"Force Doigts Sloper";"3";"15.0";"4";"";"";"";"";"Force Doigts"
"54";"2026-08-14 09:35:35";"Force Doigts";"3654";"Force Doigts Sloper";"4";"15.0";"4";"";"";"";"";"Force Doigts"
"54";"2026-08-14 09:35:35";"Force Doigts";"3654";"Force Doigts Sloper";"1";"10.0";"6";"";"";"";"";"Force Doigts"
"54";"2026-08-14 09:35:35";"Force Doigts";"3654";"Force Doigts Sloper";"2";"15.0";"4";"";"";"";"";"Force Doigts"
"54";"2026-08-14 09:35:35";"Force Doigts";"3654";"Force Doigts Sloper";"3";"15.0";"4";"";"";"";"";"Force Doigts"
"54";"2026-08-14 09:35:35";"Force Doigts";"3654";"Force Doigts Sloper";"4";"15.0";"4";"";"";"";"";"Force Doigts"
"55";"2026-08-14 10:46:05";"Muscu";"1902";"Pull Up";"W";"0.0";"0";"";"";"";"";""
"55";"2026-08-14 10:46:05";"Muscu";"1902";"Pull Up";"1";"0.0";"5";"";"";"";"";""
"55";"2026-08-14 10:46:05";"Muscu";"1902";"Pull Up";"2";"0.0";"5";"";"";"";"";""
"55";"2026-08-14 10:46:05";"Muscu";"1902";"Pull Up";"3";"0.0";"5";"";"";"";"";""
"55";"2026-08-14 10:46:05";"Muscu";"1902";"Handstand Push Up";"Note";"";"";"";"";"";"Pike";""
"55";"2026-08-14 10:46:05";"Muscu";"1902";"Handstand Push Up";"1";"0.0";"5";"";"";"";"";""
"55";"2026-08-14 10:46:05";"Muscu";"1902";"Handstand Push Up";"2";"0.0";"4";"";"";"";"";""
"55";"2026-08-14 10:46:05";"Muscu";"1902";"Handstand Push Up";"3";"0.0";"3";"";"";"";"";""
"55";"2026-08-14 10:46:05";"Muscu";"1902";"Hanging Knee Raise";"1";"";"3";"";"";"";"";""
"55";"2026-08-14 10:46:05";"Muscu";"1902";"Hanging Knee Raise";"2";"";"3";"";"";"";"";""
"55";"2026-08-14 10:46:05";"Muscu";"1902";"Hanging Knee Raise";"3";"";"3";"";"";"";"";""
"55";"2026-08-14 10:46:05";"Muscu";"1902";"Push Up";"Note";"";"";"";"";"";"Archer bad form";""
"55";"2026-08-14 10:46:05";"Muscu";"1902";"Push Up";"1";"0.0";"4";"";"";"";"";""
"55";"2026-08-14 10:46:05";"Muscu";"1902";"Push Up";"2";"0.0";"4";"";"";"";"";""
"55";"2026-08-14 10:46:05";"Muscu";"1902";"Push Up";"3";"0.0";"4";"";"";"";"";""
"55";"2026-08-14 10:46:05";"Muscu";"1902";"Push Up";"Note";"";"";"";"";"";"Archer bad form";""
"55";"2026-08-14 10:46:05";"Muscu";"1902";"Push Up";"1";"0.0";"4";"";"";"";"";""
"55";"2026-08-14 10:46:05";"Muscu";"1902";"Push Up";"2";"0.0";"4";"";"";"";"";""
"55";"2026-08-14 10:46:05";"Muscu";"1902";"Push Up";"3";"0.0";"3";"";"";"";"";""
"55";"2026-08-14 10:46:05";"Muscu";"1902";"Chest Dip";"1";"0.0";"4";"";"";"";"";""
"55";"2026-08-14 10:46:05";"Muscu";"1902";"Chest Dip";"2";"0.0";"4";"";"";"";"";""
"55";"2026-08-14 10:46:05";"Muscu";"1902";"Push-ups taps";"Note";"";"";"";"";"";"Row";""
"55";"2026-08-14 10:46:05";"Muscu";"1902";"Push-ups taps";"1";"0.0";"10";"";"";"";"";""
"55";"2026-08-14 10:46:05";"Muscu";"1902";"Push-ups taps";"2";"0.0";"10";"";"";"";"";""
"56";"2026-08-18 08:40:34";"Force Doigts";"4066";"Pyramide échauffement doigts";"1";"35.0";"7";"";"";"";"";"Force Doigts"
"56";"2026-08-18 08:40:34";"Force Doigts";"4066";"Pyramide échauffement doigts";"2";"35.0";"7";"";"";"";"";"Force Doigts"
"56";"2026-08-18 08:40:34";"Force Doigts";"4066";"Force Doigts Crimp";"1";"37.0";"3";"";"";"";"";"Force Doigts"
"56";"2026-08-18 08:40:34";"Force Doigts";"4066";"Force Doigts Crimp";"2";"37.0";"3";"";"";"";"";"Force Doigts"
"56";"2026-08-18 08:40:34";"Force Doigts";"4066";"Force Doigts Crimp";"3";"37.0";"4";"";"";"";"";"Force Doigts"
"56";"2026-08-18 08:40:34";"Force Doigts";"4066";"Force Doigts Crimp";"1";"38.0";"5";"";"";"";"";"Force Doigts"
"56";"2026-08-18 08:40:34";"Force Doigts";"4066";"Force Doigts Crimp";"2";"38.0";"5";"";"";"";"";"Force Doigts"
"56";"2026-08-18 08:40:34";"Force Doigts";"4066";"Force Doigts Crimp";"3";"38.0";"5";"";"";"";"";"Force Doigts"
"56";"2026-08-18 08:40:34";"Force Doigts";"4066";"Force Doigts 3 finger drag";"1";"25.0";"7";"";"";"";"";"Force Doigts"
"56";"2026-08-18 08:40:34";"Force Doigts";"4066";"Force Doigts 3 finger drag";"2";"30.0";"4";"";"";"";"";"Force Doigts"
"56";"2026-08-18 08:40:34";"Force Doigts";"4066";"Force Doigts 3 finger drag";"3";"30.0";"3";"";"";"";"";"Force Doigts"
"56";"2026-08-18 08:40:34";"Force Doigts";"4066";"Force Doigts 3 finger drag";"4";"30.0";"4";"";"";"";"";"Force Doigts"
"56";"2026-08-18 08:40:34";"Force Doigts";"4066";"Force Doigts 3 finger drag";"1";"25.0";"7";"";"";"";"";"Force Doigts"
"56";"2026-08-18 08:40:34";"Force Doigts";"4066";"Force Doigts 3 finger drag";"2";"30.0";"6";"";"";"";"";"Force Doigts"
"56";"2026-08-18 08:40:34";"Force Doigts";"4066";"Force Doigts 3 finger drag";"3";"30.0";"6";"";"";"";"";"Force Doigts"
"56";"2026-08-18 08:40:34";"Force Doigts";"4066";"Force Doigts 3 finger drag";"4";"30.0";"6";"";"";"";"";"Force Doigts"
"56";"2026-08-18 08:40:34";"Force Doigts";"4066";"Force Doigts Pinch";"1";"15.0";"7";"";"";"";"";"Force Doigts"
"56";"2026-08-18 08:40:34";"Force Doigts";"4066";"Force Doigts Pinch";"2";"20.0";"5";"";"";"";"";"Force Doigts"
"56";"2026-08-18 08:40:34";"Force Doigts";"4066";"Force Doigts Pinch";"3";"20.0";"5";"";"";"";"";"Force Doigts"
"56";"2026-08-18 08:40:34";"Force Doigts";"4066";"Force Doigts Pinch";"4";"20.0";"4";"";"";"";"";"Force Doigts"
"56";"2026-08-18 08:40:34";"Force Doigts";"4066";"Force Doigts Pinch";"1";"15.0";"7";"";"";"";"";"Force Doigts"
"56";"2026-08-18 08:40:34";"Force Doigts";"4066";"Force Doigts Pinch";"2";"20.0";"5";"";"";"";"";"Force Doigts"
"56";"2026-08-18 08:40:34";"Force Doigts";"4066";"Force Doigts Pinch";"3";"20.0";"5";"";"";"";"";"Force Doigts"
"56";"2026-08-18 08:40:34";"Force Doigts";"4066";"Force Doigts Pinch";"4";"20.0";"5";"";"";"";"";"Force Doigts"
"56";"2026-08-18 08:40:34";"Force Doigts";"4066";"Force Doigts Sloper";"1";"10.0";"6";"";"";"";"";"Force Doigts"
"56";"2026-08-18 08:40:34";"Force Doigts";"4066";"Force Doigts Sloper";"2";"15.0";"5";"";"";"";"";"Force Doigts"
"56";"2026-08-18 08:40:34";"Force Doigts";"4066";"Force Doigts Sloper";"3";"15.0";"5";"";"";"";"";"Force Doigts"
"56";"2026-08-18 08:40:34";"Force Doigts";"4066";"Force Doigts Sloper";"4";"15.0";"5";"";"";"";"";"Force Doigts"
"56";"2026-08-18 08:40:34";"Force Doigts";"4066";"Force Doigts Sloper";"1";"10.0";"6";"";"";"";"";"Force Doigts"
"56";"2026-08-18 08:40:34";"Force Doigts";"4066";"Force Doigts Sloper";"2";"15.0";"5";"";"";"";"";"Force Doigts"
"56";"2026-08-18 08:40:34";"Force Doigts";"4066";"Force Doigts Sloper";"3";"15.0";"5";"";"";"";"";"Force Doigts"
"56";"2026-08-18 08:40:34";"Force Doigts";"4066";"Force Doigts Sloper";"4";"15.0";"5";"";"";"";"";"Force Doigts"
"57";"2026-08-18 09:56:40";"Muscu";"2407";"Pull Up";"W";"0.0";"0";"";"";"";"";""
"57";"2026-08-18 09:56:40";"Muscu";"2407";"Pull Up";"1";"0.0";"5";"";"";"";"";""
"57";"2026-08-18 09:56:40";"Muscu";"2407";"Pull Up";"2";"0.0";"5";"";"";"";"";""
"57";"2026-08-18 09:56:40";"Muscu";"2407";"Pull Up";"3";"0.0";"5";"";"";"";"";""
"57";"2026-08-18 09:56:40";"Muscu";"2407";"Handstand Push Up";"Note";"";"";"";"";"";"Pike";""
"57";"2026-08-18 09:56:40";"Muscu";"2407";"Handstand Push Up";"1";"0.0";"5";"";"";"";"";""
"57";"2026-08-18 09:56:40";"Muscu";"2407";"Handstand Push Up";"2";"0.0";"5";"";"";"";"";""
"57";"2026-08-18 09:56:40";"Muscu";"2407";"Handstand Push Up";"3";"0.0";"5";"";"";"";"";""
"57";"2026-08-18 09:56:40";"Muscu";"2407";"Hanging Knee Raise";"1";"";"3";"";"";"";"";""
"57";"2026-08-18 09:56:40";"Muscu";"2407";"Hanging Knee Raise";"2";"";"3";"";"";"";"";""
"57";"2026-08-18 09:56:40";"Muscu";"2407";"Hanging Knee Raise";"3";"";"3";"";"";"";"";""
"57";"2026-08-18 09:56:40";"Muscu";"2407";"Push Up";"Note";"";"";"";"";"";"Archer bad form";""
"57";"2026-08-18 09:56:40";"Muscu";"2407";"Push Up";"1";"0.0";"4";"";"";"";"";""
"57";"2026-08-18 09:56:40";"Muscu";"2407";"Push Up";"2";"0.0";"4";"";"";"";"";""
"57";"2026-08-18 09:56:40";"Muscu";"2407";"Push Up";"3";"0.0";"4";"";"";"";"";""
"57";"2026-08-18 09:56:40";"Muscu";"2407";"Push Up";"Note";"";"";"";"";"";"Archer bad form";""
"57";"2026-08-18 09:56:40";"Muscu";"2407";"Push Up";"1";"0.0";"4";"";"";"";"";""
"57";"2026-08-18 09:56:40";"Muscu";"2407";"Push Up";"2";"0.0";"4";"";"";"";"";""
"57";"2026-08-18 09:56:40";"Muscu";"2407";"Push Up";"3";"0.0";"3";"";"";"";"";""
"57";"2026-08-18 09:56:40";"Muscu";"2407";"Chin Up";"1";"0.0";"5";"";"";"";"";""
"57";"2026-08-18 09:56:40";"Muscu";"2407";"Chin Up";"2";"0.0";"4";"";"";"";"";""
"57";"2026-08-18 09:56:40";"Muscu";"2407";"Knee Raise (Captain's Chair)";"1";"0.0";"10";"";"";"";"";""
"57";"2026-08-18 09:56:40";"Muscu";"2407";"Knee Raise (Captain's Chair)";"2";"0.0";"10";"";"";"";"";""
